Date,Close
2005-01-03,1.2078
2005-01-04,1.2212
2005-01-05,1.2244
2005-01-06,1.2352999
2005-01-07,1.2313
2005-01-10,1.2207
2005-01-11,1.2187999
2005-01-12,1.2014
2005-01-13,1.2021
2005-01-14,1.2133
2005-01-17,1.2184
2005-01-18,1.2239
2005-01-19,1.2288001
2005-01-20,1.2333
2005-01-21,1.2164
2005-01-24,1.2237999
2005-01-25,1.2349
2005-01-26,1.2329
2005-01-27,1.2374001
2005-01-28,1.238
2005-01-31,1.2402
2005-02-01,1.2318
2005-02-02,1.2376
2005-02-03,1.2404
2005-02-04,1.2492
2005-02-07,1.2551
2005-02-08,1.2487
2005-02-09,1.2474999
2005-02-10,1.242
2005-02-11,1.234
2005-02-14,1.234
2005-02-15,1.2309
2005-02-16,1.2366
2005-02-17,1.2284
2005-02-18,1.2348
2005-02-21,1.2339
2005-02-22,1.2259001
2005-02-23,1.2483
2005-02-24,1.2406
2005-02-25,1.24
2005-02-28,1.2343
2005-03-01,1.2408
2005-03-02,1.2381999
2005-03-03,1.2435
2005-03-04,1.2316
2005-03-07,1.2286
2005-03-08,1.2122
2005-03-09,1.2063
2005-03-10,1.2025
2005-03-11,1.2056
2005-03-14,1.2075
2005-03-15,1.2072999
2005-03-16,1.2028
2005-03-17,1.201
2005-03-18,1.2003
2005-03-21,1.2105
2005-03-22,1.2091
2005-03-23,1.2154
2005-03-24,1.2155
2005-03-25,1.2148
2005-03-28,1.2187001
2005-03-29,1.21
2005-03-30,1.2167
2005-03-31,1.2096
2005-04-01,1.2134
2005-04-04,1.2224
2005-04-05,1.2184
2005-04-06,1.2225
2005-04-07,1.2228
2005-04-08,1.23
2005-04-11,1.2334
2005-04-12,1.2377
2005-04-13,1.2376
2005-04-14,1.2424001
2005-04-15,1.2466
2005-04-18,1.2464
2005-04-19,1.2371
2005-04-20,1.2397
2005-04-21,1.2393
2005-04-22,1.2367001
2005-04-25,1.238
2005-04-26,1.2445
2005-04-27,1.2507
2005-04-28,1.2519
2005-04-29,1.2578
2005-05-02,1.2555
2005-05-03,1.2535
2005-05-04,1.2460999
2005-05-05,1.2453001
2005-05-06,1.2414
2005-05-09,1.2383
2005-05-10,1.2395999
2005-05-11,1.2473
2005-05-12,1.2517
2005-05-13,1.2632
2005-05-16,1.2685
2005-05-17,1.2643
2005-05-18,1.26
2005-05-19,1.2582999
2005-05-20,1.2645
2005-05-23,1.2582
2005-05-24,1.2609
2005-05-25,1.2635
2005-05-26,1.2661
2005-05-27,1.2553
2005-05-30,1.2558
2005-05-31,1.2537
2005-06-01,1.2474
2005-06-02,1.2473
2005-06-03,1.2471
2005-06-06,1.2433
2005-06-07,1.2463
2005-06-08,1.2513
2005-06-09,1.2561001
2005-06-10,1.2517999
2005-06-13,1.2557
2005-06-14,1.2522
2005-06-15,1.2371
2005-06-16,1.2356
2005-06-17,1.2302001
2005-06-20,1.235
2005-06-21,1.2323999
2005-06-22,1.2345001
2005-06-23,1.2337
2005-06-24,1.2307
2005-06-27,1.2302001
2005-06-28,1.2313
2005-06-29,1.228
2005-06-30,1.2247
2005-07-01,1.2414
2005-07-04,1.2388
2005-07-05,1.2424001
2005-07-06,1.2354
2005-07-07,1.2278
2005-07-08,1.2204
2005-07-11,1.2156
2005-07-12,1.2043
2005-07-13,1.2088
2005-07-14,1.2106
2005-07-15,1.2203
2005-07-18,1.2171
2005-07-19,1.2194999
2005-07-20,1.2222
2005-07-21,1.2167
2005-07-22,1.2154
2005-07-25,1.2179
2005-07-26,1.2308
2005-07-27,1.2354
2005-07-28,1.23
2005-07-29,1.2077
2005-08-01,1.2112
2005-08-02,1.2178
2005-08-03,1.2162
2005-08-04,1.212
2005-08-05,1.212
2005-08-08,1.2137001
2005-08-09,1.2133
2005-08-10,1.211
2005-08-11,1.2021
2005-08-12,1.1977
2005-08-15,1.1996
2005-08-16,1.1988
2005-08-17,1.2131
2005-08-18,1.2182
2005-08-19,1.2108999
2005-08-22,1.2015001
2005-08-23,1.1976
2005-08-24,1.1901
2005-08-25,1.1911
2005-08-26,1.1985
2005-08-29,1.1983
2005-08-30,1.1911
2005-08-31,1.1885999
2005-09-01,1.1829
2005-09-02,1.1911
2005-09-05,1.1904
2005-09-06,1.1894
2005-09-07,1.1883
2005-09-08,1.1805
2005-09-09,1.1774
2005-09-12,1.1872
2005-09-13,1.1822
2005-09-14,1.1806
2005-09-15,1.1849999
2005-09-16,1.1798
2005-09-19,1.1682
2005-09-20,1.1689
2005-09-22,1.1717
2005-09-23,1.1694
2005-09-26,1.1718
2005-09-27,1.1778001
2005-09-28,1.1734
2005-09-29,1.1719
2005-09-30,1.1628
2005-10-03,1.1662
2005-10-04,1.1723
2005-10-05,1.1819
2005-10-06,1.1804
2005-10-07,1.1739
2005-10-10,1.1751
2005-10-11,1.1759
2005-10-12,1.1711
2005-10-13,1.1816
2005-10-14,1.1847
2005-10-17,1.1796
2005-10-18,1.1762
2005-10-19,1.1756999
2005-10-20,1.1770999
2005-10-21,1.1888
2005-10-24,1.1869
2005-10-25,1.176
2005-10-26,1.1702
2005-10-27,1.1711
2005-10-28,1.177
2005-10-31,1.1821001
2005-11-01,1.1763
2005-11-02,1.1799001
2005-11-03,1.1812
2005-11-04,1.1847
2005-11-07,1.1869
2005-11-08,1.1865
2005-11-09,1.1864001
2005-11-10,1.1905
2005-11-11,1.1895
2005-11-14,1.194
2005-11-15,1.1926
2005-11-16,1.1928999
2005-11-17,1.188
2005-11-18,1.1882
2005-11-21,1.1825
2005-11-22,1.1738
2005-11-23,1.1717
2005-11-24,1.1715
2005-11-25,1.1717
2005-11-28,1.1677001
2005-11-29,1.169
2005-11-30,1.1661
2005-12-01,1.1645
2005-12-02,1.1594
2005-12-05,1.1569999
2005-12-06,1.1568
2005-12-07,1.1589
2005-12-08,1.1588
2005-12-09,1.1540999
2005-12-12,1.1504
2005-12-13,1.1495
2005-12-14,1.1515
2005-12-15,1.1579
2005-12-16,1.1597
2005-12-19,1.1695
2005-12-20,1.1726
2005-12-21,1.1664
2005-12-22,1.1667
2005-12-23,1.1644
2005-12-26,1.1677001
2005-12-27,1.1739
2005-12-28,1.1651
2005-12-29,1.1641001
2005-12-30,1.1616
2006-01-02,1.165
2006-01-03,1.1558
2006-01-04,1.1488
2006-01-05,1.1616
2006-01-06,1.1658
2006-01-09,1.1676
2006-01-10,1.1628
2006-01-11,1.1584001
2006-01-12,1.1609
2006-01-13,1.1587
2006-01-16,1.1573
2006-01-17,1.1617
2006-01-18,1.1727
2006-01-19,1.1632
2006-01-20,1.158
2006-01-23,1.1496
2006-01-24,1.1526999
2006-01-25,1.1513
2006-01-26,1.1489
2006-01-27,1.1495
2006-01-30,1.146
2006-01-31,1.1387
2006-02-01,1.1411
2006-02-02,1.1443
2006-02-03,1.1437
2006-02-06,1.1461999
2006-02-07,1.1531
2006-02-08,1.1501
2006-02-09,1.1464
2006-02-10,1.1648
2006-02-13,1.155
2006-02-14,1.1539
2006-02-15,1.1576
2006-02-16,1.1569999
2006-02-17,1.1486
2006-02-20,1.1472
2006-02-21,1.1473
2006-02-22,1.1485
2006-02-23,1.1529
2006-02-24,1.1488
2006-02-27,1.1397001
2006-02-28,1.1368999
2006-03-01,1.1353
2006-03-02,1.1321
2006-03-03,1.1336
2006-03-06,1.1397001
2006-03-07,1.1496
2006-03-08,1.1567
2006-03-09,1.1609
2006-03-10,1.1605999
2006-03-13,1.1576999
2006-03-14,1.1569999
2006-03-15,1.1545
2006-03-16,1.1529
2006-03-17,1.158
2006-03-20,1.1603
2006-03-21,1.1629
2006-03-22,1.1655
2006-03-23,1.1654
2006-03-24,1.1669
2006-03-27,1.1684
2006-03-28,1.1694
2006-03-29,1.1725
2006-03-30,1.1578
2006-03-31,1.1674
2006-04-03,1.1713001
2006-04-04,1.1633
2006-04-05,1.1618
2006-04-06,1.1531
2006-04-07,1.1473
2006-04-10,1.1482
2006-04-11,1.1438
2006-04-12,1.1483001
2006-04-13,1.1504
2006-04-14,1.1502
2006-04-17,1.1466
2006-04-18,1.1404999
2006-04-19,1.1352
2006-04-20,1.1399
2006-04-21,1.1371
2006-04-24,1.1367
2006-04-25,1.1314
2006-04-26,1.1274
2006-04-27,1.1231
2006-04-28,1.1166
2006-05-01,1.1144
2006-05-02,1.1077
2006-05-03,1.1089
2006-05-04,1.1087
2006-05-05,1.1047
2006-05-08,1.1122
2006-05-09,1.0991
2006-05-10,1.1021
2006-05-11,1.0999
2006-05-12,1.1102
2006-05-15,1.1136
2006-05-16,1.107
2006-05-17,1.1151
2006-05-18,1.1196001
2006-05-19,1.1174001
2006-05-22,1.1167001
2006-05-23,1.1248
2006-05-24,1.1198
2006-05-25,1.1075
2006-05-26,1.1068
2006-05-29,1.1052001
2006-05-30,1.0992
2006-05-31,1.1009001
2006-06-01,1.1025
2006-06-02,1.1011
2006-06-05,1.1054
2006-06-06,1.1131999
2006-06-07,1.112
2006-06-08,1.1215
2006-06-09,1.1069
2006-06-12,1.0991
2006-06-13,1.1134
2006-06-14,1.1135
2006-06-15,1.1112
2006-06-16,1.1253
2006-06-19,1.1204
2006-06-20,1.1176
2006-06-21,1.1076
2006-06-22,1.1178
2006-06-23,1.1201
2006-06-26,1.1233
2006-06-27,1.1228
2006-06-28,1.1233
2006-06-29,1.1093
2006-06-30,1.1147
2006-07-03,1.1116
2006-07-04,1.1087
2006-07-05,1.1121
2006-07-06,1.1125
2006-07-07,1.1114
2006-07-10,1.1228
2006-07-11,1.1316
2006-07-12,1.133
2006-07-13,1.1314
2006-07-14,1.1286
2006-07-17,1.1353
2006-07-18,1.1353
2006-07-19,1.1342
2006-07-20,1.1331
2006-07-21,1.1372
2006-07-24,1.1418999
2006-07-25,1.1403
2006-07-26,1.1361001
2006-07-27,1.136
2006-07-28,1.131
2006-07-31,1.1306
2006-08-01,1.1311001
2006-08-02,1.1262
2006-08-03,1.1248
2006-08-04,1.1253999
2006-08-07,1.1184
2006-08-08,1.1243
2006-08-09,1.1198
2006-08-10,1.1272
2006-08-11,1.1242
2006-08-14,1.1273
2006-08-15,1.1222
2006-08-16,1.1191
2006-08-17,1.1229
2006-08-18,1.1253999
2006-08-21,1.1183
2006-08-22,1.1148
2006-08-23,1.1124001
2006-08-24,1.1102
2006-08-25,1.1098
2006-08-28,1.1111
2006-08-29,1.1075
2006-08-30,1.1085
2006-08-31,1.1043
2006-09-01,1.1042
2006-09-04,1.1068
2006-09-05,1.1109999
2006-09-06,1.1055
2006-09-07,1.1101
2006-09-08,1.1185
2006-09-11,1.1215
2006-09-12,1.1197
2006-09-13,1.1196001
2006-09-14,1.1181
2006-09-15,1.1195
2006-09-18,1.1171
2006-09-19,1.1271
2006-09-20,1.128
2006-09-21,1.1188999
2006-09-22,1.1157
2006-09-25,1.1167001
2006-09-26,1.1131999
2006-09-27,1.1116
2006-09-28,1.1104
2006-09-29,1.1169
2006-10-02,1.1155
2006-10-03,1.1223
2006-10-04,1.126
2006-10-05,1.1256
2006-10-06,1.1251
2006-10-09,1.123
2006-10-10,1.1334
2006-10-11,1.1373
2006-10-12,1.1339999
2006-10-13,1.1395
2006-10-16,1.1363
2006-10-17,1.1401
2006-10-18,1.1354001
2006-10-19,1.1282001
2006-10-20,1.1249
2006-10-23,1.1284
2006-10-24,1.1266
2006-10-25,1.124
2006-10-26,1.1227
2006-10-27,1.1195
2006-10-30,1.1253999
2006-10-31,1.1217
2006-11-01,1.1324
2006-11-02,1.1332
2006-11-03,1.131
2006-11-06,1.1298
2006-11-07,1.1296999
2006-11-08,1.1289999
2006-11-09,1.1284
2006-11-10,1.1288
2006-11-13,1.1365
2006-11-14,1.1375
2006-11-15,1.1388
2006-11-16,1.1418999
2006-11-17,1.1458
2006-11-20,1.1461
2006-11-21,1.1459
2006-11-22,1.1421
2006-11-23,1.1421
2006-11-24,1.1342
2006-11-27,1.1328
2006-11-28,1.1298
2006-11-29,1.1388
2006-11-30,1.1417
2006-12-01,1.1447999
2006-12-04,1.1406
2006-12-05,1.1423
2006-12-06,1.1474
2006-12-07,1.1497999
2006-12-08,1.148
2006-12-11,1.1479
2006-12-12,1.1521
2006-12-13,1.1557
2006-12-14,1.1569
2006-12-15,1.1574
2006-12-18,1.1562999
2006-12-19,1.1513
2006-12-20,1.1476001
2006-12-21,1.155
2006-12-22,1.155
2006-12-25,1.1576999
2006-12-26,1.1616
2006-12-27,1.1617
2006-12-28,1.16
2006-12-29,1.1647
2007-01-01,1.1643
2007-01-02,1.1648
2007-01-03,1.1726
2007-01-04,1.1776
2007-01-05,1.1738
2007-01-08,1.1743
2007-01-09,1.1761
2007-01-10,1.1738
2007-01-11,1.178
2007-01-12,1.1697
2007-01-15,1.1684
2007-01-16,1.1762
2007-01-17,1.1723
2007-01-18,1.1738
2007-01-19,1.1734999
2007-01-22,1.181
2007-01-23,1.1808
2007-01-24,1.1788
2007-01-25,1.1832
2007-01-26,1.1801
2007-01-29,1.1823
2007-01-30,1.1791
2007-01-31,1.1752
2007-02-01,1.1791
2007-02-02,1.1834
2007-02-05,1.1811
2007-02-06,1.1819
2007-02-07,1.1846
2007-02-08,1.1828001
2007-02-09,1.1691
2007-02-12,1.1753
2007-02-13,1.1675
2007-02-14,1.1657
2007-02-15,1.163
2007-02-16,1.1631
2007-02-19,1.1643
2007-02-20,1.17
2007-02-21,1.1601501
2007-02-22,1.1617
2007-02-23,1.1593
2007-02-26,1.1601
2007-02-27,1.1673
2007-02-28,1.1701
2007-03-01,1.1727
2007-03-02,1.1765
2007-03-05,1.1803
2007-03-06,1.1758
2007-03-07,1.1777
2007-03-08,1.1795
2007-03-09,1.1720999
2007-03-12,1.171
2007-03-13,1.1733
2007-03-14,1.1756001
2007-03-15,1.1758
2007-03-16,1.1756001
2007-03-19,1.1767
2007-03-20,1.16
2007-03-21,1.1564
2007-03-22,1.1578
2007-03-23,1.1604
2007-03-26,1.1607
2007-03-27,1.1565
2007-03-28,1.15911
2007-03-29,1.1586
2007-03-30,1.1543
2007-04-02,1.1562001
2007-04-03,1.15855
2007-04-04,1.1587
2007-04-05,1.1509
2007-04-06,1.1506
2007-04-09,1.1525
2007-04-10,1.1471
2007-04-11,1.1396
2007-04-12,1.1346
2007-04-13,1.1375999
2007-04-16,1.13231
2007-04-17,1.1313
2007-04-18,1.1271
2007-04-19,1.1287
2007-04-20,1.1222
2007-04-23,1.1219
2007-04-24,1.1214
2007-04-25,1.1149
2007-04-26,1.1219
2007-04-27,1.115
2007-04-30,1.1095999
2007-05-01,1.1116
2007-05-02,1.10876
2007-05-03,1.10746
2007-05-04,1.1064
2007-05-07,1.102
2007-05-08,1.1056
2007-05-09,1.1059999
2007-05-10,1.1108
2007-05-11,1.1127
2007-05-14,1.1059999
2007-05-15,1.0980999
2007-05-16,1.1030999
2007-05-17,1.0992
2007-05-18,1.0892
2007-05-21,1.0851001
2007-05-22,1.0872999
2007-05-23,1.0832
2007-05-24,1.0843
2007-05-25,1.0791
2007-05-28,1.0799
2007-05-29,1.0735
2007-05-30,1.0739
2007-05-31,1.0700999
2007-06-01,1.0599
2007-06-04,1.0582
2007-06-05,1.0621001
2007-06-06,1.0582
2007-06-07,1.0634
2007-06-08,1.0617
2007-06-11,1.0597
2007-06-12,1.0667
2007-06-13,1.0671
2007-06-14,1.0676
2007-06-15,1.0676
2007-06-18,1.0707999
2007-06-19,1.0622
2007-06-20,1.0673
2007-06-21,1.0738
2007-06-22,1.0671
2007-06-25,1.0700999
2007-06-26,1.06995
2007-06-27,1.0698
2007-06-28,1.0591
2007-06-29,1.0645
2007-07-02,1.0551
2007-07-03,1.0603
2007-07-04,1.0573
2007-07-05,1.0563
2007-07-06,1.0476
2007-07-09,1.0487
2007-07-10,1.0555
2007-07-11,1.0548
2007-07-12,1.0454
2007-07-13,1.0470999
2007-07-16,1.0437
2007-07-17,1.04325
2007-07-18,1.0441
2007-07-19,1.0433
2007-07-20,1.04866
2007-07-23,1.04676
2007-07-24,1.0366
2007-07-25,1.0418
2007-07-26,1.0536
2007-07-27,1.0639
2007-07-30,1.06556
2007-07-31,1.0668
2007-08-01,1.056
2007-08-02,1.053
2007-08-03,1.0520999
2007-08-06,1.0517
2007-08-07,1.0551
2007-08-08,1.0484999
2007-08-09,1.05705
2007-08-10,1.0531
2007-08-13,1.0545
2007-08-14,1.0682
2007-08-15,1.08
2007-08-16,1.0728
2007-08-17,1.061
2007-08-20,1.0554
2007-08-21,1.0642
2007-08-22,1.0607001
2007-08-23,1.0546
2007-08-24,1.0520999
2007-08-27,1.0548
2007-08-28,1.0647
2007-08-29,1.0604
2007-08-30,1.0577
2007-08-31,1.0561
2007-09-03,1.0527
2007-09-04,1.0489
2007-09-05,1.0535001
2007-09-06,1.0515
2007-09-07,1.0544
2007-09-11,1.0424
2007-09-12,1.0365
2007-09-13,1.035
2007-09-14,1.029
2007-09-17,1.0278
2007-09-18,1.0140001
2007-09-19,1.01432
2007-09-20,1.0008
2007-09-21,1.0006
2007-09-24,1.0025001
2007-09-25,1.0041
2007-09-26,1.0042
2007-09-27,1.0017999
2007-09-28,0.99580002
2007-10-01,0.99190003
2007-10-02,0.99860001
2007-10-03,0.99860001
2007-10-04,0.99690002
2007-10-05,0.9817
2007-10-08,0.98650002
2007-10-09,0.98250002
2007-10-10,0.98140001
2007-10-11,0.97589999
2007-10-12,0.9734
2007-10-15,0.97530001
2007-10-16,0.97899997
2007-10-17,0.97430003
2007-10-18,0.97399998
2007-10-19,0.96319997
2007-10-22,0.97799999
2007-10-23,0.96679997
2007-10-24,0.9691
2007-10-25,0.96609998
2007-10-26,0.96200001
2007-10-29,0.9533
2007-10-30,0.95340002
2007-10-31,0.94669998
2007-11-01,0.95050001
2007-11-02,0.93440002
2007-11-05,0.93290001
2007-11-06,0.91869998
2007-11-07,0.93330002
2007-11-08,0.93480003
2007-11-09,0.9386
2007-11-12,0.96920002
2007-11-13,0.95740002
2007-11-14,0.96539998
2007-11-15,0.98519999
2007-11-16,0.97229999
2007-11-19,0.98379999
2007-11-20,0.98159999
2007-11-21,0.98720002
2007-11-22,0.98509997
2007-11-23,0.9892
2007-11-27,0.9957
2007-11-28,0.98659998
2007-11-29,0.99680001
2007-11-30,1.0003999
2007-12-03,0.99970001
2007-12-04,1.0121
2007-12-05,1.0115
2007-12-06,1.0082999
2007-12-07,1.0051
2007-12-10,1.006
2007-12-11,1.0118999
2007-12-12,1.0113
2007-12-13,1.0194
2007-12-14,1.0132
2007-12-17,1.0053999
2007-12-19,1.002
2007-12-20,1.0002
2007-12-21,0.99419999
2007-12-24,0.98500001
2007-12-25,0.98559999
2007-12-26,0.98000002
2007-12-27,0.98049998
2007-12-28,0.97820002
2007-12-31,0.99760002
2008-01-01,0.9932
2008-01-02,0.99440002
2008-01-03,0.98879999
2008-01-04,0.99879998
2008-01-07,1.0055
2008-01-08,1.0048
2008-01-09,1.0096
2008-01-10,1.0086
2008-01-11,1.0195
2008-01-14,1.0174
2008-01-15,1.018
2008-01-16,1.0226001
2008-01-17,1.0297
2008-01-18,1.0272
2008-01-21,1.0358
2008-01-22,1.0274
2008-01-23,1.0236
2008-01-24,1.0043
2008-01-25,1.0041
2008-01-28,1.0046
2008-01-29,0.99830002
2008-01-30,0.995
2008-01-31,1.0013
2008-02-01,0.99360001
2008-02-04,0.9939
2008-02-05,1.008
2008-02-06,1.007
2008-02-07,1.0092
2008-02-08,0.99879998
2008-02-11,1.0022
2008-02-12,1.0006
2008-02-13,0.99790001
2008-02-14,0.99989998
2008-02-15,1.0072
2008-02-18,1.0075001
2008-02-19,1.0154001
2008-02-20,1.0123
2008-02-21,1.0113
2008-02-22,1.0148
2008-02-25,0.99529999
2008-02-26,0.9817
2008-02-27,0.9813
2008-02-28,0.97600001
2008-02-29,0.98699999
2008-03-03,0.98890001
2008-03-04,0.99400002
2008-03-05,0.98500001
2008-03-06,0.98460001
2008-03-07,0.98909998
2008-03-10,0.99599999
2008-03-11,0.99150002
2008-03-12,0.99019998
2008-03-13,0.98430002
2008-03-14,0.98729998
2008-03-17,0.9946
2008-03-18,0.98989999
2008-03-19,1.0116
2008-03-20,1.0226001
2008-03-21,1.0282
2008-03-24,1.0185
2008-03-25,1.0184
2008-03-26,1.018
2008-03-27,1.0161
2008-03-28,1.0191
2008-03-31,1.0253
2008-04-02,1.0147001
2008-04-03,1.0045
2008-04-04,1.0085
2008-04-07,1.0125
2008-04-08,1.0142
2008-04-09,1.0187
2008-04-10,1.0182
2008-04-11,1.021
2008-04-14,1.0194
2008-04-15,1.0174
2008-04-16,1.0001
2008-04-17,1.0102
2008-04-18,1.0036
2008-04-21,1.0056
2008-04-22,1.0068001
2008-04-23,1.0164
2008-04-24,1.0140001
2008-04-25,1.0161
2008-04-28,1.0125
2008-04-29,1.0122
2008-04-30,1.008
2008-05-02,1.0177
2008-05-05,1.0129
2008-05-06,1.0024
2008-05-07,1.0086
2008-05-08,1.0165
2008-05-09,1.0057
2008-05-12,1.0052
2008-05-13,1.0037
2008-05-14,1.0041
2008-05-15,0.99959999
2008-05-16,1
2008-05-19,0.99180001
2008-05-20,0.99220002
2008-05-21,0.98379999
2008-05-22,0.98439997
2008-05-23,0.98799998
2008-05-26,0.9914
2008-05-27,0.99370003
2008-05-28,0.9892
2008-05-29,0.98869997
2008-05-30,0.99339998
2008-06-02,1.0010999
2008-06-03,1.0082
2008-06-04,1.0168
2008-06-05,1.0174
2008-06-06,1.0182
2008-06-09,1.0224
2008-06-10,1.0222
2008-06-11,1.0195
2008-06-12,1.023
2008-06-13,1.0295
2008-06-16,1.0236
2008-06-17,1.0173
2008-06-18,1.0172
2008-06-19,1.0149
2008-06-20,1.0167
2008-06-23,1.0154001
2008-06-24,1.0118001
2008-06-25,1.0096
2008-06-26,1.013
2008-06-27,1.0118999
2008-06-30,1.0193
2008-07-02,1.0122
2008-07-03,1.0177
2008-07-04,1.015
2008-07-07,1.0181
2008-07-08,1.018
2008-07-09,1.0113
2008-07-10,1.0082999
2008-07-11,1.008
2008-07-14,1.0065
2008-07-15,1.0014
2008-07-16,1.0014
2008-07-17,1.005
2008-07-18,1.0064
2008-07-21,1.0014
2008-07-22,1.0075001
2008-07-23,1.0108
2008-07-24,1.0142
2008-07-25,1.0183001
2008-07-28,1.0218
2008-07-29,1.0236
2008-07-30,1.023
2008-07-31,1.0232
2008-08-01,1.0246
2008-08-04,1.0364
2008-08-05,1.0426
2008-08-06,1.0475
2008-08-07,1.052
2008-08-08,1.0673
2008-08-11,1.0689
2008-08-12,1.0664001
2008-08-13,1.0622
2008-08-14,1.0654
2008-08-15,1.0605
2008-08-18,1.0642
2008-08-19,1.0602
2008-08-20,1.0595
2008-08-21,1.0443
2008-08-22,1.0453
2008-08-25,1.051
2008-08-26,1.0479
2008-08-27,1.0467
2008-08-28,1.0508
2008-08-29,1.0678
2008-09-01,1.0681
2008-09-02,1.0675
2008-09-03,1.062
2008-09-04,1.0694
2008-09-05,1.0637
2008-09-08,1.0651
2008-09-09,1.0698
2008-09-10,1.0727
2008-09-11,1.0748
2008-09-12,1.0604
2008-09-15,1.0682
2008-09-16,1.0704
2008-09-17,1.0698
2008-09-18,1.0613
2008-09-19,1.0459
2008-09-22,1.0344
2008-09-23,1.0352
2008-09-24,1.0381
2008-09-25,1.0329
2008-09-26,1.0345
2008-09-29,1.0479
2008-09-30,1.0633
2008-10-01,1.0632
2008-10-02,1.0788
2008-10-03,1.0781
2008-10-06,1.1006
2008-10-07,1.1045001
2008-10-08,1.1266
2008-10-09,1.1478
2008-10-10,1.1767
2008-10-13,1.1456
2008-10-14,1.1627001
2008-10-15,1.192
2008-10-16,1.1802
2008-10-17,1.1817
2008-10-20,1.1938
2008-10-21,1.2118
2008-10-22,1.2562
2008-10-23,1.247
2008-10-24,1.2721
2008-10-27,1.2968
2008-10-28,1.2682
2008-10-29,1.2222
2008-10-30,1.2043999
2008-10-31,1.2052
2008-11-03,1.1802
2008-11-04,1.1524
2008-11-05,1.1679
2008-11-06,1.1971999
2008-11-07,1.1827
2008-11-10,1.1936001
2008-11-11,1.2079999
2008-11-12,1.2376
2008-11-13,1.2122
2008-11-14,1.2352
2008-11-17,1.2279
2008-11-18,1.2311
2008-11-19,1.2528
2008-11-20,1.2941999
2008-11-21,1.2704
2008-11-24,1.2336
2008-11-25,1.2259001
2008-11-26,1.229
2008-11-27,1.2335
2008-11-28,1.2356
2008-12-01,1.2465
2008-12-02,1.2498
2008-12-03,1.2539001
2008-12-04,1.2749
2008-12-05,1.2704
2008-12-08,1.2532001
2008-12-09,1.2598
2008-12-10,1.2568001
2008-12-11,1.2359999
2008-12-12,1.2444
2008-12-15,1.2345001
2008-12-16,1.2054
2008-12-17,1.1916
2008-12-18,1.2032
2008-12-19,1.2127
2008-12-22,1.2189
2008-12-23,1.2179
2008-12-24,1.2117
2008-12-25,1.2154
2008-12-26,1.2163
2008-12-29,1.2187001
2008-12-30,1.2122
2008-12-31,1.2158999
2009-01-01,1.2218
2009-01-02,1.2094001
2009-01-05,1.188
2009-01-06,1.1841
2009-01-07,1.1962
2009-01-08,1.1812
2009-01-09,1.1914999
2009-01-12,1.2161
2009-01-13,1.2230999
2009-01-14,1.2455
2009-01-15,1.2516
2009-01-16,1.2415
2009-01-19,1.2533
2009-01-20,1.2654999
2009-01-21,1.26
2009-01-22,1.2524
2009-01-23,1.2292
2009-01-26,1.2229
2009-01-27,1.2251
2009-01-28,1.2135
2009-01-29,1.2244
2009-01-30,1.2266001
2009-02-02,1.2454
2009-02-03,1.2327
2009-02-04,1.2309999
2009-02-05,1.2309
2009-02-06,1.2192
2009-02-09,1.2204
2009-02-10,1.2412
2009-02-11,1.2410001
2009-02-12,1.2428
2009-02-13,1.2372
2009-02-16,1.2418
2009-02-17,1.2640001
2009-02-18,1.2598
2009-02-19,1.2563
2009-02-20,1.252
2009-02-23,1.251
2009-02-24,1.2402
2009-02-25,1.2548
2009-02-26,1.2533
2009-02-27,1.2747999
2009-03-02,1.2905
2009-03-03,1.2934
2009-03-04,1.276
2009-03-05,1.2875
2009-03-06,1.2859
2009-03-09,1.2982
2009-03-10,1.2817
2009-03-11,1.2895
2009-03-12,1.2794
2009-03-13,1.2688
2009-03-16,1.2709
2009-03-17,1.2689
2009-03-18,1.247
2009-03-19,1.2405
2009-03-20,1.2410001
2009-03-23,1.2235
2009-03-24,1.228
2009-03-25,1.2295001
2009-03-26,1.2299
2009-03-27,1.2397
2009-03-30,1.262
2009-03-31,1.262
2009-04-01,1.2579
2009-04-02,1.2373
2009-04-03,1.2304
2009-04-06,1.2392
2009-04-07,1.2362
2009-04-08,1.2372
2009-04-09,1.2243
2009-04-10,1.2261
2009-04-13,1.2208
2009-04-14,1.2135
2009-04-15,1.2038
2009-04-16,1.2089
2009-04-17,1.2107
2009-04-20,1.237
2009-04-21,1.2368
2009-04-22,1.2384
2009-04-23,1.2239
2009-04-24,1.21
2009-04-27,1.2187999
2009-04-28,1.2203
2009-04-29,1.2035
2009-04-30,1.1938
2009-05-01,1.1852
2009-05-04,1.1723
2009-05-05,1.1743
2009-05-06,1.1663001
2009-05-07,1.1703
2009-05-08,1.1507
2009-05-11,1.1646
2009-05-12,1.1605
2009-05-13,1.1746
2009-05-14,1.1702
2009-05-15,1.1717
2009-05-18,1.1622
2009-05-19,1.155
2009-05-20,1.1406
2009-05-21,1.1363
2009-05-22,1.1207
2009-05-25,1.1242
2009-05-26,1.1154
2009-05-27,1.1210001
2009-05-28,1.1148
2009-05-29,1.091
2009-06-01,1.0906
2009-06-02,1.0821
2009-06-03,1.1101
2009-06-04,1.0983
2009-06-05,1.1188
2009-06-08,1.1159
2009-06-09,1.1049
2009-06-10,1.109
2009-06-11,1.1019
2009-06-12,1.1176
2009-06-15,1.1319
2009-06-16,1.1351
2009-06-17,1.1319
2009-06-18,1.1312
2009-06-19,1.1346
2009-06-22,1.1524
2009-06-23,1.1505001
2009-06-24,1.155
2009-06-25,1.1552
2009-06-26,1.1526999
2009-06-29,1.1561
2009-06-30,1.1621
2009-07-01,1.149
2009-07-02,1.1634001
2009-07-03,1.161
2009-07-06,1.1603
2009-07-07,1.1662
2009-07-08,1.1665
2009-07-09,1.161
2009-07-10,1.1633
2009-07-13,1.1506
2009-07-14,1.1337
2009-07-15,1.1158
2009-07-16,1.1177
2009-07-17,1.1131001
2009-07-20,1.1073
2009-07-21,1.1062
2009-07-22,1.1003
2009-07-23,1.0889
2009-07-24,1.0877
2009-07-27,1.0803
2009-07-28,1.0826
2009-07-29,1.091
2009-07-30,1.0841
2009-07-31,1.0785
2009-08-03,1.066
2009-08-04,1.0700001
2009-08-05,1.0706
2009-08-06,1.0769
2009-08-07,1.0786
2009-08-10,1.0884
2009-08-11,1.0998
2009-08-12,1.0893
2009-08-13,1.0872
2009-08-14,1.0984
2009-08-17,1.1063
2009-08-18,1.1002001
2009-08-19,1.0939
2009-08-20,1.0880001
2009-08-21,1.082
2009-08-24,1.0774
2009-08-25,1.0872
2009-08-26,1.0976
2009-08-27,1.0868
2009-08-28,1.0898
2009-08-31,1.094
2009-09-01,1.1038001
2009-09-02,1.1042
2009-09-03,1.1022
2009-09-04,1.0853
2009-09-07,1.0783
2009-09-08,1.0778
2009-09-09,1.079
2009-09-10,1.0776
2009-09-11,1.0775
2009-09-14,1.0821
2009-09-15,1.0726
2009-09-16,1.0666
2009-09-17,1.0657001
2009-09-18,1.0719
2009-09-21,1.0778
2009-09-22,1.0678
2009-09-23,1.0750999
2009-09-24,1.0906
2009-09-25,1.0915
2009-09-28,1.0855
2009-09-29,1.0838
2009-09-30,1.0685
2009-10-01,1.0844001
2009-10-02,1.0842
2009-10-05,1.0695
2009-10-06,1.0591
2009-10-07,1.0595
2009-10-08,1.0527
2009-10-09,1.0419
2009-10-12,1.0325
2009-10-13,1.0322
2009-10-14,1.0233001
2009-10-15,1.0309
2009-10-16,1.0375
2009-10-19,1.0288
2009-10-20,1.0488
2009-10-21,1.0437
2009-10-22,1.0458
2009-10-23,1.0527
2009-10-26,1.0687
2009-10-27,1.0642
2009-10-28,1.0804
2009-10-29,1.0675
2009-10-30,1.0846
2009-11-02,1.0776
2009-11-03,1.0664001
2009-11-04,1.0627
2009-11-05,1.0650001
2009-11-06,1.0733
2009-11-09,1.0549001
2009-11-10,1.0498
2009-11-11,1.0445
2009-11-12,1.0548
2009-11-13,1.0513
2009-11-16,1.0467
2009-11-17,1.051
2009-11-18,1.0554
2009-11-19,1.0625
2009-11-20,1.0702
2009-11-23,1.0567
2009-11-24,1.0579
2009-11-25,1.046
2009-11-26,1.0607001
2009-11-27,1.0615
2009-11-30,1.0538
2009-12-01,1.0463001
2009-12-02,1.0495
2009-12-03,1.0558
2009-12-04,1.0575
2009-12-07,1.0495
2009-12-08,1.0644
2009-12-09,1.0545
2009-12-10,1.0513
2009-12-11,1.0599
2009-12-14,1.059
2009-12-15,1.0604
2009-12-16,1.0621001
2009-12-17,1.0700999
2009-12-18,1.0662
2009-12-21,1.0615
2009-12-22,1.0571001
2009-12-23,1.0487
2009-12-24,1.05
2009-12-25,1.049
2009-12-28,1.043
2009-12-29,1.0439
2009-12-30,1.0547
2009-12-31,1.0522
2010-01-01,1.0512
2010-01-04,1.041
2010-01-05,1.0395
2010-01-06,1.0319
2010-01-07,1.034
2010-01-08,1.0298001
2010-01-11,1.0338
2010-01-12,1.0391999
2010-01-13,1.0308
2010-01-14,1.0233999
2010-01-15,1.029
2010-01-18,1.0247999
2010-01-19,1.0317
2010-01-20,1.0452
2010-01-21,1.0506001
2010-01-22,1.0574
2010-01-25,1.0569
2010-01-26,1.0621001
2010-01-27,1.0635999
2010-01-28,1.0661
2010-01-29,1.0700001
2010-02-01,1.0617
2010-02-02,1.05718
2010-02-03,1.0618
2010-02-04,1.072
2010-02-05,1.0709
2010-02-08,1.07458
2010-02-09,1.0671999
2010-02-10,1.062
2010-02-11,1.0502
2010-02-12,1.05045
2010-02-15,1.04916
2010-02-16,1.0434
2010-02-17,1.0462
2010-02-18,1.05031
2010-02-19,1.0391999
2010-02-22,1.0422
2010-02-23,1.0549999
2010-02-24,1.0527
2010-02-25,1.0609
2010-02-26,1.0515
2010-03-01,1.0414
2010-03-02,1.03451
2010-03-03,1.0318
2010-03-04,1.0312001
2010-03-05,1.0288
2010-03-08,1.0279
2010-03-09,1.0268
2010-03-10,1.0254
2010-03-11,1.0235
2010-03-12,1.0189
2010-03-15,1.0189
2010-03-16,1.0132999
2010-03-17,1.0102
2010-03-18,1.0136
2010-03-19,1.0165
2010-03-22,1.0168101
2010-03-23,1.01643
2010-03-24,1.0235
2010-03-25,1.02369
2010-03-26,1.02626
2010-03-29,1.02131
2010-03-30,1.0189
2010-03-31,1.0156
2010-04-01,1.0082999
2010-04-02,1.0102
2010-04-05,1.0019
2010-04-06,1.0009
2010-04-07,1.0043
2010-04-08,1.0014
2010-04-09,1.0023
2010-04-12,1.0027
2010-04-13,1.0014
2010-04-14,0.99830002
2010-04-15,1.0019
2010-04-16,1.0127
2010-04-19,1.0144
2010-04-20,0.99790001
2010-04-21,0.99900001
2010-04-22,1.0016
2010-04-23,0.99900001
2010-04-26,1.0002
2010-04-27,1.0157
2010-04-28,1.0101
2010-04-29,1.0039999
2010-04-30,1.018
2010-05-03,1.0108
2010-05-04,1.0247
2010-05-05,1.0305001
2010-05-06,1.0515
2010-05-07,1.0424
2010-05-10,1.0244
2010-05-11,1.0214
2010-05-12,1.0187
2010-05-13,1.0213
2010-05-14,1.0352
2010-05-17,1.0329
2010-05-18,1.04065
2010-05-19,1.04356
2010-05-20,1.0713
2010-05-21,1.0581
2010-05-24,1.0626
2010-05-25,1.0677
2010-05-26,1.0700001
2010-05-27,1.0499001
2010-05-28,1.054
2010-05-31,1.0431
2010-06-01,1.0538
2010-06-02,1.0388
2010-06-03,1.0403
2010-06-04,1.0615
2010-06-07,1.05946
2010-06-08,1.04812
2010-06-09,1.0434999
2010-06-10,1.031
2010-06-11,1.0324
2010-06-14,1.03313
2010-06-15,1.0256
2010-06-16,1.0251
2010-06-17,1.0287
2010-06-18,1.0214
2010-06-21,1.0233001
2010-06-22,1.0281
2010-06-23,1.039
2010-06-24,1.0425
2010-06-25,1.0349
2010-06-28,1.0365
2010-06-29,1.0539
2010-06-30,1.0626
2010-07-01,1.0586801
2010-07-02,1.0622
2010-07-05,1.0649
2010-07-06,1.0538
2010-07-07,1.0479
2010-07-08,1.0431
2010-07-09,1.0334001
2010-07-12,1.0362999
2010-07-13,1.031
2010-07-14,1.03285
2010-07-15,1.0381401
2010-07-16,1.0569
2010-07-19,1.0551
2010-07-20,1.0436
2010-07-21,1.04776
2010-07-22,1.03617
2010-07-23,1.0358
2010-07-26,1.0318
2010-07-27,1.0352
2010-07-28,1.03789
2010-07-29,1.035
2010-07-30,1.0292
2010-08-02,1.0226001
2010-08-03,1.0236599
2010-08-04,1.0236
2010-08-05,1.0178
2010-08-06,1.0168
2010-08-09,1.02817
2010-08-10,1.027
2010-08-11,1.0304
2010-08-12,1.0476
2010-08-13,1.0416
2010-08-16,1.04099
2010-08-17,1.04348
2010-08-18,1.03239
2010-08-19,1.02748
2010-08-20,1.0395
2010-08-23,1.0487
2010-08-24,1.05291
2010-08-25,1.05999
2010-08-26,1.05958
2010-08-27,1.0578901
2010-08-30,1.04877
2010-08-31,1.05999
2010-09-01,1.06431
2010-09-02,1.051
2010-09-03,1.05252
2010-09-06,1.039
2010-09-07,1.0355999
2010-09-08,1.0479
2010-09-09,1.0369999
2010-09-10,1.0334001
2010-09-13,1.0321
2010-09-14,1.0283
2010-09-15,1.0269001
2010-09-16,1.0252
2010-09-17,1.0262001
2010-09-20,1.0322
2010-09-21,1.0298001
2010-09-22,1.0261
2010-09-23,1.0304
2010-09-24,1.034
2010-09-27,1.02434
2010-09-28,1.03
2010-09-29,1.03003
2010-09-30,1.0318
2010-10-01,1.0309
2010-10-04,1.0201
2010-10-05,1.02267
2010-10-06,1.0158
2010-10-07,1.0111001
2010-10-08,1.0178
2010-10-11,1.00975
2010-10-12,1.0129
2010-10-13,1.0103
2010-10-14,1.0031
2010-10-15,1.0043
2010-10-18,1.0129
2010-10-19,1.01713
2010-10-20,1.033
2010-10-21,1.0223
2010-10-22,1.0259
2010-10-25,1.0267
2010-10-26,1.0194
2010-10-27,1.0236
2010-10-28,1.0280401
2010-10-29,1.0280401
2010-11-01,1.0181
2010-11-02,1.0127
2010-11-03,1.0088
2010-11-04,1.0084
2010-11-05,1.00243
2010-11-08,0.99980003
2010-11-09,1.0043
2010-11-10,1.0069
2010-11-11,1.0002
2010-11-12,1.0042
2010-11-15,1.0104001
2010-11-16,1.0096999
2010-11-17,1.0218
2010-11-18,1.0231
2010-11-19,1.0183001
2010-11-22,1.016
2010-11-23,1.01926
2010-11-24,1.0215
2010-11-25,1.0096
2010-11-26,1.0087
2010-11-29,1.0188
2010-11-30,1.0193
2010-12-01,1.0255001
2010-12-02,1.0179
2010-12-03,1.0033
2010-12-06,1.00263
2010-12-07,1.0056
2010-12-08,1.0108
2010-12-09,1.0106
2010-12-10,1.0103
2010-12-13,1.0102
2010-12-14,1.0075001
2010-12-15,1.00612
2010-12-16,1.0039001
2010-12-17,1.0056
2010-12-20,1.0122
2010-12-21,1.0178
2010-12-22,1.0175
2010-12-23,1.0125
2010-12-24,1.0094
2010-12-27,1.01
2010-12-28,1.00571
2010-12-29,1.00209
2010-12-30,0.99980003
2010-12-31,0.99959999
2011-01-03,0.99269998
2011-01-04,0.99238998
2011-01-05,0.99699998
2011-01-06,0.99650002
2011-01-07,0.9975
2011-01-10,0.99180001
2011-01-11,0.99260002
2011-01-12,0.98917001
2011-01-13,0.98640001
2011-01-14,0.98903
2011-01-17,0.98743999
2011-01-18,0.98720002
2011-01-19,0.9921
2011-01-20,0.99527001
2011-01-21,0.99690002
2011-01-24,0.99339998
2011-01-25,0.99346
2011-01-26,0.99680001
2011-01-27,0.99449003
2011-01-28,0.99519998
2011-01-31,1.0023
2011-02-01,0.99989998
2011-02-02,0.99019998
2011-02-03,0.98750001
2011-02-04,0.99080002
2011-02-07,0.98750001
2011-02-08,0.99010003
2011-02-09,0.99519998
2011-02-10,0.99399
2011-02-11,0.99580002
2011-02-14,0.98699999
2011-02-15,0.98949999
2011-02-16,0.98940998
2011-02-17,0.98439997
2011-02-18,0.98390001
2011-02-21,0.98508
2011-02-22,0.98259997
2011-02-23,0.9896
2011-02-24,0.98841
2011-02-25,0.98203999
2011-02-28,0.97759998
2011-03-01,0.97110999
2011-03-02,0.97443998
2011-03-03,0.97280002
2011-03-04,0.97259998
2011-03-07,0.97175002
2011-03-08,0.97307998
2011-03-09,0.97079998
2011-03-10,0.96855998
2011-03-11,0.97490001
2011-03-14,0.97378999
2011-03-15,0.97399998
2011-03-16,0.98360002
2011-03-17,0.99239999
2011-03-18,0.98421001
2011-03-21,0.98354
2011-03-22,0.97860003
2011-03-23,0.98180002
2011-03-24,0.98052001
2011-03-25,0.97640002
2011-03-28,0.98119998
2011-03-29,0.97799999
2011-03-30,0.97421002
2011-03-31,0.97149998
2011-04-01,0.96969998
2011-04-04,0.963
2011-04-05,0.9666
2011-04-06,0.96350002
2011-04-07,0.95990002
2011-04-08,0.95889997
2011-04-11,0.95587999
2011-04-12,0.95590001
2011-04-13,0.96210003
2011-04-14,0.96259999
2011-04-18,0.95999998
2011-04-19,0.9641
2011-04-20,0.95560002
2011-04-21,0.95291001
2011-04-22,0.95289999
2011-04-25,0.95308
2011-04-26,0.95389998
2011-04-27,0.95050001
2011-04-28,0.9508
2011-04-29,0.95020002
2011-05-02,0.94542998
2011-05-03,0.95120001
2011-05-04,0.95249999
2011-05-05,0.958
2011-05-06,0.96605998
2011-05-09,0.9641
2011-05-10,0.96340001
2011-05-11,0.95657003
2011-05-12,0.95990002
2011-05-13,0.96309
2011-05-16,0.96920002
2011-05-17,0.97469997
2011-05-18,0.97149998
2011-05-19,0.96939999
2011-05-20,0.96670002
2011-05-23,0.97500002
2011-05-24,0.97750002
2011-05-25,0.97640002
2011-05-26,0.9774
2011-05-27,0.97909999
2011-05-30,0.977
2011-05-31,0.97666001
2011-06-01,0.96740001
2011-06-02,0.97680002
2011-06-03,0.97500002
2011-06-06,0.97659999
2011-06-07,0.97979999
2011-06-08,0.97400999
2011-06-09,0.97920001
2011-06-10,0.9734
2011-06-13,0.97960001
2011-06-14,0.97631001
2011-06-15,0.96850002
2011-06-16,0.97824001
2011-06-17,0.98140001
2011-06-20,0.98070002
2011-06-21,0.97921997
2011-06-22,0.97228003
2011-06-23,0.97387999
2011-06-24,0.9777
2011-06-27,0.98890001
2011-06-28,0.98540002
2011-06-29,0.9817
2011-06-30,0.96740001
2011-07-01,0.96380001
2011-07-04,0.95859998
2011-07-05,0.9594
2011-07-06,0.96270001
2011-07-07,0.96469998
2011-07-08,0.95819998
2011-07-11,0.96262002
2011-07-12,0.96820003
2011-07-13,0.96579999
2011-07-14,0.95670003
2011-07-15,0.95950001
2011-07-18,0.95389998
2011-07-19,0.9594
2011-07-20,0.94999999
2011-07-21,0.94639999
2011-07-22,0.94376999
2011-07-25,0.94910002
2011-07-26,0.94682997
2011-07-27,0.94319999
2011-07-28,0.94888002
2011-07-29,0.94959998
2011-08-01,0.95410001
2011-08-02,0.95529002
2011-08-03,0.96149999
2011-08-04,0.96109998
2011-08-05,0.98070002
2011-08-08,0.98570001
2011-08-09,0.99221998
2011-08-10,0.98009998
2011-08-11,0.99529999
2011-08-12,0.98559999
2011-08-15,0.98860002
2011-08-16,0.98140001
2011-08-17,0.98280001
2011-08-18,0.98000002
2011-08-19,0.99058002
2011-08-22,0.991
2011-08-23,0.99040002
2011-08-24,0.98790002
2011-08-25,0.98750001
2011-08-26,0.98809999
2011-08-29,0.98141003
2011-08-30,0.97610003
2011-08-31,0.97860003
2011-09-01,0.97799999
2011-09-02,0.97600001
2011-09-05,0.98699999
2011-09-06,0.99119997
2011-09-07,0.98979998
2011-09-08,0.98408002
2011-09-09,0.98817003
2011-09-12,0.99779999
2011-09-13,0.99260002
2011-09-14,0.98559999
2011-09-15,0.98988003
2011-09-16,0.98479998
2011-09-19,0.9817
2011-09-20,0.99360001
2011-09-21,0.99331999
2011-09-22,1.00574
2011-09-23,1.028
2011-09-26,1.0273
2011-09-27,1.0255001
2011-09-28,1.01999
2011-09-29,1.0341001
2011-09-30,1.0373
2011-10-03,1.05
2011-10-04,1.0532
2011-10-05,1.05398
2011-10-06,1.04193
2011-10-07,1.0376
2011-10-10,1.0378
2011-10-11,1.0266
2011-10-12,1.02794
2011-10-13,1.0178
2011-10-14,1.0233001
2011-10-17,1.0094
2011-10-18,1.0224
2011-10-19,1.0151401
2011-10-20,1.01859
2011-10-21,1.0161999
2011-10-24,1.0093
2011-10-25,1.0033
2011-10-26,1.0165
2011-10-27,1.0039999
2011-10-28,0.9921
2011-10-31,0.99370003
2011-11-01,0.9989
2011-11-02,1.0206
2011-11-03,1.01809
2011-11-04,1.00792
2011-11-07,1.0166
2011-11-08,1.0137
2011-11-09,1.0093
2011-11-10,1.0238
2011-11-11,1.01633
2011-11-14,1.0094
2011-11-15,1.01674
2011-11-16,1.0226001
2011-11-17,1.0252
2011-11-18,1.0293
2011-11-21,1.0276999
2011-11-22,1.03931
2011-11-23,1.03784
2011-11-24,1.04791
2011-11-25,1.0477
2011-11-28,1.0410399
2011-11-29,1.0348001
2011-11-30,1.03212
2011-12-01,1.018
2011-12-02,1.01423
2011-12-05,1.0171
2011-12-06,1.0168999
2011-12-07,1.00904
2011-12-08,1.00945
2011-12-09,1.0223
2011-12-12,1.0184
2011-12-13,1.0276
2011-12-14,1.0344
2011-12-15,1.0388
2011-12-16,1.0333
2011-12-19,1.0384001
2011-12-20,1.0378
2011-12-21,1.0285
2011-12-22,1.0273
2011-12-23,1.021
2011-12-26,1.0204
2011-12-27,1.0204999
2011-12-28,1.0194
2011-12-29,1.0253
2011-12-30,1.0203
2012-01-02,1.0209
2012-01-03,1.0174
2012-01-04,1.0111001
2012-01-05,1.0134
2012-01-06,1.0196
2012-01-09,1.0290999
2012-01-10,1.0224
2012-01-11,1.0167
2012-01-12,1.0182
2012-01-13,1.018
2012-01-16,1.0243
2012-01-17,1.0176001
2012-01-18,1.0148
2012-01-19,1.0115
2012-01-20,1.0115
2012-01-23,1.015
2012-01-24,1.00739
2012-01-25,1.0089999
2012-01-26,1.0044
2012-01-27,1.0024
2012-01-30,1.0014
2012-01-31,1.0024
2012-02-01,1.00298
2012-02-02,0.9975
2012-02-03,0.99940002
2012-02-06,0.99349999
2012-02-07,0.99620003
2012-02-08,0.99506003
2012-02-09,0.99629998
2012-02-10,0.99519998
2012-02-13,1.0001
2012-02-14,1.0009
2012-02-15,0.99849999
2012-02-16,1.0003
2012-02-17,0.99669999
2012-02-20,0.9914
2012-02-21,0.99489999
2012-02-22,0.99659997
2012-02-23,0.99989998
2012-02-24,0.99720001
2012-02-27,0.99959999
2012-02-28,0.99809998
2012-02-29,0.99370003
2012-03-01,0.98839998
2012-03-02,0.98525
2012-03-05,0.98940003
2012-03-06,0.99379998
2012-03-07,1.0010999
2012-03-08,0.9982
2012-03-09,0.9903
2012-03-12,0.9903
2012-03-13,0.9914
2012-03-14,0.98820001
2012-03-15,0.99370003
2012-03-16,0.99220002
2012-03-19,0.99094999
2012-03-20,0.98760003
2012-03-21,0.991
2012-03-22,0.99190003
2012-03-23,0.99870002
2012-03-26,0.9964
2012-03-27,0.99129999
2012-03-28,0.99550003
2012-03-29,0.99769998
2012-03-30,0.9964
2012-04-02,0.99610001
2012-04-03,0.99000001
2012-04-04,0.99089998
2012-04-05,0.99629998
2012-04-06,0.99309999
2012-04-09,0.99739999
2012-04-10,0.99650002
2012-04-11,1.0048
2012-04-12,1.0033
2012-04-13,0.99470001
2012-04-16,0.99895
2012-04-17,0.99970001
2012-04-18,0.98890001
2012-04-19,0.99080002
2012-04-20,0.99440002
2012-04-23,0.99309999
2012-04-24,0.991
2012-04-25,0.9867
2012-04-26,0.98250002
2012-04-27,0.98580003
2012-04-30,0.98089999
2012-05-01,0.98778999
2012-05-02,0.98549998
2012-05-03,0.98659998
2012-05-04,0.9878
2012-05-07,0.99809998
2012-05-08,0.99233001
2012-05-09,0.99949998
2012-05-10,1.0019
2012-05-11,1.0029
2012-05-14,1.0002
2012-05-15,1.0022
2012-05-16,1.0069
2012-05-17,1.0117
2012-05-18,1.0187
2012-05-21,1.0211999
2012-05-22,1.0175
2012-05-23,1.0219001
2012-05-24,1.0261
2012-05-25,1.0264
2012-05-28,1.0256
2012-05-29,1.0254
2012-05-30,1.0238
2012-05-31,1.0301
2012-06-01,1.033
2012-06-04,1.04369
2012-06-05,1.0379
2012-06-06,1.03679
2012-06-07,1.0285
2012-06-08,1.0272
2012-06-11,1.0215
2012-06-12,1.0307
2012-06-13,1.0263
2012-06-14,1.0283
2012-06-15,1.02315
2012-06-18,1.02033
2012-06-19,1.0221
2012-06-20,1.0178
2012-06-21,1.0196
2012-06-22,1.0286
2012-06-25,1.0266
2012-06-26,1.02871
2012-06-27,1.0240999
2012-06-28,1.02499
2012-06-29,1.0334001
2012-07-02,1.0179
2012-07-03,1.0168999
2012-07-04,1.012
2012-07-05,1.0132999
2012-07-06,1.0142
2012-07-09,1.0196
2012-07-10,1.01916
2012-07-11,1.0223
2012-07-12,1.0191
2012-07-13,1.0197999
2012-07-16,1.0139
2012-07-17,1.0149
2012-07-18,1.0118001
2012-07-19,1.0098
2012-07-20,1.0075999
2012-07-23,1.0142
2012-07-24,1.018
2012-07-25,1.0224299
2012-07-26,1.0157
2012-07-27,1.0096999
2012-07-30,1.0042
2012-07-31,1.00135
2012-08-01,1.0032001
2012-08-02,1.00472
2012-08-03,1.00705
2012-08-06,1.0005701
2012-08-07,1.0006
2012-08-08,0.99743998
2012-08-09,0.995
2012-08-10,0.99128002
2012-08-13,0.99147999
2012-08-14,0.99260002
2012-08-15,0.99193001
2012-08-16,0.98930001
2012-08-17,0.98650002
2012-08-20,0.98839998
2012-08-21,0.9885
2012-08-22,0.98964
2012-08-23,0.99049997
2012-08-24,0.99396002
2012-08-27,0.99207997
2012-08-28,0.99031001
2012-08-29,0.98790002
2012-08-30,0.98949999
2012-08-31,0.99260002
2012-09-03,0.986
2012-09-04,0.98610997
2012-09-05,0.98659998
2012-09-06,0.99045998
2012-09-07,0.98280001
2012-09-10,0.97829998
2012-09-11,0.97689003
2012-09-12,0.9734
2012-09-13,0.97610003
2012-09-14,0.96827
2012-09-17,0.97158998
2012-09-18,0.9745
2012-09-19,0.97469997
2012-09-20,0.97500002
2012-09-21,0.97610003
2012-09-24,0.97759998
2012-09-25,0.97795999
2012-09-26,0.98079997
2012-09-27,0.9842
2012-09-28,0.98070002
2012-10-01,0.9842
2012-10-02,0.98189998
2012-10-03,0.98409998
2012-10-04,0.98649001
2012-10-05,0.98032999
2012-10-08,0.97724003
2012-10-09,0.97553003
2012-10-10,0.97939003
2012-10-11,0.98189998
2012-10-12,0.97785002
2012-10-15,0.98044002
2012-10-16,0.98088998
2012-10-17,0.98570001
2012-10-18,0.97820002
2012-10-19,0.98470002
2012-10-22,0.99421
2012-10-23,0.99199998
2012-10-24,0.99260002
2012-10-25,0.99409997
2012-10-26,0.99488997
2012-10-29,0.99919999
2012-10-30,1.0007
2012-10-31,0.99950999
2012-11-01,1
2012-11-02,0.99629998
2012-11-05,0.99559999
2012-11-06,0.9957
2012-11-07,0.99190003
2012-11-08,0.99650002
2012-11-09,1.00019
2012-11-12,1
2012-11-13,0.99992001
2012-11-14,1.00172
2012-11-15,1.0039099
2012-11-16,1.00067
2012-11-19,1.00024
2012-11-20,0.99690002
2012-11-21,0.99642998
2012-11-22,0.99572998
2012-11-23,0.99763
2012-11-26,0.99361002
2012-11-27,0.99268001
2012-11-28,0.99419999
2012-11-29,0.99190003
2012-11-30,0.99299997
2012-12-03,0.99360001
2012-12-05,0.99316001
2012-12-06,0.99180001
2012-12-07,0.99138999
2012-12-10,0.98689997
2012-12-11,0.98640001
2012-12-12,0.986
2012-12-13,0.98460001
2012-12-14,0.98422998
2012-12-17,0.98574001
2012-12-18,0.98370999
2012-12-19,0.986
2012-12-20,0.98869997
2012-12-21,0.98750001
2012-12-24,0.99370003
2012-12-25,0.99260002
2012-12-26,0.99119997
2012-12-27,0.99381
2012-12-28,0.99470001
2012-12-31,0.99440002
2013-01-01,0.99199998
2013-01-02,0.9939
2013-01-03,0.98559999
2013-01-04,0.98839998
2013-01-07,0.98598999
2013-01-08,0.98559999
2013-01-09,0.98650002
2013-01-10,0.98760998
2013-01-11,0.98322999
2013-01-14,0.98449999
2013-01-15,0.98373002
2013-01-16,0.98390001
2013-01-17,0.98610002
2013-01-18,0.98580003
2013-01-21,0.99198997
2013-01-22,0.99269998
2013-01-23,0.99180001
2013-01-24,0.99970001
2013-01-25,1.0023
2013-01-28,1.0078
2013-01-29,1.0059
2013-01-30,1.0013
2013-01-31,1.0022
2013-02-01,0.99669999
2013-02-04,0.99680001
2013-02-05,0.99769998
2013-02-06,0.99541998
2013-02-07,0.99550003
2013-02-08,0.99769998
2013-02-11,1.00362
2013-02-12,1.00526
2013-02-13,1.00157
2013-02-14,1.00167
2013-02-15,1.0009
2013-02-18,1.0073
2013-02-19,1.0105
2013-02-20,1.0117
2013-02-21,1.0168999
2013-02-22,1.0175
2013-02-25,1.0221
2013-02-26,1.0256
2013-02-27,1.0255001
2013-02-28,1.02345
2013-03-01,1.0306
2013-03-04,1.02707
2013-03-05,1.0265501
2013-03-06,1.02665
2013-03-07,1.0322
2013-03-08,1.0294
2013-03-11,1.0282
2013-03-12,1.0264
2013-03-13,1.0259
2013-03-14,1.02791
2013-03-15,1.0221
2013-03-18,1.0231301
2013-03-19,1.0222
2013-03-20,1.02687
2013-03-21,1.0256
2013-03-22,1.0243
2013-03-25,1.0222
2013-03-26,1.0215
2013-03-27,1.0165
2013-03-28,1.0161
2013-03-29,1.0159
2013-04-01,1.01705
2013-04-02,1.01656
2013-04-03,1.01424
2013-04-04,1.01415
2013-04-05,1.01298
2013-04-08,1.01692
2013-04-09,1.0166
2013-04-10,1.01603
2013-04-11,1.01469
2013-04-12,1.0101
2013-04-15,1.01476
2013-04-16,1.02303
2013-04-17,1.0218
2013-04-18,1.0261
2013-04-19,1.02557
2013-04-22,1.0256
2013-04-23,1.0255001
2013-04-24,1.02703
2013-04-25,1.02526
2013-04-26,1.0201499
2013-04-29,1.0163701
2013-04-30,1.0117
2013-05-01,1.0067101
2013-05-02,1.0072
2013-05-03,1.0107
2013-05-06,1.00817
2013-05-07,1.0067
2013-05-08,1.005
2013-05-09,1.0027
2013-05-10,1.00696
2013-05-13,1.0121
2013-05-14,1.0102
2013-05-15,1.0182
2013-05-16,1.0154999
2013-05-17,1.0185
2013-05-20,1.0281
2013-05-21,1.0245
2013-05-22,1.0263
2013-05-23,1.03766
2013-05-24,1.0318
2013-05-27,1.03187
2013-05-28,1.0344501
2013-05-29,1.0405999
2013-05-30,1.0347
2013-05-31,1.0302
2013-06-03,1.0357
2013-06-04,1.0283
2013-06-05,1.0348001
2013-06-06,1.0342
2013-06-07,1.0275
2013-06-10,1.02147
2013-06-11,1.0194
2013-06-12,1.0183901
2013-06-13,1.0206
2013-06-14,1.0157
2013-06-17,1.01648
2013-06-18,1.0187
2013-06-19,1.0217
2013-06-20,1.0276999
2013-06-21,1.0374
2013-06-24,1.048
2013-06-25,1.0498
2013-06-26,1.05151
2013-06-27,1.04673
2013-06-28,1.0477999
2013-07-01,1.05132
2013-07-02,1.0498
2013-07-03,1.0548
2013-07-04,1.0503
2013-07-05,1.0523
2013-07-08,1.0572701
2013-07-09,1.0556999
2013-07-10,1.053
2013-07-11,1.0382
2013-07-12,1.03741
2013-07-15,1.0391999
2013-07-16,1.04347
2013-07-17,1.0378
2013-07-18,1.04089
2013-07-19,1.0379
2013-07-22,1.0353
2013-07-23,1.0335
2013-07-24,1.029
2013-07-25,1.03192
2013-07-26,1.0286
2013-07-29,1.02703
2013-07-30,1.0262001
2013-07-31,1.03012
2013-08-01,1.0283999
2013-08-02,1.0347
2013-08-05,1.0387501
2013-08-06,1.03572
2013-08-07,1.0372
2013-08-08,1.0420901
2013-08-09,1.0326999
2013-08-12,1.0283
2013-08-13,1.0312099
2013-08-14,1.03448
2013-08-15,1.03317
2013-08-16,1.03019
2013-08-19,1.03319
2013-08-20,1.0345
2013-08-21,1.0395
2013-08-22,1.0483
2013-08-23,1.0516599
2013-08-26,1.0503
2013-08-27,1.04994
2013-08-28,1.04905
2013-08-29,1.04921
2013-08-30,1.0539
2013-09-02,1.05357
2013-09-03,1.05513
2013-09-04,1.05348
2013-09-05,1.0496
2013-09-06,1.05
2013-09-09,1.0413001
2013-09-10,1.0372
2013-09-11,1.0353
2013-09-12,1.03087
2013-09-13,1.03229
2013-09-16,1.03099
2013-09-17,1.03187
2013-09-18,1.0295
2013-09-19,1.02231
2013-09-20,1.02658
2013-09-23,1.02979
2013-09-24,1.0283
2013-09-25,1.0305901
2013-09-26,1.03198
2013-09-27,1.0311
2013-09-30,1.0312001
2013-10-01,1.03237
2013-10-02,1.0337501
2013-10-03,1.03245
2013-10-04,1.03277
2013-10-07,1.02988
2013-10-09,1.0355
2013-10-10,1.0392801
2013-10-11,1.04093
2013-10-14,1.03641
2013-10-15,1.0351
2013-10-16,1.03725
2013-10-17,1.0328
2013-10-18,1.0299
2013-10-21,1.02946
2013-10-22,1.03062
2013-10-23,1.029
2013-10-24,1.0379
2013-10-25,1.04171
2013-10-28,1.0441
2013-10-29,1.0443799
2013-10-30,1.0469
2013-10-31,1.0477999
2013-11-01,1.0429
2013-11-04,1.04161
2013-11-05,1.04197
2013-11-06,1.045
2013-11-07,1.0419199
2013-11-08,1.04524
2013-11-11,1.04847
2013-11-12,1.0469199
2013-11-13,1.04909
2013-11-14,1.04468
2013-11-15,1.04681
2013-11-18,1.04382
2013-11-19,1.04328
2013-11-20,1.04545
2013-11-21,1.0454
2013-11-22,1.05178
2013-11-25,1.0545
2013-11-26,1.05295
2013-11-27,1.05423
2013-11-28,1.05913
2013-11-29,1.0585001
2013-12-02,1.0621901
2013-12-03,1.0642
2013-12-04,1.0639
2013-12-05,1.06765
2013-12-06,1.0647
2013-12-09,1.06542
2013-12-10,1.06353
2013-12-11,1.06048
2013-12-12,1.05917
2013-12-13,1.06419
2013-12-16,1.05881
2013-12-17,1.0592999
2013-12-18,1.06016
2013-12-19,1.07147
2013-12-20,1.0671099
2013-12-23,1.0642101
2013-12-24,1.06152
2013-12-25,1.06306
2013-12-26,1.06347
2013-12-27,1.0648
2013-12-30,1.0707
2013-12-31,1.0645
2014-01-01,1.0619299
2014-01-02,1.06445
2014-01-03,1.06691
2014-01-06,1.06305
2014-01-07,1.06609
2014-01-08,1.0773
2014-01-09,1.08223
2014-01-10,1.08448
2014-01-13,1.09041
2014-01-14,1.0882
2014-01-15,1.09472
2014-01-16,1.09482
2014-01-17,1.0932
2014-01-20,1.0965
2014-01-21,1.09524
2014-01-22,1.0968
2014-01-23,1.1102
2014-01-24,1.11129
2014-01-27,1.1062
2014-01-28,1.11146
2014-01-29,1.1145999
2014-01-30,1.1181
2014-01-31,1.11559
2014-02-03,1.1122299
2014-02-04,1.1107
2014-02-05,1.1083
2014-02-06,1.1077501
2014-02-07,1.10689
2014-02-10,1.10369
2014-02-11,1.1056
2014-02-12,1.10084
2014-02-13,1.09939
2014-02-14,1.09773
2014-02-17,1.0973001
2014-02-18,1.0956
2014-02-19,1.09514
2014-02-20,1.107
2014-02-21,1.11037
2014-02-24,1.1112
2014-02-25,1.10588
2014-02-26,1.10839
2014-02-27,1.1136
2014-02-28,1.1123
2014-03-03,1.10624
2014-03-04,1.10796
2014-03-05,1.1088001
2014-03-06,1.10282
2014-03-07,1.09857
2014-03-10,1.10884
2014-03-11,1.11143
2014-03-12,1.11086
2014-03-13,1.11167
2014-03-14,1.10773
2014-03-17,1.10947
2014-03-18,1.1058
2014-03-19,1.11278
2014-03-20,1.12455
2014-03-21,1.1241
2014-03-24,1.12257
2014-03-25,1.1197
2014-03-26,1.1165
2014-03-27,1.1098599
2014-03-28,1.10296
2014-03-31,1.105
2014-04-01,1.1052001
2014-04-02,1.1028
2014-04-03,1.1029
2014-04-04,1.1034
2014-04-07,1.09799
2014-04-08,1.09755
2014-04-09,1.0929
2014-04-10,1.0880001
2014-04-11,1.09334
2014-04-14,1.09762
2014-04-15,1.0968
2014-04-16,1.0984401
2014-04-17,1.1009001
2014-04-18,1.10071
2014-04-21,1.10208
2014-04-22,1.1018
2014-04-23,1.10263
2014-04-24,1.10305
2014-04-25,1.1021
2014-04-28,1.1034
2014-04-29,1.10241
2014-04-30,1.0951999
2014-05-01,1.0965
2014-05-02,1.09633
2014-05-05,1.0976
2014-05-06,1.09582
2014-05-07,1.0889
2014-05-08,1.0898
2014-05-09,1.08302
2014-05-12,1.0898
2014-05-13,1.0898
2014-05-14,1.0906
2014-05-15,1.0887001
2014-05-16,1.0876
2014-05-19,1.08639
2014-05-20,1.08719
2014-05-21,1.09084
2014-05-22,1.09138
2014-05-23,1.0893
2014-05-26,1.0869
2014-05-27,1.0856
2014-05-28,1.0854
2014-05-29,1.0869
2014-05-30,1.08376
2014-06-02,1.0843
2014-06-03,1.09022
2014-06-04,1.0915999
2014-06-05,1.0941
2014-06-06,1.09208
2014-06-09,1.09253
2014-06-10,1.0906
2014-06-11,1.08982
2014-06-12,1.08682
2014-06-13,1.08551
2014-06-16,1.0856
2014-06-17,1.08491
2014-06-18,1.0862
2014-06-19,1.0835
2014-06-20,1.0817
2014-06-23,1.0752
2014-06-24,1.07303
2014-06-25,1.0743001
2014-06-26,1.07219
2014-06-27,1.06915
2014-06-30,1.06655
2014-07-01,1.0671
2014-07-02,1.06338
2014-07-03,1.06666
2014-07-04,1.06365
2014-07-07,1.0650001
2014-07-08,1.0682
2014-07-09,1.06723
2014-07-10,1.06494
2014-07-11,1.0648299
2014-07-14,1.0727299
2014-07-15,1.0714999
2014-07-16,1.07592
2014-07-17,1.07368
2014-07-18,1.07614
2014-07-21,1.07393
2014-07-22,1.07376
2014-07-23,1.0738
2014-07-24,1.07304
2014-07-25,1.0743999
2014-07-28,1.08105
2014-07-29,1.0798
2014-07-30,1.08503
2014-07-31,1.0907
2014-08-01,1.09053
2014-08-04,1.09216
2014-08-05,1.0905401
2014-08-06,1.09621
2014-08-07,1.09164
2014-08-08,1.09313
2014-08-11,1.0968
2014-08-12,1.0927401
2014-08-13,1.0924799
2014-08-14,1.09138
2014-08-15,1.09061
2014-08-18,1.0892299
2014-08-19,1.08903
2014-08-20,1.09401
2014-08-21,1.0967
2014-08-22,1.09456
2014-08-25,1.09689
2014-08-26,1.0993
2014-08-27,1.095
2014-08-28,1.08675
2014-08-29,1.0855
2014-09-01,1.08761
2014-09-02,1.0869
2014-09-03,1.0930001
2014-09-04,1.0888
2014-09-05,1.0884
2014-09-08,1.08855
2014-09-09,1.0980999
2014-09-10,1.09744
2014-09-11,1.0948
2014-09-12,1.10361
2014-09-15,1.1087199
2014-09-16,1.10496
2014-09-17,1.0973001
2014-09-18,1.10086
2014-09-19,1.09419
2014-09-22,1.09455
2014-09-23,1.10387
2014-09-24,1.107
2014-09-25,1.1075
2014-09-26,1.1104
2014-09-29,1.1164
2014-09-30,1.11596
2014-10-01,1.12058
2014-10-02,1.115
2014-10-03,1.1156
2014-10-06,1.12597
2014-10-07,1.11445
2014-10-08,1.1158
2014-10-09,1.1102999
2014-10-10,1.11826
2014-10-13,1.11875
2014-10-14,1.1205
2014-10-15,1.1315
2014-10-16,1.12641
2014-10-17,1.1260999
2014-10-20,1.1288
2014-10-21,1.1292
2014-10-22,1.1228
2014-10-23,1.125
2014-10-24,1.1223
2014-10-27,1.1238
2014-10-28,1.1248
2014-10-29,1.1168
2014-10-30,1.1191
2014-10-31,1.1194
2014-11-03,1.1287
2014-11-04,1.1357599
2014-11-05,1.13929
2014-11-06,1.13942
2014-11-07,1.14263
2014-11-10,1.13276
2014-11-11,1.13695
2014-11-12,1.1334
2014-11-13,1.13225
2014-11-14,1.1381
2014-11-17,1.12907
2014-11-18,1.1295
2014-11-19,1.13218
2014-11-20,1.1349
2014-11-21,1.1309
2014-11-24,1.1230201
2014-11-25,1.1289001
2014-11-26,1.1248
2014-11-27,1.12519
2014-11-28,1.1339
2014-12-01,1.14539
2014-12-02,1.132
2014-12-03,1.14
2014-12-04,1.13624
2014-12-05,1.1387
2014-12-08,1.1445
2014-12-09,1.14811
2014-12-10,1.1439
2014-12-11,1.1467
2014-12-12,1.15283
2014-12-15,1.15642
2014-12-16,1.16538
2014-12-17,1.1632
2014-12-18,1.1636
2014-12-19,1.1583
2014-12-22,1.1612999
2014-12-23,1.16425
2014-12-24,1.1618
2014-12-25,1.16201
2014-12-26,1.1618
2014-12-29,1.16311
2014-12-30,1.16413
2014-12-31,1.16048
2015-01-01,1.16146
2015-01-02,1.1614
2015-01-05,1.1793
2015-01-06,1.1756999
2015-01-07,1.1837
2015-01-08,1.18185
2015-01-09,1.18274
2015-01-12,1.18443
2015-01-13,1.1968
2015-01-14,1.1954499
2015-01-15,1.1947
2015-01-16,1.1957999
2015-01-19,1.1970299
2015-01-20,1.1955
2015-01-21,1.21131
2015-01-22,1.23438
2015-01-23,1.23822
2015-01-26,1.2457
2015-01-27,1.24793
2015-01-28,1.2394
2015-01-29,1.2522
2015-01-30,1.2612
2015-02-02,1.26881
2015-02-03,1.2582999
2015-02-04,1.2441
2015-02-05,1.2577
2015-02-06,1.2435
2015-02-09,1.2517
2015-02-10,1.24739
2015-02-11,1.2584
2015-02-12,1.2617
2015-02-13,1.2509201
2015-02-16,1.24542
2015-02-17,1.24746
2015-02-18,1.23908
2015-02-19,1.2455
2015-02-20,1.24903
2015-02-23,1.2532901
2015-02-24,1.2573
2015-02-25,1.2496001
2015-02-26,1.24312
2015-02-27,1.2503
2015-03-02,1.2514499
2015-03-03,1.2539001
2015-03-04,1.2483
2015-03-05,1.24244
2015-03-06,1.24822
2015-03-09,1.2603
2015-03-10,1.2621
2015-03-11,1.26746
2015-03-12,1.27389
2015-03-13,1.26908
2015-03-16,1.28166
2015-03-17,1.27732
2015-03-18,1.2787
2015-03-19,1.25527
2015-03-20,1.2701
2015-03-23,1.25807
2015-03-24,1.2521
2015-03-25,1.2509
2015-03-26,1.2527
2015-03-27,1.2479399
2015-03-30,1.2608
2015-03-31,1.2673301
2015-04-01,1.2688
2015-04-02,1.26104
2015-04-03,1.25617
2015-04-06,1.2474999
2015-04-07,1.24745
2015-04-08,1.2503999
2015-04-09,1.25415
2015-04-10,1.25771
2015-04-13,1.25695
2015-04-14,1.2592
2015-04-15,1.2483701
2015-04-16,1.2304
2015-04-17,1.22014
2015-04-20,1.2210701
2015-04-21,1.2223001
2015-04-22,1.22665
2015-04-23,1.2242
2015-04-24,1.21469
2015-04-27,1.21694
2015-04-28,1.2093
2015-04-29,1.2036999
2015-04-30,1.20184
2015-05-01,1.2078
2015-05-04,1.2162
2015-05-05,1.20925
2015-05-06,1.20706
2015-05-07,1.2038
2015-05-08,1.2108001
2015-05-11,1.20904
2015-05-12,1.20936
2015-05-13,1.2003
2015-05-14,1.1954
2015-05-15,1.1983
2015-05-18,1.20118
2015-05-19,1.2145
2015-05-20,1.22291
2015-05-21,1.2206399
2015-05-22,1.2196
2015-05-25,1.2295001
2015-05-26,1.23193
2015-05-27,1.24244
2015-05-28,1.2454
2015-05-29,1.24251
2015-06-01,1.24561
2015-06-02,1.25244
2015-06-03,1.24137
2015-06-04,1.2456
2015-06-05,1.2494
2015-06-08,1.2457
2015-06-09,1.2410001
2015-06-10,1.234
2015-06-11,1.2273999
2015-06-12,1.2293
2015-06-15,1.23147
2015-06-16,1.2316
2015-06-17,1.22954
2015-06-18,1.2229
2015-06-19,1.2228
2015-06-22,1.2273999
2015-06-23,1.2313499
2015-06-24,1.23232
2015-06-25,1.2384
2015-06-26,1.23321
2015-06-29,1.2351
2015-06-30,1.24119
2015-07-01,1.2477
2015-07-02,1.25911
2015-07-03,1.2544
2015-07-06,1.26141
2015-07-07,1.2659301
2015-07-08,1.27168
2015-07-09,1.2729
2015-07-10,1.27096
2015-07-13,1.2696
2015-07-14,1.2751
2015-07-15,1.2737
2015-07-16,1.2927001
2015-07-17,1.29681
2015-07-20,1.2987
2015-07-21,1.29957
2015-07-22,1.2943
2015-07-23,1.30408
2015-07-24,1.30185
2015-07-27,1.3041
2015-07-28,1.30378
2015-07-29,1.29287
2015-07-30,1.29477
2015-07-31,1.30056
2015-08-03,1.3121001
2015-08-04,1.31581
2015-08-05,1.3192
2015-08-06,1.3169
2015-08-07,1.3113199
2015-08-10,1.3145
2015-08-11,1.30112
2015-08-12,1.3099999
2015-08-13,1.2977
2015-08-14,1.3065
2015-08-17,1.31003
2015-08-18,1.3095
2015-08-19,1.3059
2015-08-20,1.3124
2015-08-21,1.30766
2015-08-24,1.3219
2015-08-25,1.3285
2015-08-26,1.3346
2015-08-27,1.33
2015-08-28,1.319
2015-08-31,1.3238
2015-09-01,1.3142999
2015-09-02,1.3253
2015-09-03,1.3265001
2015-09-04,1.3188
2015-09-07,1.3276
2015-09-08,1.32972
2015-09-09,1.3200001
2015-09-10,1.3279099
2015-09-11,1.32341
2015-09-14,1.3247401
2015-09-15,1.3250999
2015-09-16,1.3243999
2015-09-17,1.3168
2015-09-18,1.3175
2015-09-21,1.3219
2015-09-22,1.3249
2015-09-23,1.3273
2015-09-24,1.3325
2015-09-25,1.3339
2015-09-28,1.3334
2015-09-29,1.3397
2015-09-30,1.3419
2015-10-01,1.3317
2015-10-02,1.3245699
2015-10-05,1.3167
2015-10-06,1.3083
2015-10-07,1.3044
2015-10-08,1.30651
2015-10-09,1.29985
2015-10-12,1.295
2015-10-13,1.3011
2015-10-14,1.3018
2015-10-15,1.2920001
2015-10-16,1.2853
2015-10-19,1.29169
2015-10-20,1.302
2015-10-21,1.29856
2015-10-22,1.31335
2015-10-23,1.3106
2015-10-26,1.31722
2015-10-27,1.3156
2015-10-28,1.327
2015-10-29,1.3191
2015-10-30,1.3159
2015-11-02,1.30726
2015-11-03,1.3092999
2015-11-04,1.30644
2015-11-05,1.31549
2015-11-06,1.3162
2015-11-09,1.3296
2015-11-10,1.3265899
2015-11-11,1.32618
2015-11-12,1.3253
2015-11-13,1.3282
2015-11-16,1.332
2015-11-17,1.3329999
2015-11-18,1.33176
2015-11-19,1.3299
2015-11-20,1.32954
2015-11-23,1.33562
2015-11-24,1.33603
2015-11-25,1.3303
2015-11-26,1.32972
2015-11-27,1.32944
2015-11-30,1.3367
2015-12-01,1.33488
2015-12-02,1.336
2015-12-03,1.33479
2015-12-04,1.33469
2015-12-07,1.3388
2015-12-08,1.35084
2015-12-09,1.35794
2015-12-10,1.3566999
2015-12-11,1.3633
2015-12-14,1.3736
2015-12-15,1.37269
2015-12-16,1.37284
2015-12-17,1.3789999
2015-12-18,1.3924
2015-12-21,1.3946
2015-12-22,1.39518
2015-12-23,1.3918999
2015-12-24,1.3852
2015-12-25,1.38275
2015-12-28,1.3837
2015-12-29,1.3894
2015-12-30,1.3834
2015-12-31,1.3872
2016-01-01,1.3899699
2016-01-04,1.3864501
2016-01-05,1.39343
2016-01-06,1.3983999
2016-01-07,1.40676
2016-01-08,1.4102
2016-01-11,1.4184
2016-01-12,1.4222
2016-01-13,1.4255
2016-01-14,1.4351
2016-01-15,1.43446
2016-01-18,1.4578
2016-01-19,1.45445
2016-01-20,1.45632
2016-01-21,1.4475
2016-01-22,1.42708
2016-01-25,1.41406
2016-01-26,1.4296
2016-01-27,1.4118
2016-01-28,1.40948
2016-01-29,1.40343
2016-02-01,1.39728
2016-02-02,1.395
2016-02-03,1.406
2016-02-04,1.37942
2016-02-05,1.37552
2016-02-08,1.3882999
2016-02-09,1.3925
2016-02-10,1.38832
2016-02-11,1.3923
2016-02-12,1.3916301
2016-02-15,1.38368
2016-02-16,1.38219
2016-02-17,1.38652
2016-02-18,1.36774
2016-02-19,1.37379
2016-02-22,1.3789001
2016-02-23,1.3703001
2016-02-24,1.3796999
2016-02-25,1.3703001
2016-02-26,1.3544
2016-02-29,1.3547
2016-03-01,1.35374
2016-03-02,1.3427
2016-03-03,1.3429
2016-03-04,1.3406
2016-03-07,1.3329999
2016-03-08,1.3293
2016-03-09,1.3417
2016-03-10,1.32477
2016-03-11,1.3337801
2016-03-14,1.32357
2016-03-15,1.32728
2016-03-16,1.3354
2016-03-17,1.3116
2016-03-18,1.2984
2016-03-21,1.3046
2016-03-22,1.3092
2016-03-23,1.30501
2016-03-24,1.321
2016-03-25,1.32508
2016-03-28,1.3271
2016-03-29,1.31747
2016-03-30,1.3063
2016-03-31,1.29766
2016-04-01,1.29906
2016-04-04,1.3036
2016-04-05,1.30767
2016-04-06,1.3141201
2016-04-07,1.30808
2016-04-08,1.314
2016-04-11,1.29791
2016-04-12,1.29088
2016-04-13,1.2766
2016-04-14,1.28179
2016-04-15,1.2839
2016-04-18,1.2979
2016-04-19,1.27692
2016-04-20,1.2696199
2016-04-21,1.26455
2016-04-22,1.2724299
2016-04-25,1.26702
2016-04-26,1.2675
2016-04-27,1.2608
2016-04-28,1.2583801
2016-04-29,1.2553
2016-05-02,1.2543
2016-05-03,1.2529
2016-05-04,1.27001
2016-05-05,1.2862
2016-05-06,1.2852
2016-05-09,1.29281
2016-05-10,1.29568
2016-05-11,1.29163
2016-05-12,1.286
2016-05-13,1.2841001
2016-05-16,1.29548
2016-05-17,1.2898901
2016-05-18,1.2910399
2016-05-19,1.3023
2016-05-20,1.3085999
2016-05-23,1.3124
2016-05-24,1.3145
2016-05-25,1.3125
2016-05-26,1.3034
2016-05-27,1.2975301
2016-05-30,1.3046
2016-05-31,1.3038
2016-06-01,1.30762
2016-06-02,1.30751
2016-06-03,1.3094
2016-06-06,1.29593
2016-06-07,1.28137
2016-06-08,1.2756701
2016-06-09,1.2684
2016-06-10,1.27294
2016-06-13,1.27823
2016-06-14,1.28282
2016-06-15,1.28606
2016-06-16,1.2908
2016-06-17,1.29169
2016-06-20,1.28479
2016-06-21,1.2798001
2016-06-22,1.2802
2016-06-23,1.2814
2016-06-24,1.2832
2016-06-27,1.3020999
2016-06-28,1.3065701
2016-06-29,1.3019
2016-06-30,1.29343
2016-07-01,1.2958
2016-07-04,1.2911
2016-07-05,1.2867301
2016-07-06,1.30056
2016-07-07,1.296
2016-07-08,1.2997
2016-07-11,1.3045
2016-07-12,1.3123
2016-07-13,1.30576
2016-07-14,1.29743
2016-07-15,1.29083
2016-07-18,1.2956899
2016-07-19,1.2958
2016-07-20,1.30266
2016-07-21,1.30672
2016-07-22,1.3073699
2016-07-25,1.31355
2016-07-26,1.3222899
2016-07-27,1.3175499
2016-07-28,1.31373
2016-07-29,1.31519
2016-08-01,1.30583
2016-08-02,1.31225
2016-08-03,1.31054
2016-08-04,1.30695
2016-08-05,1.30154
2016-08-08,1.3179899
2016-08-09,1.3155299
2016-08-10,1.31168
2016-08-11,1.3056
2016-08-12,1.2984101
2016-08-15,1.2958699
2016-08-16,1.29275
2016-08-17,1.28633
2016-08-18,1.28443
2016-08-19,1.27758
2016-08-22,1.28916
2016-08-23,1.294
2016-08-24,1.29195
2016-08-25,1.2931401
2016-08-26,1.29124
2016-08-29,1.3014801
2016-08-30,1.301
2016-08-31,1.30867
2016-09-01,1.31092
2016-09-02,1.3094
2016-09-05,1.2994
2016-09-06,1.29292
2016-09-07,1.28459
2016-09-08,1.28821
2016-09-09,1.2921
2016-09-12,1.3048
2016-09-13,1.303
2016-09-14,1.31577
2016-09-15,1.31936
2016-09-16,1.3159
2016-09-19,1.31987
2016-09-20,1.3202
2016-09-21,1.31818
2016-09-22,1.30826
2016-09-23,1.30469
2016-09-26,1.31516
2016-09-27,1.32274
2016-09-28,1.3207
2016-09-29,1.30642
2016-09-30,1.3152699
2016-10-03,1.31326
2016-10-04,1.31159
2016-10-05,1.3196501
2016-10-06,1.3177
2016-10-07,1.322
2016-10-10,1.32514
2016-10-11,1.3167
2016-10-12,1.32292
2016-10-13,1.32754
2016-10-14,1.32023
2016-10-17,1.31417
2016-10-18,1.31148
2016-10-19,1.3107899
2016-10-20,1.3133301
2016-10-21,1.3227
2016-10-24,1.3353
2016-10-25,1.3349
2016-10-26,1.3352
2016-10-27,1.3373899
2016-10-28,1.33873
2016-10-31,1.3401999
2016-11-01,1.34188
2016-11-02,1.3391
2016-11-03,1.3394001
2016-11-04,1.33921
2016-11-07,1.33593
2016-11-08,1.33708
2016-11-09,1.32955
2016-11-10,1.34124
2016-11-11,1.3470401
2016-11-14,1.35263
2016-11-15,1.35379
2016-11-16,1.34549
2016-11-17,1.34264
2016-11-18,1.3536299
2016-11-21,1.3508
2016-11-22,1.3408
2016-11-23,1.3432
2016-11-24,1.35015
2016-11-25,1.3491
2016-11-28,1.3516001
2016-11-29,1.34033
2016-11-30,1.34312
2016-12-01,1.34254
2016-12-02,1.33069
2016-12-05,1.33204
2016-12-06,1.3272001
2016-12-07,1.3277
2016-12-08,1.3226
2016-12-09,1.3195
2016-12-12,1.3128901
2016-12-13,1.31267
2016-12-14,1.31344
2016-12-15,1.32858
2016-12-16,1.33331
2016-12-19,1.33393
2016-12-20,1.34036
2016-12-21,1.3371201
2016-12-22,1.3431799
2016-12-23,1.34814
2016-12-26,1.35202
2016-12-27,1.35225
2016-12-28,1.3575701
2016-12-29,1.35526
2016-12-30,1.34781
2017-01-02,1.3434
2017-01-03,1.3441401
2017-01-04,1.34218
2017-01-05,1.3299
2017-01-06,1.32294
2017-01-09,1.32418
2017-01-10,1.3214099
2017-01-11,1.3243999
2017-01-12,1.3163199
2017-01-13,1.31506
2017-01-16,1.3126
2017-01-17,1.3175
2017-01-18,1.30617
2017-01-19,1.3265001
2017-01-20,1.33215
2017-01-23,1.33038
2017-01-24,1.32377
2017-01-25,1.31536
2017-01-26,1.30695
2017-01-27,1.309
2017-01-30,1.31315
2017-01-31,1.31023
2017-02-01,1.3036
2017-02-02,1.30487
2017-02-03,1.30303
2017-02-06,1.30182
2017-02-07,1.3085001
2017-02-08,1.31903
2017-02-09,1.31458
2017-02-10,1.3133
2017-02-13,1.31179
2017-02-14,1.30715
2017-02-15,1.30812
2017-02-16,1.30677
2017-02-17,1.30752
2017-02-20,1.30882
2017-02-21,1.3105201
2017-02-22,1.31463
2017-02-23,1.31646
2017-02-24,1.31006
2017-02-27,1.3119299
2017-02-28,1.3186899
2017-03-01,1.33113
2017-03-02,1.3352
2017-03-03,1.33927
2017-03-06,1.3382
2017-03-07,1.34014
2017-03-08,1.34105
2017-03-09,1.3486
2017-03-10,1.35068
2017-03-13,1.34585
2017-03-14,1.34512
2017-03-15,1.34725
2017-03-16,1.32968
2017-03-17,1.33226
2017-03-20,1.3333
2017-03-21,1.33377
2017-03-22,1.3357
2017-03-23,1.3332
2017-03-24,1.33485
2017-03-27,1.33245
2017-03-28,1.33885
2017-03-29,1.3377399
2017-03-30,1.3331
2017-03-31,1.33325
2017-04-03,1.33258
2017-04-04,1.33846
2017-04-05,1.33979
2017-04-06,1.3434401
2017-04-07,1.34184
2017-04-10,1.3407
2017-04-11,1.33225
2017-04-12,1.3325599
2017-04-13,1.32425
2017-04-14,1.33364
2017-04-17,1.3313
2017-04-18,1.33255
2017-04-19,1.33821
2017-04-20,1.3483
2017-04-21,1.34759
2017-04-24,1.3483
2017-04-25,1.3549
2017-04-26,1.35739
2017-04-27,1.3619601
2017-04-28,1.36279
2017-05-01,1.3642
2017-05-02,1.3672
2017-05-03,1.37067
2017-05-04,1.37273
2017-05-05,1.37512
2017-05-08,1.36713
2017-05-09,1.36937
2017-05-10,1.3707
2017-05-11,1.37107
2017-05-12,1.3703901
2017-05-15,1.37176
2017-05-16,1.36283
2017-05-17,1.36123
2017-05-18,1.35989
2017-05-19,1.36035
2017-05-22,1.35162
2017-05-23,1.34919
2017-05-24,1.35212
2017-05-25,1.34129
2017-05-26,1.34834
2017-05-29,1.34534
2017-05-30,1.34734
2017-05-31,1.34702
2017-06-01,1.34904
2017-06-02,1.35155
2017-06-05,1.34984
2017-06-06,1.34777
2017-06-07,1.34496
2017-06-08,1.35105
2017-06-09,1.35221
2017-06-12,1.34561
2017-06-13,1.33114
2017-06-14,1.3240401
2017-06-15,1.32423
2017-06-16,1.3256
2017-06-19,1.32118
2017-06-20,1.3226
2017-06-21,1.32699
2017-06-22,1.3325
2017-06-23,1.3231
2017-06-26,1.32617
2017-06-27,1.32574
2017-06-28,1.3183
2017-06-29,1.3038599
2017-06-30,1.29926
2017-07-03,1.29746
2017-07-04,1.2990299
2017-07-05,1.2931499
2017-07-06,1.29592
2017-07-07,1.29785
2017-07-10,1.2881
2017-07-12,1.29108
2017-07-13,1.2749799
2017-07-14,1.27268
2017-07-17,1.2641799
2017-07-18,1.26969
2017-07-19,1.26318
2017-07-20,1.26
2017-07-21,1.25962
2017-07-24,1.25345
2017-07-25,1.25054
2017-07-26,1.25065
2017-07-27,1.2452
2017-07-28,1.25398
2017-07-31,1.24614
2017-08-01,1.2507
2017-08-02,1.25465
2017-08-03,1.2572
2017-08-04,1.25683
2017-08-07,1.2641
2017-08-08,1.2675
2017-08-09,1.2670799
2017-08-10,1.26952
2017-08-11,1.27394
2017-08-14,1.26736
2017-08-15,1.27291
2017-08-16,1.27529
2017-08-17,1.26245
2017-08-18,1.2684
2017-08-21,1.25857
2017-08-22,1.2558399
2017-08-23,1.25653
2017-08-24,1.25433
2017-08-25,1.25129
2017-08-28,1.24718
2017-08-29,1.25142
2017-08-30,1.2514499
2017-08-31,1.26274
2017-09-01,1.2472
2017-09-04,1.23785
2017-09-05,1.24129
2017-09-06,1.23681
2017-09-07,1.22332
2017-09-08,1.21087
2017-09-11,1.21514
2017-09-12,1.21073
2017-09-13,1.2174
2017-09-14,1.21692
2017-09-15,1.2163
2017-09-18,1.2198
2017-09-19,1.2280101
2017-09-20,1.2289701
2017-09-21,1.23454
2017-09-22,1.23239
2017-09-25,1.2345999
2017-09-26,1.23702
2017-09-27,1.23637
2017-09-28,1.24816
2017-09-29,1.2436301
2017-10-02,1.2473201
2017-10-03,1.2517
2017-10-04,1.24902
2017-10-05,1.2479
2017-10-06,1.25688
2017-10-09,1.25363
2017-10-10,1.25528
2017-10-11,1.2508
2017-10-12,1.24484
2017-10-13,1.2474999
2017-10-16,1.2477
2017-10-17,1.2523
2017-10-18,1.2498
2017-10-19,1.24658
2017-10-20,1.24807
2017-10-23,1.2637
2017-10-24,1.2639
2017-10-25,1.2671
2017-10-26,1.2793
2017-10-27,1.2848001
2017-10-30,1.28313
2017-10-31,1.2824301
2017-11-01,1.28912
2017-11-02,1.28743
2017-11-03,1.28075
2017-11-06,1.276
2017-11-07,1.27136
2017-11-08,1.27614
2017-11-09,1.2727799
2017-11-10,1.26783
2017-11-13,1.2691801
2017-11-14,1.27367
2017-11-15,1.2735
2017-11-17,1.27579
2017-11-20,1.2792
2017-11-21,1.28133
2017-11-22,1.2774
2017-11-23,1.2704999
2017-11-24,1.27126
2017-11-27,1.2714
2017-11-28,1.27584
2017-11-29,1.2814699
2017-11-30,1.2862
2017-12-01,1.28914
2017-12-04,1.2718101
2017-12-05,1.2677
2017-12-06,1.2694
2017-12-07,1.27869
2017-12-08,1.2858
2017-12-11,1.286
2017-12-12,1.2853
2017-12-13,1.2868
2017-12-14,1.2816
2017-12-15,1.2794501
2017-12-18,1.2874399
2017-12-19,1.28649
2017-12-20,1.28782
2017-12-21,1.28264
2017-12-22,1.2736
2017-12-25,1.2726001
2017-12-26,1.2715501
2017-12-27,1.2687
2017-12-28,1.2649699
2017-12-29,1.25655
2018-01-01,1.25808
2018-01-02,1.2555
2018-01-03,1.2503901
2018-01-04,1.2546901
2018-01-05,1.24903
2018-01-08,1.23932
2018-01-09,1.24146
2018-01-10,1.2473201
2018-01-11,1.25306
2018-01-12,1.2519
2018-01-15,1.24604
2018-01-16,1.24245
2018-01-17,1.24252
2018-01-18,1.24375
2018-01-19,1.24113
2018-01-22,1.24861
2018-01-23,1.2452
2018-01-24,1.24143
2018-01-25,1.23525
2018-01-26,1.2376
2018-01-29,1.2313
2018-01-30,1.23342
2018-01-31,1.23361
2018-02-01,1.2302001
2018-02-02,1.22606
2018-02-05,1.2431999
2018-02-06,1.25359
2018-02-07,1.25043
2018-02-08,1.2565
2018-02-09,1.25906
2018-02-12,1.2587
2018-02-13,1.2577
2018-02-14,1.2589
2018-02-15,1.24832
2018-02-16,1.2482001
2018-02-19,1.25568
2018-02-20,1.2567
2018-02-21,1.2647001
2018-02-22,1.26977
2018-02-23,1.2711999
2018-02-26,1.26485
2018-02-27,1.2684
2018-02-28,1.27711
2018-03-01,1.2833
2018-03-02,1.28321
2018-03-05,1.28881
2018-03-06,1.29799
2018-03-07,1.29489
2018-03-08,1.29062
2018-03-09,1.28961
2018-03-12,1.28122
2018-03-13,1.28421
2018-03-14,1.2957
2018-03-15,1.2952
2018-03-16,1.3051701
2018-03-19,1.3092
2018-03-20,1.3080601
2018-03-21,1.30744
2018-03-22,1.2897201
2018-03-23,1.29311
2018-03-26,1.28807
2018-03-27,1.28361
2018-03-28,1.28785
2018-03-29,1.29189
2018-03-30,1.2887
2018-04-02,1.28929
2018-04-03,1.2921
2018-04-04,1.28062
2018-04-05,1.27545
2018-04-06,1.27692
2018-04-09,1.2778701
2018-04-10,1.2702
2018-04-11,1.25934
2018-04-12,1.2567
2018-04-13,1.25888
2018-04-16,1.26018
2018-04-17,1.2566
2018-04-18,1.25583
2018-04-19,1.2625999
2018-04-20,1.26649
2018-04-23,1.27667
2018-04-24,1.2844
2018-04-25,1.28213
2018-04-26,1.2836
2018-04-27,1.28703
2018-04-30,1.28398
2018-05-01,1.2831399
2018-05-02,1.28452
2018-05-03,1.2882
2018-05-04,1.28506
2018-05-07,1.28558
2018-05-08,1.2879
2018-05-09,1.2944
2018-05-10,1.28497
2018-05-11,1.27698
2018-05-14,1.2781
2018-05-15,1.28
2018-05-16,1.28721
2018-05-17,1.2782
2018-05-18,1.28355
2018-05-21,1.28771
2018-05-22,1.27759
2018-05-23,1.2816
2018-05-24,1.2834001
2018-05-25,1.2883
2018-05-28,1.29761
2018-05-29,1.29917
2018-05-30,1.303
2018-05-31,1.28931
2018-06-01,1.29441
2018-06-04,1.2954
2018-06-05,1.2924
2018-06-06,1.2939
2018-06-07,1.29458
2018-06-08,1.2982
2018-06-11,1.29689
2018-06-12,1.29872
2018-06-13,1.30159
2018-06-14,1.29733
2018-06-15,1.31161
2018-06-18,1.3197
2018-06-19,1.32112
2018-06-20,1.32788
2018-06-21,1.33066
2018-06-22,1.33174
2018-06-25,1.32788
2018-06-26,1.32976
2018-06-27,1.33016
2018-06-28,1.33294
2018-06-29,1.32552
2018-07-02,1.31478
2018-07-03,1.31874
2018-07-04,1.3142
2018-07-05,1.31391
2018-07-06,1.3135999
2018-07-09,1.30959
2018-07-10,1.31103
2018-07-11,1.3142999
2018-07-12,1.3207
2018-07-13,1.31652
2018-07-16,1.3156
2018-07-17,1.31363
2018-07-18,1.32034
2018-07-19,1.31679
2018-07-20,1.326
2018-07-23,1.31182
2018-07-24,1.3169
2018-07-25,1.31503
2018-07-26,1.30371
2018-07-27,1.3069
2018-07-30,1.3061
2018-07-31,1.3028001
2018-08-01,1.3018
2018-08-02,1.29985
2018-08-03,1.3024499
2018-08-06,1.30138
2018-08-07,1.3001
2018-08-08,1.30588
2018-08-09,1.3019
2018-08-10,1.30458
2018-08-13,1.3150001
2018-08-14,1.31322
2018-08-15,1.3056
2018-08-16,1.31434
2018-08-17,1.31595
2018-08-20,1.30598
2018-08-21,1.30415
2018-08-22,1.30343
2018-08-23,1.30077
2018-08-24,1.31014
2018-08-27,1.30088
2018-08-28,1.29633
2018-08-29,1.29295
2018-08-30,1.2904201
2018-08-31,1.2985899
2018-09-03,1.306
2018-09-04,1.3094701
2018-09-05,1.31743
2018-09-06,1.31744
2018-09-07,1.31548
2018-09-10,1.3169
2018-09-11,1.3162301
2018-09-12,1.30625
2018-09-13,1.3
2018-09-14,1.30054
2018-09-17,1.30427
2018-09-18,1.30635
2018-09-19,1.29716
2018-09-20,1.29181
2018-09-21,1.29088
2018-09-24,1.2913001
2018-09-25,1.29487
2018-09-26,1.29572
2018-09-27,1.30367
2018-09-28,1.30364
2018-10-01,1.28406
2018-10-02,1.2812099
2018-10-03,1.28189
2018-10-04,1.2878
2018-10-05,1.2920001
2018-10-08,1.2948
2018-10-09,1.2954
2018-10-10,1.2938
2018-10-11,1.30509
2018-10-12,1.30312
2018-10-15,1.30233
2018-10-16,1.29933
2018-10-17,1.29356
2018-10-18,1.3025
2018-10-19,1.3078901
2018-10-22,1.31034
2018-10-23,1.3097
2018-10-24,1.3080699
2018-10-25,1.30475
2018-10-26,1.30707
2018-10-29,1.30955
2018-10-30,1.31288
2018-10-31,1.3114001
2018-11-01,1.31575
2018-11-02,1.30902
2018-11-05,1.31007
2018-11-06,1.31092
2018-11-07,1.31163
2018-11-08,1.31157
2018-11-09,1.31428
2018-11-12,1.31929
2018-11-13,1.3242
2018-11-14,1.3224601
2018-11-15,1.3247
2018-11-16,1.3171999
2018-11-19,1.3146501
2018-11-20,1.31716
2018-11-21,1.3305
2018-11-22,1.3225
2018-11-23,1.31906
2018-11-26,1.3226
2018-11-27,1.32535
2018-11-28,1.32954
2018-11-29,1.3276
2018-11-30,1.3275
2018-12-03,1.32556
2018-12-04,1.31977
2018-12-05,1.3255
2018-12-06,1.336
2018-12-07,1.33937
2018-12-10,1.3327399
2018-12-11,1.33979
2018-12-12,1.33784
2018-12-13,1.3346
2018-12-14,1.3347
2018-12-17,1.3387901
2018-12-18,1.34123
2018-12-19,1.3457
2018-12-20,1.34749
2018-12-21,1.34984
2018-12-24,1.35954
2018-12-25,1.3608
2018-12-26,1.3586
2018-12-27,1.3573
2018-12-28,1.3619
2018-12-31,1.3622
2019-01-01,1.33943
2019-01-02,1.36254
2019-01-03,1.36312
2019-01-04,1.34788
2019-01-07,1.33693
2019-01-08,1.3296
2019-01-09,1.3247
2019-01-10,1.3211499
2019-01-11,1.3239
2019-01-14,1.32674
2019-01-15,1.32761
2019-01-16,1.32596
2019-01-17,1.32587
2019-01-18,1.32802
2019-01-21,1.3275
2019-01-22,1.3295
2019-01-23,1.3356
2019-01-24,1.33411
2019-01-25,1.33505
2019-01-28,1.3221
2019-01-29,1.32603
2019-01-30,1.32714
2019-01-31,1.3141
2019-02-01,1.31259
2019-02-04,1.3099
2019-02-05,1.31165
2019-02-06,1.3124
2019-02-07,1.3213
2019-02-08,1.33109
2019-02-11,1.3274
2019-02-12,1.33
2019-02-13,1.32286
2019-02-14,1.32591
2019-02-15,1.3297
2019-02-18,1.3239
2019-02-19,1.3234
2019-02-20,1.3208899
2019-02-21,1.317
2019-02-22,1.32254
2019-02-25,1.3131
2019-02-26,1.3185199
2019-02-27,1.3162
2019-02-28,1.3145
2019-03-01,1.31643
2019-03-04,1.32836
2019-03-05,1.33119
2019-03-06,1.33533
2019-03-07,1.3443
2019-03-08,1.34447
2019-03-11,1.3418
2019-03-12,1.33946
2019-03-13,1.3357
2019-03-14,1.3295
2019-03-15,1.3324701
2019-03-18,1.3341
2019-03-19,1.3336999
2019-03-20,1.3322001
2019-03-21,1.3286
2019-03-22,1.3365
2019-03-25,1.3425
2019-03-26,1.3392
2019-03-27,1.3379101
2019-03-28,1.34117
2019-03-29,1.34305
2019-04-01,1.3347
2019-04-02,1.3311
2019-04-03,1.3343
2019-04-04,1.3342
2019-04-05,1.33647
2019-04-08,1.3371
2019-04-09,1.33136
2019-04-10,1.33278
2019-04-11,1.33178
2019-04-12,1.33779
2019-04-15,1.33325
2019-04-16,1.3368
2019-04-17,1.33593
2019-04-18,1.3348
2019-04-19,1.3376
2019-04-22,1.3380899
2019-04-23,1.33453
2019-04-24,1.34277
2019-04-25,1.3493
2019-04-26,1.3478
2019-04-29,1.346
2019-04-30,1.34547
2019-05-01,1.3387901
2019-05-02,1.34389
2019-05-03,1.34692
2019-05-06,1.3472199
2019-05-07,1.34489
2019-05-08,1.3469
2019-05-09,1.34723
2019-05-10,1.34653
2019-05-13,1.34394
2019-05-14,1.3476
2019-05-15,1.346
2019-05-16,1.34416
2019-05-17,1.3462
2019-05-20,1.34469
2019-05-21,1.34272
2019-05-23,1.34365
2019-05-24,1.34736
2019-05-27,1.3435
2019-05-28,1.3437999
2019-05-29,1.34875
2019-05-30,1.3512
2019-05-31,1.3524899
2019-06-03,1.35202
2019-06-04,1.3441499
2019-06-05,1.33904
2019-06-06,1.342
2019-06-07,1.3354
2019-06-10,1.32689
2019-06-11,1.32652
2019-06-12,1.32802
2019-06-13,1.3333
2019-06-14,1.3327301
2019-06-17,1.3408999
2019-06-18,1.341
2019-06-19,1.3374
2019-06-20,1.32697
2019-06-21,1.31831
2019-06-24,1.32004
2019-06-25,1.3181
2019-06-26,1.31784
2019-06-27,1.3121001
2019-06-28,1.30943
2019-07-01,1.30904
2019-07-02,1.3132
2019-07-03,1.3096
2019-07-04,1.30571
2019-07-05,1.30484
2019-07-08,1.30756
2019-07-09,1.31021
2019-07-10,1.3125
2019-07-11,1.3073
2019-07-12,1.3067501
2019-07-15,1.3033
2019-07-16,1.30475
2019-07-17,1.30865
2019-07-18,1.3053
2019-07-19,1.30356
2019-07-22,1.3052
2019-07-23,1.3126
2019-07-24,1.31391
2019-07-25,1.31428
2019-07-26,1.3158
2019-07-29,1.3169
2019-07-30,1.31635
2019-07-31,1.31476
2019-08-01,1.3193001
2019-08-02,1.32139
2019-08-05,1.32029
2019-08-06,1.3214099
2019-08-07,1.32803
2019-08-08,1.3311501
2019-08-09,1.3228
2019-08-12,1.32174
2019-08-13,1.32362
2019-08-14,1.3212
2019-08-15,1.331
2019-08-16,1.33169
2019-08-19,1.32669
2019-08-20,1.33278
2019-08-21,1.3315001
2019-08-22,1.3286
2019-08-23,1.32953
2019-08-26,1.3313
2019-08-27,1.32522
2019-08-28,1.3285201
2019-08-29,1.3307
2019-08-30,1.3281
2019-09-02,1.3317
2019-09-03,1.3333
2019-09-04,1.33383
2019-09-05,1.32253
2019-09-06,1.3229001
2019-09-09,1.3168
2019-09-10,1.31689
2019-09-11,1.31457
2019-09-12,1.31845
2019-09-13,1.3211499
2019-09-16,1.3213
2019-09-17,1.32408
2019-09-18,1.3239
2019-09-19,1.3293999
2019-09-20,1.32573
2019-09-23,1.3266
2019-09-24,1.32607
2019-09-25,1.32406
2019-09-26,1.3257
2019-09-27,1.3268
2019-09-30,1.3235
2019-10-01,1.3242
2019-10-02,1.3217
2019-10-03,1.33283
2019-10-04,1.33367
2019-10-07,1.3306299
2019-10-08,1.33024
2019-10-09,1.33214
2019-10-10,1.3335
2019-10-11,1.32859
2019-10-14,1.3199
2019-10-15,1.3224
2019-10-16,1.3202
2019-10-17,1.3200001
2019-10-18,1.31358
2019-10-21,1.3132
2019-10-22,1.30866
2019-10-23,1.3094
2019-10-24,1.3073
2019-10-25,1.30706
2019-10-28,1.3063
2019-10-29,1.30556
2019-10-30,1.3089
2019-10-31,1.31654
2019-11-01,1.31675
2019-11-04,1.314
2019-11-05,1.31516
2019-11-06,1.3151
2019-11-07,1.31856
2019-11-08,1.32271
2019-11-11,1.32252
2019-11-12,1.3232
2019-11-13,1.32367
2019-11-14,1.3251899
2019-11-15,1.32498
2019-11-18,1.32224
2019-11-19,1.32068
2019-11-20,1.32713
2019-11-21,1.3302
2019-11-22,1.3278
2019-11-25,1.3295701
2019-11-26,1.33031
2019-11-27,1.3269
2019-11-28,1.32856
2019-11-29,1.32797
2019-12-02,1.32839
2019-12-03,1.3303
2019-12-04,1.32919
2019-12-05,1.31927
2019-12-06,1.3176
2019-12-09,1.32498
2019-12-10,1.32371
2019-12-11,1.3231
2019-12-12,1.31727
2019-12-13,1.3152699
2019-12-16,1.3183399
2019-12-17,1.3163
2019-12-18,1.31592
2019-12-19,1.31139
2019-12-20,1.3123
2019-12-23,1.31464
2019-12-24,1.3148201
2019-12-25,1.3164001
2019-12-26,1.3155
2019-12-27,1.3108
2019-12-30,1.30734
2019-12-31,1.30606
2020-01-01,1.3002
2020-01-02,1.2973
2020-01-03,1.2983
2020-01-06,1.29866
2020-01-07,1.2963901
2020-01-08,1.30031
2020-01-09,1.30365
2020-01-10,1.30625
2020-01-13,1.30654
2020-01-14,1.30556
2020-01-15,1.30655
2020-01-16,1.3038
2020-01-17,1.3039
2020-01-20,1.30636
2020-01-21,1.30454
2020-01-22,1.30735
2020-01-23,1.3139
2020-01-24,1.3127
2020-01-27,1.3159
2020-01-28,1.3187701
2020-01-29,1.3164001
2020-01-30,1.3197
2020-01-31,1.32113
2020-02-03,1.3240401
2020-02-04,1.3293999
2020-02-05,1.32824
2020-02-06,1.3284301
2020-02-07,1.3284
2020-02-10,1.33096
2020-02-11,1.3317
2020-02-12,1.3290401
2020-02-13,1.32561
2020-02-14,1.32639
2020-02-17,1.32452
2020-02-18,1.3235
2020-02-19,1.32537
2020-02-20,1.32204
2020-02-21,1.3259799
2020-02-24,1.3253
2020-02-25,1.32874
2020-02-26,1.32792
2020-02-27,1.33453
2020-02-28,1.3386199
2020-03-02,1.34071
2020-03-03,1.33251
2020-03-04,1.33776
2020-03-05,1.33846
2020-03-06,1.33938
2020-03-09,1.36222
2020-03-10,1.3658
2020-03-11,1.37318
2020-03-12,1.3773
2020-03-13,1.39428
2020-03-16,1.3797801
2020-03-17,1.40106
2020-03-18,1.42392
2020-03-19,1.4445
2020-03-20,1.44982
2020-03-23,1.44594
2020-03-24,1.44769
2020-03-25,1.4439
2020-03-26,1.42171
2020-03-27,1.40374
2020-03-30,1.40469
2020-03-31,1.41787
2020-04-01,1.4078
2020-04-02,1.41514
2020-04-03,1.41293
2020-04-06,1.4252
2020-04-07,1.41123
2020-04-08,1.4014
2020-04-09,1.40038
2020-04-10,1.39861
2020-04-13,1.39684
2020-04-14,1.38731
2020-04-15,1.38809
2020-04-16,1.4119101
2020-04-17,1.40395
2020-04-20,1.4048001
2020-04-21,1.41292
2020-04-22,1.4189
2020-04-23,1.41838
2020-04-24,1.4065
2020-04-27,1.4108
2020-04-28,1.40362
2020-04-29,1.3983001
2020-04-30,1.38743
2020-05-01,1.39529
2020-05-04,1.4135
2020-05-05,1.40837
2020-05-06,1.40422
2020-05-07,1.41629
2020-05-08,1.39695
2020-05-11,1.39241
2020-05-12,1.4018
2020-05-13,1.40809
2020-05-14,1.4089
2020-05-15,1.4033
2020-05-18,1.4091001
2020-05-19,1.3939
2020-05-20,1.3938
2020-05-21,1.39045
2020-05-22,1.3947001
2020-05-25,1.39859
2020-05-26,1.39718
2020-05-27,1.37825
2020-05-28,1.3754801
2020-05-29,1.3774
2020-06-01,1.3778
2020-06-02,1.35825
2020-06-03,1.351
2020-06-04,1.34938
2020-06-05,1.35016
2020-06-08,1.33928
2020-06-09,1.3368
2020-06-10,1.3422
2020-06-11,1.34284
2020-06-12,1.36379
2020-06-15,1.36371
2020-06-16,1.35339
2020-06-17,1.35335
2020-06-18,1.3575799
2020-06-19,1.3592401
2020-06-22,1.3617001
2020-06-23,1.35018
2020-06-24,1.35422
2020-06-25,1.36438
2020-06-26,1.3635
2020-06-29,1.36783
2020-06-30,1.36566
2020-07-01,1.35742
2020-07-02,1.3591
2020-07-03,1.35697
2020-07-06,1.35491
2020-07-07,1.3538899
2020-07-08,1.3604
2020-07-09,1.35172
2020-07-10,1.358
2020-07-13,1.3598
2020-07-14,1.36104
2020-07-15,1.3599401
2020-07-16,1.35069
2020-07-17,1.35689
2020-07-20,1.35748
2020-07-21,1.3524899
2020-07-22,1.34478
2020-07-23,1.34172
2020-07-24,1.34038
2020-07-27,1.34168
2020-07-28,1.33389
2020-07-29,1.33796
2020-07-30,1.3342
2020-07-31,1.34128
2020-08-03,1.33972
2020-08-04,1.3394001
2020-08-05,1.3295799
2020-08-06,1.32648
2020-08-07,1.33184
2020-08-10,1.33868
2020-08-11,1.3354
2020-08-12,1.33105
2020-08-13,1.32436
2020-08-14,1.32196
2020-08-17,1.32524
2020-08-18,1.32218
2020-08-19,1.31523
2020-08-20,1.32122
2020-08-21,1.31724
2020-08-24,1.3179899
2020-08-25,1.3217601
2020-08-26,1.3163
2020-08-27,1.3138
2020-08-28,1.31216
2020-08-31,1.30803
2020-09-01,1.3035001
2020-09-02,1.3053
2020-09-03,1.30446
2020-09-04,1.31397
2020-09-07,1.30757
2020-09-08,1.30958
2020-09-09,1.32391
2020-09-10,1.31525
2020-09-11,1.3189501
2020-09-14,1.31812
2020-09-15,1.31767
2020-09-16,1.31928
2020-09-17,1.31815
2020-09-18,1.31502
2020-09-21,1.31972
2020-09-22,1.33
2020-09-23,1.3297
2020-09-24,1.3383501
2020-09-25,1.33514
2020-09-28,1.33788
2020-09-29,1.33568
2020-09-30,1.33838
2020-10-01,1.33053
2020-10-02,1.3284
2020-10-05,1.3291
2020-10-06,1.3257
2020-10-07,1.33213
2020-10-08,1.32578
2020-10-09,1.3192101
2020-10-12,1.313
2020-10-13,1.31125
2020-10-14,1.31418
2020-10-15,1.31486
2020-10-16,1.32251
2020-10-19,1.31793
2020-10-20,1.31897
2020-10-21,1.31205
2020-10-22,1.31532
2020-10-23,1.31367
2020-10-26,1.31472
2020-10-27,1.32061
2020-10-28,1.31918
2020-10-29,1.33105
2020-10-30,1.33153
2020-11-02,1.33679
2020-11-03,1.32205
2020-11-04,1.31021
2020-11-05,1.31264
2020-11-06,1.30821
2020-11-09,1.30223
2020-11-10,1.30071
2020-11-11,1.3031
2020-11-12,1.30582
2020-11-13,1.3135999
2020-11-16,1.31236
2020-11-17,1.30753
2020-11-18,1.3105
2020-11-19,1.3084199
2020-11-20,1.30857
2020-11-23,1.30822
2020-11-24,1.30744
2020-11-25,1.2996401
2020-11-26,1.3002
2020-11-27,1.30204
2020-11-30,1.29826
2020-12-01,1.2992001
2020-12-02,1.2933
2020-12-03,1.29172
2020-12-04,1.28646
2020-12-07,1.2779599
2020-12-08,1.2802
2020-12-09,1.28162
2020-12-10,1.2824399
2020-12-11,1.2739201
2020-12-14,1.2750601
2020-12-15,1.2760299
2020-12-16,1.26996
2020-12-17,1.2747
2020-12-18,1.2731
2020-12-21,1.28106
2020-12-22,1.28532
2020-12-23,1.28933
2020-12-24,1.28455
2020-12-25,1.28482
2020-12-28,1.28396
2020-12-29,1.284
2020-12-30,1.28221
2020-12-31,1.27507
2021-01-01,1.23499
2021-01-04,1.27221
2021-01-05,1.2781
2021-01-06,1.26747
2021-01-07,1.2665401
2021-01-08,1.26838
2021-01-11,1.27308
2021-01-12,1.27714
2021-01-13,1.27077
2021-01-14,1.26981
2021-01-15,1.26477
2021-01-18,1.2764699
2021-01-19,1.2747999
2021-01-20,1.27227
2021-01-21,1.2625999
2021-01-22,1.26467
2021-01-25,1.27229
2021-01-26,1.2737499
2021-01-27,1.26939
2021-01-28,1.2816
2021-01-29,1.28309
2021-02-01,1.28022
2021-02-02,1.2846
2021-02-03,1.27851
2021-02-04,1.2783999
2021-02-05,1.28229
2021-02-08,1.27584
2021-02-09,1.27377
2021-02-10,1.2697099
2021-02-11,1.2696
2021-02-12,1.2700599
2021-02-15,1.26879
2021-02-16,1.2635601
2021-02-17,1.2709
2021-02-18,1.26999
2021-02-19,1.26809
2021-02-22,1.2598701
2021-02-23,1.2609
2021-02-24,1.2592601
2021-02-25,1.251
2021-02-26,1.26099
2021-03-01,1.2696
2021-03-02,1.26415
2021-03-03,1.2635601
2021-03-04,1.2670701
2021-03-05,1.26779
2021-03-08,1.26319
2021-03-09,1.26579
2021-03-10,1.26431
2021-03-11,1.26201
2021-03-12,1.25314
2021-03-15,1.24693
2021-03-16,1.24755
2021-03-17,1.24427
2021-03-18,1.239
2021-03-19,1.24909
2021-03-22,1.25229
2021-03-23,1.25208
2021-03-24,1.25901
2021-03-25,1.25767
2021-03-26,1.26018
2021-03-29,1.25842
2021-03-30,1.25904
2021-03-31,1.26208
2021-04-01,1.25643
2021-04-02,1.2546
2021-04-05,1.2564
2021-04-06,1.25202
2021-04-07,1.25714
2021-04-08,1.26127
2021-04-09,1.25622
2021-04-12,1.25308
2021-04-13,1.2559
2021-04-14,1.25371
2021-04-15,1.2517
2021-04-16,1.25437
2021-04-19,1.25176
2021-04-20,1.25217
2021-04-21,1.26115
2021-04-22,1.25037
2021-04-23,1.25029
2021-04-26,1.24876
2021-04-27,1.2395999
2021-04-28,1.24062
2021-04-29,1.2302901
2021-04-30,1.22762
2021-05-03,1.22791
2021-05-04,1.2280101
2021-05-05,1.23002
2021-05-06,1.22671
2021-05-07,1.2154
2021-05-10,1.2114
2021-05-11,1.20937
2021-05-12,1.20964
2021-05-13,1.21206
2021-05-14,1.21683
2021-05-17,1.2111
2021-05-18,1.2061501
2021-05-19,1.20727
2021-05-20,1.21323
2021-05-21,1.20625
2021-05-24,1.2067
2021-05-25,1.20498
2021-05-26,1.2064
2021-05-27,1.21301
2021-05-28,1.20702
2021-05-31,1.20778
2021-06-01,1.2060699
2021-06-02,1.2069
2021-06-03,1.2038
2021-06-04,1.2107
2021-06-07,1.20758
2021-06-08,1.20867
2021-06-09,1.21114
2021-06-10,1.21146
2021-06-11,1.2093
2021-06-14,1.2158
2021-06-15,1.2141
2021-06-16,1.21856
2021-06-17,1.2278
2021-06-18,1.23452
2021-06-21,1.24499
2021-06-22,1.237
2021-06-23,1.2309999
2021-06-24,1.23033
2021-06-25,1.2322299
2021-06-28,1.22919
2021-06-29,1.2334
2021-06-30,1.23962
2021-07-01,1.23927
2021-07-02,1.2440701
2021-07-05,1.233
2021-07-06,1.23399
2021-07-07,1.24581
2021-07-08,1.24817
2021-07-09,1.2528
2021-07-12,1.2447
2021-07-13,1.24552
2021-07-14,1.2521
2021-07-15,1.25155
2021-07-16,1.2589
2021-07-19,1.26169
2021-07-20,1.2746
2021-07-21,1.2675101
2021-07-22,1.2568901
2021-07-23,1.2564
2021-07-26,1.25675
2021-07-27,1.2539999
2021-07-28,1.25912
2021-07-29,1.2519701
2021-07-30,1.24493
2021-08-02,1.24667
2021-08-03,1.25011
2021-08-04,1.25333
2021-08-05,1.2545
2021-08-06,1.2501301
2021-08-09,1.25709
2021-08-10,1.25738
2021-08-11,1.2519
2021-08-12,1.25068
2021-08-13,1.252
2021-08-16,1.2516
2021-08-17,1.25696
2021-08-18,1.26265
2021-08-19,1.26631
2021-08-20,1.28313
2021-08-23,1.2826
2021-08-24,1.2651
2021-08-25,1.2596
2021-08-26,1.25887
2021-08-27,1.26849
2021-08-30,1.2611001
2021-08-31,1.26089
2021-09-01,1.26161
2021-09-02,1.26217
2021-09-03,1.25518
2021-09-06,1.2530299
2021-09-07,1.25343
2021-09-08,1.26464
2021-09-09,1.2694
2021-09-10,1.26626
2021-09-13,1.2679501
2021-09-14,1.2648
2021-09-15,1.2690001
2021-09-16,1.2618099
2021-09-17,1.26815
2021-09-20,1.2764
2021-09-21,1.2802401
2021-09-22,1.2820801
2021-09-23,1.27859
2021-09-24,1.2661999
2021-09-27,1.26494
2021-09-28,1.26262
2021-09-29,1.2677
2021-09-30,1.27538
2021-10-01,1.2684
2021-10-04,1.2625
2021-10-05,1.25898
2021-10-06,1.25827
2021-10-07,1.25862
2021-10-08,1.2546999
2021-10-11,1.24841
2021-10-12,1.24804
2021-10-13,1.24761
2021-10-14,1.24368
2021-10-15,1.23746
2021-10-18,1.23737
2021-10-19,1.23722
2021-10-20,1.2354
2021-10-21,1.23244
2021-10-22,1.23703
2021-10-25,1.23713
2021-10-26,1.2379
2021-10-27,1.23914
2021-10-28,1.2369699
2021-10-29,1.23461
2021-11-01,1.23829
2021-11-02,1.23739
2021-11-03,1.2408
2021-11-04,1.23778
2021-11-05,1.2451
2021-11-08,1.24508
2021-11-09,1.24422
2021-11-10,1.2436
2021-11-11,1.24865
2021-11-12,1.25885
2021-11-15,1.25453
2021-11-16,1.2514
2021-11-17,1.25657
2021-11-18,1.26112
2021-11-19,1.26035
2021-11-22,1.26535
2021-11-23,1.27013
2021-11-24,1.26759
2021-11-25,1.26617
2021-11-26,1.2663701
2021-11-29,1.27248
2021-11-30,1.2738
2021-12-01,1.2774301
2021-12-02,1.28109
2021-12-03,1.28177
2021-12-06,1.2817
2021-12-07,1.2762001
2021-12-08,1.26458
2021-12-09,1.26522
2021-12-10,1.27084
2021-12-13,1.2719899
2021-12-14,1.28076
2021-12-15,1.28671
2021-12-16,1.28365
2021-12-17,1.27797
2021-12-20,1.28985
2021-12-21,1.2936
2021-12-22,1.2923
2021-12-23,1.28512
2021-12-24,1.28239
2021-12-27,1.2814
2021-12-28,1.2787
2021-12-29,1.2812999
2021-12-30,1.27826
2021-12-31,1.2744401
2022-01-03,1.26588
2022-01-04,1.27513
2022-01-05,1.27044
2022-01-06,1.27601
2022-01-07,1.27302
2022-01-10,1.26469
2022-01-11,1.2665
2022-01-12,1.25775
2022-01-13,1.25016
2022-01-14,1.25078
2022-01-17,1.25422
2022-01-18,1.25157
2022-01-19,1.24975
2022-01-20,1.25109
2022-01-21,1.25003
2022-01-24,1.2561001
2022-01-25,1.26255
2022-01-26,1.26159
2022-01-27,1.2658499
2022-01-28,1.27457
2022-01-31,1.27591
2022-02-01,1.27174
2022-02-02,1.26896
2022-02-03,1.26864
2022-02-04,1.26785
2022-02-07,1.2745301
2022-02-08,1.26656
2022-02-09,1.27054
2022-02-10,1.26761
2022-02-11,1.2732
2022-02-14,1.27235
2022-02-15,1.2728601
2022-02-16,1.27237
2022-02-17,1.26954
2022-02-18,1.27048
2022-02-21,1.27566
2022-02-22,1.2756
2022-02-23,1.27671
2022-02-24,1.2733901
2022-02-25,1.28095
2022-02-28,1.27552
2022-03-01,1.26665
2022-03-02,1.27235
2022-03-03,1.2646101
2022-03-04,1.26703
2022-03-07,1.27141
2022-03-08,1.28014
2022-03-09,1.2889
2022-03-10,1.27985
2022-03-11,1.2755899
2022-03-14,1.27354
2022-03-15,1.28211
2022-03-16,1.27688
2022-03-17,1.26868
2022-03-18,1.26316
2022-03-21,1.2605799
2022-03-22,1.2588
2022-03-23,1.25828
2022-03-24,1.2559201
2022-03-25,1.25204
2022-03-28,1.24871
2022-03-29,1.25182
2022-03-30,1.24979
2022-03-31,1.24823
2022-04-01,1.24985
2022-04-04,1.25265
2022-04-05,1.24862
2022-04-06,1.24844
2022-04-07,1.25638
2022-04-08,1.25867
2022-04-11,1.2575999
2022-04-12,1.26401
2022-04-13,1.26344
2022-04-14,1.25662
2022-04-15,1.2603
2022-04-18,1.2615
2022-04-19,1.26002
2022-04-20,1.26037
2022-04-21,1.24862
2022-04-22,1.2589099
2022-04-25,1.2721
2022-04-26,1.27356
2022-04-27,1.28061
2022-04-28,1.2814
2022-04-29,1.28046
2022-05-02,1.2853
2022-05-03,1.2874
2022-05-04,1.28338
2022-05-05,1.27372
2022-05-06,1.2826999
2022-05-09,1.29182
2022-05-10,1.30084
2022-05-11,1.30312
2022-05-12,1.29944
2022-05-13,1.30231
2022-05-16,1.2907
2022-05-17,1.285
2022-05-18,1.28081
2022-05-19,1.28842
2022-05-20,1.28196
2022-05-23,1.2812001
2022-05-24,1.27871
2022-05-25,1.28224
2022-05-26,1.28202
2022-05-27,1.2773
2022-05-30,1.27237
2022-05-31,1.26552
2022-06-01,1.2639
2022-06-02,1.26653
2022-06-03,1.2569799
2022-06-06,1.25849
2022-06-07,1.258
2022-06-08,1.25366
2022-06-09,1.2552
2022-06-10,1.27027
2022-06-13,1.27976
2022-06-14,1.289
2022-06-15,1.29448
2022-06-16,1.28734
2022-06-17,1.29538
2022-06-20,1.30005
2022-06-21,1.29818
2022-06-22,1.29319
2022-06-23,1.29638
2022-06-24,1.29871
2022-06-27,1.28971
2022-06-28,1.2869
2022-06-29,1.2873
2022-06-30,1.28833
2022-07-01,1.28737
2022-07-04,1.2886
2022-07-05,1.28573
2022-07-06,1.30348
2022-07-07,1.3034
2022-07-08,1.2966
2022-07-11,1.2947
2022-07-12,1.29948
2022-07-13,1.30313
2022-07-14,1.30009
2022-07-15,1.3108
2022-07-18,1.30094
2022-07-19,1.29813
2022-07-20,1.2870899
2022-07-21,1.2883
2022-07-22,1.2878
2022-07-25,1.29246
2022-07-26,1.2850699
2022-07-27,1.28737
2022-07-28,1.28171
2022-07-29,1.2807
2022-08-01,1.2815599
2022-08-02,1.28431
2022-08-03,1.28879
2022-08-04,1.28536
2022-08-05,1.28702
2022-08-08,1.29445
2022-08-09,1.2857
2022-08-10,1.28859
2022-08-11,1.2774
2022-08-12,1.2762901
2022-08-15,1.27795
2022-08-16,1.29036
2022-08-17,1.2845401
2022-08-18,1.29178
2022-08-19,1.29471
2022-08-22,1.30003
2022-08-23,1.30481
2022-08-24,1.2958
2022-08-25,1.29703
2022-08-26,1.2937599
2022-08-29,1.3061301
2022-08-30,1.30013
2022-08-31,1.3089499
2022-09-01,1.3141201
2022-09-02,1.3145
2022-09-05,1.31427
2022-09-06,1.3128999
2022-09-07,1.31538
2022-09-08,1.31299
2022-09-09,1.30808
2022-09-12,1.3023
2022-09-13,1.29799
2022-09-14,1.31626
2022-09-15,1.3160501
2022-09-16,1.3247
2022-09-19,1.32582
2022-09-20,1.32434
2022-09-21,1.3363
2022-09-22,1.34787
2022-09-23,1.34711
2022-09-26,1.35808
2022-09-27,1.37106
2022-09-28,1.37225
2022-09-29,1.36279
2022-09-30,1.36745
2022-10-03,1.3787301
2022-10-04,1.36281
2022-10-05,1.35054
2022-10-06,1.35978
2022-10-07,1.3741
2022-10-10,1.37321
2022-10-11,1.3775001
2022-10-12,1.37915
2022-10-13,1.38157
2022-10-14,1.3760099
2022-10-17,1.3855
2022-10-18,1.37129
2022-10-19,1.37262
2022-10-20,1.37728
2022-10-21,1.37773
2022-10-24,1.36462
2022-10-25,1.3695199
2022-10-26,1.36167
2022-10-27,1.3552001
2022-10-28,1.35645
2022-10-31,1.36081
2022-11-01,1.36107
2022-11-02,1.3618
2022-11-03,1.37152
2022-11-04,1.37424
2022-11-07,1.3512501
2022-11-08,1.34935
2022-11-09,1.34154
2022-11-10,1.35265
2022-11-11,1.33315
2022-11-14,1.3254
2022-11-15,1.3324701
2022-11-16,1.32735
2022-11-17,1.33355
2022-11-18,1.33214
2022-11-21,1.33769
2022-11-22,1.34463
2022-11-23,1.3362499
2022-11-24,1.33436
2022-11-25,1.33366
2022-11-28,1.34096
2022-11-29,1.34899
2022-11-30,1.3583601
2022-12-01,1.3412
2022-12-02,1.34355
2022-12-05,1.3444
2022-12-06,1.3588001
2022-12-07,1.36494
2022-12-08,1.3649
2022-12-09,1.3597701
2022-12-12,1.36553
2022-12-13,1.36303
2022-12-14,1.35554
2022-12-15,1.35502
2022-12-16,1.3658201
2022-12-19,1.36886
2022-12-20,1.3643
2022-12-21,1.3599401
2022-12-22,1.36127
2022-12-23,1.36368
2022-12-26,1.35897
2022-12-27,1.3557
2022-12-28,1.3525
2022-12-29,1.3599401
2022-12-30,1.3552001
2023-01-02,1.35281
2023-01-03,1.3559
2023-01-04,1.3674099
2023-01-05,1.34851
2023-01-06,1.3559901
2023-01-09,1.34352
2023-01-10,1.33937
2023-01-11,1.34329
2023-01-12,1.3430001
2023-01-13,1.3376
2023-01-16,1.33962
2023-01-17,1.33978
2023-01-18,1.339
2023-01-19,1.34958
2023-01-20,1.34638
2023-01-23,1.3371
2023-01-24,1.33701
2023-01-25,1.3374799
2023-01-26,1.33802
2023-01-27,1.33161
2023-01-30,1.33032
2023-01-31,1.33838
2023-02-01,1.3306
2023-02-02,1.3275
2023-02-03,1.33166
2023-02-06,1.33997
2023-02-07,1.3441
2023-02-08,1.33901
2023-02-09,1.3444999
2023-02-10,1.34487
2023-02-13,1.33574
2023-02-14,1.33331
2023-02-15,1.33406
2023-02-16,1.3390599
2023-02-17,1.3473001
2023-02-20,1.3482
2023-02-21,1.3453
2023-02-22,1.35349
2023-02-23,1.35454
2023-02-24,1.35432
2023-02-27,1.35937
2023-02-28,1.3573999
2023-03-01,1.36452
2023-03-02,1.35896
2023-03-03,1.35948
2023-03-06,1.3602999
2023-03-07,1.3616199
2023-03-08,1.3748
2023-03-09,1.37994
2023-03-10,1.3831
2023-03-13,1.37638
2023-03-14,1.37352
2023-03-15,1.36889
2023-03-16,1.37649
2023-03-17,1.37191
2023-03-20,1.37098
2023-03-21,1.3671
2023-03-22,1.37088
2023-03-23,1.37167
2023-03-24,1.3717
2023-03-27,1.37274
2023-03-28,1.36541
2023-03-29,1.3593301
2023-03-30,1.35631
2023-03-31,1.35219
2023-04-03,1.35018
2023-04-04,1.34337
2023-04-05,1.3437999
2023-04-06,1.34543
2023-04-07,1.3494999
2023-04-10,1.3504
2023-04-11,1.35034
2023-04-12,1.3462501
2023-04-13,1.344
2023-04-14,1.334
2023-04-17,1.3365
2023-04-18,1.3392
2023-04-19,1.33909
2023-04-20,1.3468
2023-04-21,1.34808
2023-04-24,1.35384
2023-04-25,1.35337
2023-04-26,1.36184
2023-04-27,1.36307
2023-04-28,1.35997
2023-05-01,1.3559099
2023-05-02,1.3552001
2023-05-03,1.36195
2023-05-04,1.3631901
2023-05-05,1.3523
2023-05-08,1.3380001
2023-05-09,1.33724
2023-05-10,1.3375
2023-05-11,1.3372101
2023-05-12,1.3493
2023-05-15,1.3554
2023-05-16,1.3465
2023-05-17,1.34772
2023-05-18,1.34667
2023-05-19,1.3497699
2023-05-22,1.3487999
2023-05-23,1.3502899
2023-05-24,1.3499399
2023-05-25,1.35885
2023-05-26,1.36432
2023-05-29,1.3609
2023-05-30,1.3601
2023-05-31,1.35997
2023-06-01,1.3566
2023-06-02,1.3443
2023-06-05,1.3428299
2023-06-06,1.3448
2023-06-07,1.33986
2023-06-08,1.33716
2023-06-09,1.3362
2023-06-12,1.33368
2023-06-13,1.3363
2023-06-14,1.33147
2023-06-15,1.3326401
2023-06-16,1.32219
2023-06-19,1.3198
2023-06-20,1.32095
2023-06-21,1.32256
2023-06-22,1.3161
2023-06-23,1.31459
2023-06-26,1.31647
2023-06-27,1.3150001
2023-06-28,1.31977
2023-06-29,1.3251801
2023-06-30,1.325
2023-07-03,1.325
2023-07-04,1.3248
2023-07-05,1.32235
2023-07-06,1.32859
2023-07-07,1.33654
2023-07-10,1.3278
2023-07-11,1.3274
2023-07-12,1.32277
2023-07-13,1.31828
2023-07-14,1.31125
2023-07-17,1.3225
2023-07-18,1.32015
2023-07-19,1.31662
2023-07-20,1.3163
2023-07-21,1.31742
2023-07-24,1.3224
2023-07-25,1.3174599
2023-07-26,1.31871
2023-07-27,1.32046
2023-07-28,1.3227
2023-07-31,1.3250999
2023-08-01,1.3192
2023-08-02,1.3268501
2023-08-03,1.33434
2023-08-04,1.33506
2023-08-07,1.3372999
2023-08-08,1.3371201
2023-08-09,1.3425
2023-08-10,1.34188
2023-08-11,1.34448
2023-08-14,1.34398
2023-08-15,1.34588
2023-08-16,1.34901
2023-08-17,1.35366
2023-08-18,1.35452
2023-08-21,1.35416
2023-08-22,1.3543
2023-08-23,1.35501
2023-08-24,1.35237
2023-08-25,1.35868
2023-08-28,1.3594
2023-08-29,1.36011
2023-08-30,1.35589
2023-08-31,1.35353
2023-09-01,1.35097
2023-09-04,1.35945
2023-09-05,1.35987
2023-09-06,1.3638901
2023-09-07,1.3638999
2023-09-08,1.36835
2023-09-11,1.3627
2023-09-12,1.35787
2023-09-13,1.3551
2023-09-14,1.35525
2023-09-15,1.35148
2023-09-18,1.35219
2023-09-19,1.3487
2023-09-20,1.34427
2023-09-21,1.34767
2023-09-22,1.3477499
2023-09-25,1.3477
2023-09-26,1.34504
2023-09-27,1.3519599
2023-09-28,1.3501
2023-09-29,1.3491
2023-10-02,1.35737
2023-10-03,1.36763
2023-10-04,1.37091
2023-10-05,1.37442
2023-10-06,1.3705699
2023-10-09,1.36611
2023-10-10,1.35805
2023-10-11,1.3583601
2023-10-12,1.35945
2023-10-13,1.36838
2023-10-16,1.36443
2023-10-17,1.3614399
2023-10-18,1.3653001
2023-10-19,1.37138
2023-10-20,1.3715301
2023-10-23,1.3703001
2023-10-24,1.36885
2023-10-25,1.3741601
2023-10-26,1.38029
2023-10-27,1.3814
2023-10-30,1.38634
2023-10-31,1.3828599
2023-11-01,1.38766
2023-11-02,1.38344
2023-11-03,1.3747
2023-11-06,1.36606
2023-11-07,1.36973
2023-11-08,1.37685
2023-11-09,1.37932
2023-11-10,1.3807
2023-11-13,1.37989
2023-11-14,1.38015
2023-11-15,1.36994
2023-11-16,1.36834
2023-11-17,1.37521
2023-11-20,1.3719
2023-11-21,1.3724101
2023-11-22,1.3701
2023-11-23,1.3692501
2023-11-24,1.3695
2023-11-27,1.36305
2023-11-28,1.3607
2023-11-29,1.3563
2023-11-30,1.35902
2023-12-01,1.3556499
2023-12-04,1.34887
2023-12-05,1.3539
2023-12-06,1.3591
2023-12-07,1.35918
2023-12-08,1.3598599
2023-12-11,1.35808
2023-12-12,1.3578
2023-12-13,1.3585
2023-12-14,1.3508101
2023-12-15,1.3407
2023-12-18,1.33816
2023-12-19,1.33978
2023-12-20,1.33342
2023-12-21,1.33582
2023-12-22,1.32839
2023-12-25,1.32568
2023-12-26,1.325
2023-12-27,1.31952
2023-12-28,1.3202
2023-12-29,1.32296
2024-01-01,1.32392
2024-01-02,1.3242
2024-01-03,1.3322001
2024-01-04,1.33477
2024-01-05,1.3355
2024-01-08,1.3359801
2024-01-09,1.3349
2024-01-10,1.33892
2024-01-11,1.33785
2024-01-12,1.33799
2024-01-15,1.34094
2024-01-16,1.34358
2024-01-17,1.349
2024-01-18,1.35028
2024-01-19,1.3486201
2024-01-22,1.34316
2024-01-23,1.34779
2024-01-24,1.3456
2024-01-25,1.35254
2024-01-26,1.34777
2024-01-29,1.3454
2024-01-30,1.34114
2024-01-31,1.34017
2024-02-01,1.34355
2024-02-02,1.3383
2024-02-05,1.34701
2024-02-06,1.3543
2024-02-07,1.34893
2024-02-08,1.3464
2024-02-09,1.346
2024-02-12,1.34578
2024-02-13,1.34553
2024-02-14,1.35658
2024-02-15,1.35387
2024-02-16,1.34653
2024-02-19,1.34778
2024-02-20,1.3498
2024-02-21,1.35219
2024-02-22,1.3497
2024-02-23,1.34814
2024-02-26,1.35072
2024-02-27,1.35013
2024-02-28,1.35317
2024-02-29,1.3577501
2024-03-01,1.35737
2024-03-04,1.35524
2024-03-05,1.3572
2024-03-06,1.359
2024-03-07,1.35127
2024-03-08,1.3451999
2024-03-11,1.3484499
2024-03-12,1.3477499
2024-03-13,1.34931
2024-03-14,1.34663
2024-03-15,1.35377
2024-03-18,1.35461
2024-03-19,1.35348
2024-03-20,1.3573101
2024-03-21,1.34719
2024-03-22,1.3527
2024-03-25,1.36115
2024-03-26,1.3584599
2024-03-27,1.3581001
2024-03-28,1.3586
2024-03-29,1.3536
2024-04-01,1.35219
2024-04-02,1.35737
2024-04-03,1.3564301
2024-04-04,1.35238
2024-04-05,1.35445
2024-04-08,1.36041
2024-04-09,1.35708
2024-04-10,1.35729
2024-04-11,1.3687
2024-04-12,1.36869
2024-04-15,1.3758
2024-04-16,1.37863
2024-04-17,1.38188
2024-04-18,1.37718
2024-04-19,1.37693
2024-04-22,1.3739001
2024-04-23,1.37005
2024-04-24,1.36606
2024-04-25,1.37042
2024-04-26,1.3658
2024-04-29,1.36559
2024-04-30,1.36667
2024-05-01,1.3777
2024-05-02,1.3723
2024-05-03,1.3666199
2024-05-06,1.36915
2024-05-07,1.36709
2024-05-08,1.37332
2024-05-09,1.37272
2024-05-10,1.36778
2024-05-13,1.3677
2024-05-14,1.36657
2024-05-15,1.36528
2024-05-16,1.3597
2024-05-17,1.36146
2024-05-20,1.36079
2024-05-21,1.3621
2024-05-22,1.36403
2024-05-23,1.3688999
2024-05-24,1.37321
2024-05-27,1.3666
2024-05-28,1.36289
2024-05-29,1.3645999
2024-05-30,1.3717
2024-05-31,1.36833
2024-06-03,1.36189
2024-06-04,1.36287
2024-06-05,1.36762
2024-06-06,1.369
2024-06-07,1.36682
2024-06-10,1.3759
2024-06-11,1.37612
2024-06-12,1.37549
2024-06-13,1.37219
2024-06-14,1.3741
2024-06-17,1.3733
2024-06-18,1.37133
2024-06-19,1.3716201
2024-06-20,1.37058
2024-06-21,1.36847
2024-06-24,1.3701299
2024-06-25,1.36579
2024-06-26,1.36611
2024-06-27,1.37045
2024-06-28,1.36993
2024-07-01,1.36727
2024-07-02,1.37378
2024-07-03,1.36768
2024-07-04,1.36333
2024-07-05,1.3615201
2024-07-08,1.3638
2024-07-09,1.36295
2024-07-10,1.363
2024-07-11,1.36172
2024-07-12,1.36244
2024-07-15,1.3645999
2024-07-16,1.3676
2024-07-17,1.36695
2024-07-18,1.36787
2024-07-19,1.3702
2024-07-22,1.3707
2024-07-23,1.37612
2024-07-24,1.37858
2024-07-25,1.38103
2024-07-26,1.38193
2024-07-29,1.3828
2024-07-30,1.3855799
2024-07-31,1.3849601
2024-08-01,1.38083
2024-08-02,1.38806
2024-08-05,1.38831
2024-08-06,1.38053
2024-08-07,1.37865
2024-08-08,1.37547
2024-08-09,1.37354
2024-08-12,1.37359
2024-08-13,1.37423
2024-08-14,1.37091
2024-08-15,1.37157
2024-08-16,1.37336
2024-08-19,1.36783
2024-08-20,1.363
2024-08-21,1.36173
2024-08-22,1.35833
2024-08-23,1.36034
2024-08-26,1.3508
2024-08-27,1.34821
2024-08-28,1.34477
2024-08-29,1.3477
2024-08-30,1.34891
2024-09-02,1.3489
2024-09-03,1.34973
2024-09-04,1.35434
2024-09-05,1.3508101
2024-09-06,1.35001
2024-09-09,1.35621
2024-09-10,1.3564
2024-09-11,1.36096
2024-09-12,1.3578399
2024-09-13,1.3575799
2024-09-16,1.35777
2024-09-17,1.3586299
2024-09-18,1.35921
2024-09-19,1.36107
2024-09-20,1.35627
2024-09-23,1.35642
2024-09-24,1.35295
2024-09-25,1.3421
2024-09-26,1.34822
2024-09-27,1.3475699
2024-09-30,1.35088
2024-10-01,1.35272
2024-10-02,1.34946
2024-10-03,1.35049
2024-10-04,1.35482
2024-10-07,1.3579201
2024-10-08,1.3618
2024-10-09,1.3652
2024-10-10,1.37093
2024-10-11,1.37457
2024-10-14,1.3781199
2024-10-15,1.38029
2024-10-16,1.3781101
2024-10-17,1.3755
2024-10-18,1.37957
2024-10-21,1.3799599
2024-10-22,1.38335
2024-10-23,1.38162
2024-10-24,1.38367
2024-10-25,1.38533
2024-10-28,1.38956
2024-10-29,1.38898
2024-10-30,1.3912801
2024-10-31,1.3908
2024-11-01,1.39352
2024-11-04,1.39188
2024-11-05,1.39007
2024-11-06,1.3832999
2024-11-07,1.39482
2024-11-08,1.38673
2024-11-11,1.39078
2024-11-12,1.39215
2024-11-13,1.39455
2024-11-14,1.3992701
2024-11-15,1.40615
2024-11-18,1.40859
2024-11-19,1.40224
2024-11-20,1.3954999
2024-11-21,1.3968
2024-11-22,1.398
2024-11-25,1.39328
2024-11-26,1.40984
2024-11-27,1.40531
2024-11-28,1.40263
2024-11-29,1.40072
2024-12-02,1.40126
2024-12-03,1.4043
2024-12-04,1.40659
2024-12-05,1.40731
2024-12-06,1.40215
2024-12-09,1.41478
2024-12-10,1.4172
2024-12-11,1.4174401
2024-12-12,1.4148901
2024-12-13,1.42172
2024-12-16,1.42259
2024-12-17,1.42347
2024-12-18,1.43097
2024-12-19,1.4461
2024-12-20,1.44031
2024-12-23,1.43613
2024-12-24,1.43742
2024-12-25,1.4362
2024-12-26,1.43536
2024-12-27,1.44104
2024-12-30,1.44034
2024-12-31,1.43498
2025-01-02,1.4374599
2025-01-03,1.4403
2025-01-06,1.444
2025-01-07,1.4338599
2025-01-08,1.43641
2025-01-09,1.4377
2025-01-10,1.44016
2025-01-13,1.4414901
2025-01-14,1.43628
2025-01-15,1.43515
2025-01-16,1.43262
2025-01-17,1.43958
2025-01-20,1.44743
2025-01-21,1.4302599
2025-01-22,1.43427
2025-01-23,1.43936
2025-01-24,1.43784
2025-01-27,1.4385099
2025-01-28,1.4401
2025-01-29,1.43999
2025-01-30,1.4399
2025-01-31,1.4493001
2025-02-03,1.4717
2025-02-04,1.4418
2025-02-05,1.4334
2025-02-06,1.43153
2025-02-07,1.4306099
2025-02-10,1.43318
2025-02-11,1.43366
2025-02-12,1.42851
2025-02-13,1.43007
2025-02-14,1.41921
2025-02-17,1.4184
2025-02-18,1.4184999
2025-02-19,1.41892
2025-02-20,1.42404
2025-02-21,1.4176
2025-02-24,1.42116
2025-02-25,1.4276
2025-02-26,1.43007
2025-02-27,1.4335999
2025-02-28,1.44435
2025-03-03,1.4441
2025-03-04,1.449
2025-03-05,1.43971
2025-03-06,1.4338599
2025-03-07,1.4291101
2025-03-10,1.4370199
2025-03-11,1.44289
2025-03-12,1.44324
2025-03-13,1.43617
2025-03-14,1.44258
2025-03-17,1.43692
2025-03-18,1.42951
2025-03-19,1.42995
2025-03-20,1.4319
2025-03-21,1.4322701
2025-03-24,1.43327
2025-03-25,1.43161
2025-03-26,1.4273
2025-03-27,1.4295
2025-03-28,1.43075
2025-03-31,1.43091
2025-04-01,1.43907
2025-04-02,1.4292099
2025-04-03,1.4216501
2025-04-04,1.4081
2025-04-07,1.4241101
2025-04-08,1.42378
2025-04-09,1.4253
2025-04-10,1.41013
2025-04-11,1.3951
2025-04-14,1.38739
2025-04-15,1.39
2025-04-16,1.3957
2025-04-17,1.38597
2025-04-22,1.38343
2025-04-23,1.38471
2025-04-24,1.38741
2025-04-25,1.3858
2025-04-28,1.38708
2025-04-29,1.38301
2025-04-30,1.3826801
2025-05-01,1.37896
2025-05-02,1.38465
2025-05-05,1.38223
2025-05-06,1.38219
2025-05-07,1.37694
2025-05-08,1.38342
2025-05-09,1.39245
2025-05-12,1.3924
2025-05-13,1.39742
2025-05-14,1.3932
2025-05-15,1.3979
2025-05-16,1.39547
2025-05-19,1.39526
2025-05-20,1.39569
2025-05-21,1.3909301
2025-05-22,1.38608
2025-05-23,1.3858
2025-05-26,1.37372
2025-05-27,1.37358
2025-05-28,1.381
2025-05-29,1.38511
2025-05-30,1.3805701
2025-06-02,1.37262
2025-06-03,1.37107
2025-06-04,1.3715
2025-06-05,1.36791
2025-06-06,1.36667
2025-06-09,1.36906
2025-06-10,1.36989
2025-06-11,1.36683
2025-06-12,1.36657
2025-06-13,1.35965
2025-06-16,1.3584
2025-06-17,1.35745
2025-06-18,1.36836
2025-06-19,1.3696001
2025-06-20,1.36955
2025-06-23,1.37393
2025-06-24,1.37286
2025-06-25,1.37266
2025-06-26,1.3712
2025-06-27,1.36431
2025-06-30,1.36814
2025-07-01,1.36054
2025-07-02,1.36443
2025-07-03,1.3587101
2025-07-04,1.3573
2025-07-07,1.36033
2025-07-08,1.3665299
2025-07-09,1.36684
2025-07-10,1.3684
2025-07-11,1.36563
2025-07-14,1.3684
2025-07-15,1.37047
2025-07-16,1.37164
2025-07-17,1.36893
2025-07-18,1.37359
2025-07-21,1.3724
2025-07-22,1.3675801
2025-07-23,1.36043
2025-07-24,1.36015
2025-07-25,1.36406
2025-07-28,1.3702101
2025-07-29,1.37343
2025-07-30,1.37739
2025-07-31,1.38252
2025-08-01,1.3857
2025-08-04,1.37783
2025-08-05,1.3767999
2025-08-06,1.37707
2025-08-07,1.37392
2025-08-08,1.37325
2025-08-11,1.37527
2025-08-12,1.37737
2025-08-13,1.37696
2025-08-14,1.37521
2025-08-15,1.38131
2025-08-18,1.3815
2025-08-19,1.38021
2025-08-20,1.3866
2025-08-21,1.38728
2025-08-22,1.39004
2025-08-25,1.38288
2025-08-26,1.3859299
2025-08-27,1.38334
2025-08-28,1.37814
2025-08-29,1.37498
2025-09-01,1.37384
2025-09-02,1.37474
2025-09-03,1.37845
2025-09-04,1.37931
2025-09-05,1.3815
2025-09-08,1.3834
2025-09-09,1.3795
2025-09-10,1.38466
2025-09-11,1.38605
2025-09-12,1.38337
2025-09-15,1.3839
2025-09-16,1.3774
2025-09-17,1.37388
2025-09-18,1.37699
2025-09-19,1.37918
2025-09-22,1.3782001
2025-09-23,1.38249
2025-09-24,1.3839099
2025-09-25,1.3896
2025-09-26,1.3941
2025-09-29,1.39382
2025-09-30,1.39162
2025-10-01,1.39235
2025-10-02,1.39395
2025-10-03,1.39609
2025-10-06,1.3965
2025-10-07,1.3946
2025-10-08,1.39528
2025-10-09,1.39546
2025-10-10,1.40188
2025-10-13,1.39985
2025-10-14,1.4039
2025-10-15,1.4045
2025-10-16,1.4046
2025-10-17,1.4046
2025-10-20,1.40159
2025-10-21,1.4033
2025-10-22,1.4019901
2025-10-23,1.39888
2025-10-24,1.3986599
2025-10-27,1.39934
2025-10-28,1.39914
2025-10-29,1.39389
2025-10-30,1.39413
2025-10-31,1.39811
2025-11-03,1.40154
2025-11-04,1.40554
2025-11-05,1.41009
2025-11-06,1.41023
2025-11-07,1.41118
2025-11-10,1.40438
2025-11-11,1.40255
2025-11-12,1.40158
2025-11-13,1.40093
2025-11-14,1.40355
2025-11-17,1.4018199
2025-11-18,1.40505
2025-11-19,1.39851
2025-11-20,1.40425
2025-11-21,1.40912
2025-11-24,1.4094599
2025-11-25,1.4109
2025-11-26,1.41022
2025-11-27,1.40395
2025-11-28,1.4026
2025-12-01,1.39694
2025-12-02,1.4
2025-12-03,1.39696
2025-12-04,1.39531
2025-12-05,1.39597
2025-12-08,1.38346
2025-12-09,1.3849
2025-12-10,1.38455
2025-12-11,1.37894
2025-12-12,1.37757
2025-12-15,1.37678
2025-12-16,1.37692
2025-12-17,1.37561
2025-12-18,1.3783799
2025-12-19,1.3777
2025-12-22,1.37903
2025-12-23,1.3748699
2025-12-24,1.3685499
2025-12-26,1.3672
2025-12-29,1.36683
2025-12-30,1.3687201
2025-12-31,1.36947
2026-01-02,1.3716
2026-01-05,1.37467
2026-01-06,1.37725
2026-01-07,1.38155
2026-01-08,1.38579
2026-01-09,1.38641
2026-01-12,1.39139
2026-01-13,1.38757
2026-01-14,1.3886499
2026-01-15,1.38846
2026-01-16,1.38884
2026-01-19,1.38994
2026-01-20,1.3874
2026-01-21,1.3832999
2026-01-22,1.38432
2026-01-23,1.37841
2026-01-26,1.37019
2026-01-27,1.3712
2026-01-28,1.3591501
2026-01-29,1.35379
2026-01-30,1.3492
2026-02-02,1.36358
2026-02-03,1.36737
2026-02-04,1.36394
2026-02-05,1.36692
2026-02-06,1.37122
2026-02-09,1.36589
2026-02-10,1.35622
2026-02-11,1.3552001
2026-02-12,1.35754
2026-02-13,1.36107
2026-02-16,1.3617899
2026-02-17,1.36362
2026-02-18,1.36377
2026-02-19,1.36961
2026-02-20,1.36868
2026-02-23,1.36485
2026-02-24,1.36938
2026-02-25,1.37003
2026-02-26,1.3675801
2026-02-27,1.3675801
2026-03-02,1.36684
2026-03-03,1.3671
2026-03-04,1.3674099
2026-03-05,1.3644
2026-03-06,1.36699
2026-03-09,1.3602099
2026-03-10,1.35874
2026-03-11,1.35829
2026-03-12,1.36017
2026-03-13,1.36326
2026-03-16,1.37117
2026-03-17,1.3684
2026-03-18,1.36895
2026-03-19,1.3729399
2026-03-20,1.37358
2026-03-23,1.37098
2026-03-24,1.37307
2026-03-25,1.37572
2026-03-26,1.38142
2026-03-27,1.38519
2026-03-30,1.38995
2026-03-31,1.39283
2026-04-01,1.39029
2026-04-02,1.38764
2026-04-03,1.3917
2026-04-06,1.39457
2026-04-07,1.39116
2026-04-08,1.3842
2026-04-09,1.3850501
2026-04-10,1.38227
2026-04-13,1.38727
2026-04-14,1.3785
2026-04-15,1.37661
2026-04-16,1.37313
2026-04-17,1.3700401
2026-04-20,1.3705
2026-04-21,1.3644
2026-04-22,1.36576
2026-04-23,1.3669699
2026-04-24,1.36984
2026-04-27,1.3676
2026-04-28,1.36215
2026-04-29,1.3679
2026-04-30,1.36713
2026-05-01,1.35796
2026-05-04,1.3588099
2026-05-05,1.36211
2026-05-06,1.36035
2026-05-07,1.36369
2026-05-08,1.36607
2026-05-11,1.3683
2026-05-12,1.3678401
2026-05-13,1.36973
2026-05-14,1.37047
2026-05-15,1.37237
2026-05-18,1.37613
2026-05-19,1.37387
2026-05-20,1.37471
2026-05-21,1.37477
2026-05-22,1.3775899
2026-05-25,1.38021
2026-05-26,1.38041
2026-05-27,1.38078
2026-05-28,1.38431
2026-05-29,1.3782901
2026-06-01,1.37963
2026-06-02,1.38392
2026-06-03,1.38445
2026-06-04,1.38932
2026-06-05,1.3906
2026-06-08,1.3944401
2026-06-09,1.39563
2026-06-10,1.39538
2026-06-11,1.39468
2026-06-12,1.39724
2026-06-15,1.39636
2026-06-16,1.399
2026-06-17,1.39957
2026-06-18,1.4099801
2026-06-19,1.41407
2026-06-22,1.41743
2026-06-23,1.41584
2026-06-24,1.4209599
2026-06-25,1.42352
2026-06-26,1.42006
2026-06-29,1.41898
2026-06-30,1.4209
2026-07-01,1.4205
2026-07-02,1.42173
2026-07-03,1.41903
2026-07-06,1.4204201
2026-07-07,1.4207799
2026-07-08,1.42035
2026-07-09,1.4167
2026-07-10,1.41624
2026-07-13,1.41634
2026-07-14,1.41494
2026-07-15,1.4051501
2026-07-16,1.40371
2026-07-17,1.4037
2026-07-20,1.4019099
2026-07-21,1.40713
2026-07-22,1.4105099
2026-07-23,1.40855
2026-07-24,1.4084899
2026-07-27,1.40865
2026-07-28,1.41242
2026-07-29,1.41061
2026-07-30,1.40358
2026-07-31,1.4011199
2026-08-03,1.4013
2026-08-04,1.4046299
2026-08-05,1.40655
2026-08-06,1.4010201
2026-08-07,1.40137
2026-08-10,1.39509
2026-08-11,1.39336
2026-08-12,1.3918999
2026-08-13,1.39406
2026-08-14,1.39271
2026-08-17,1.38719
2026-08-18,1.38697
2026-08-19,1.3897901
2026-08-20,1.38104
2026-08-21,1.37814
2026-08-24,1.37928
2026-08-25,1.3840801
2026-08-26,1.38362
2026-08-27,1.3875
2026-08-28,1.38515
2026-08-31,1.38991
2026-09-01,1.3851
2026-09-02,1.38941
2026-09-03,1.38449
2026-09-04,1.37895
2026-09-07,1.38337
2026-09-08,1.3804899
2026-09-09,1.37775
2026-09-10,1.3804801
2026-09-11,1.38353
2026-09-14,1.3867
2026-09-15,1.3899699
2026-09-16,1.3924
2026-09-17,1.39882
2026-09-18,1.39903
2026-09-21,1.39941
2026-09-22,1.40328
2026-09-23,1.40657
2026-09-24,1.41048
2026-09-25,1.4146
2026-09-26,1.4141001
