Date,Close
2005-01-03,47.438847
2005-01-04,47.143475
2005-01-05,47.221489
2005-01-06,47.26606
2005-01-07,47.227066
2005-01-10,47.221489
2005-01-11,47.316212
2005-01-12,47.38871
2005-01-13,47.578201
2005-01-14,47.550289
2005-01-18,47.533588
2005-01-19,47.56147
2005-01-20,47.645065
2005-01-21,47.739792
2005-01-24,47.734226
2005-01-25,47.555874
2005-01-26,47.567043
2005-01-27,47.494579
2005-01-28,47.739792
2005-01-31,47.756474
2005-02-01,47.723537
2005-02-02,47.729065
2005-02-03,47.650864
2005-02-04,47.896835
2005-02-07,47.991821
2005-02-08,48.036598
2005-02-09,48.271351
2005-02-10,47.969536
2005-02-11,47.90797
2005-02-14,47.969536
2005-02-15,47.896835
2005-02-16,47.723537
2005-02-17,47.617294
2005-02-18,47.376965
2005-02-22,47.382492
2005-02-23,47.421669
2005-02-24,47.343384
2005-02-25,47.4105
2005-02-28,47.103043
2005-03-01,47.103626
2005-03-02,47.09795
2005-03-03,47.069946
2005-03-04,47.282974
2005-03-07,47.294174
2005-03-08,47.069946
2005-03-09,46.711208
2005-03-10,46.795269
2005-03-11,46.599083
2005-03-14,46.711208
2005-03-15,46.621483
2005-03-16,46.728012
2005-03-17,46.907398
2005-03-18,46.789684
2005-03-21,46.733574
2005-03-22,46.391659
2005-03-23,46.498196
2005-03-24,46.537426
2005-03-28,46.386078
2005-03-29,46.576672
2005-03-30,46.683163
2005-03-31,46.912998
2005-04-01,47.008038
2005-04-04,46.985527
2005-04-05,46.991161
2005-04-06,47.131798
2005-04-07,46.951801
2005-04-08,47.00243
2005-04-11,47.143028
2005-04-12,47.390514
2005-04-13,47.412971
2005-04-14,47.536739
2005-04-15,47.846035
2005-04-18,47.744808
2005-04-19,48.020367
2005-04-20,47.992321
2005-04-21,47.64925
2005-04-22,47.851688
2005-04-25,47.851688
2005-04-26,47.829197
2005-04-27,47.975414
2005-04-28,48.267853
2005-04-29,48.093533
2005-05-02,48.142639
2005-05-03,48.204678
2005-05-04,48.193386
2005-05-05,48.345726
2005-05-06,48.001591
2005-05-09,47.995934
2005-05-10,48.165173
2005-05-11,48.227249
2005-05-12,48.272381
2005-05-13,48.396523
2005-05-16,48.402153
2005-05-17,48.464214
2005-05-18,48.622154
2005-05-19,48.475506
2005-05-20,48.469822
2005-05-23,48.689877
2005-05-24,48.819656
2005-05-25,48.644749
2005-05-26,48.672981
2005-05-27,48.723782
2005-05-31,48.977612
2005-06-01,49.279877
2005-06-02,49.262844
2005-06-03,48.97987
2005-06-06,49.110065
2005-06-07,49.251511
2005-06-08,49.16098
2005-06-09,49.132645
2005-06-10,48.821415
2005-06-13,48.69128
2005-06-14,48.634659
2005-06-15,48.617687
2005-06-16,48.770512
2005-06-17,48.713905
2005-06-20,48.640305
2005-06-21,48.793171
2005-06-22,49.16098
2005-06-23,49.110065
2005-06-24,49.228893
2005-06-27,49.268497
2005-06-28,49.059139
2005-06-29,49.042118
2005-06-30,49.211926
2005-07-01,48.788429
2005-07-05,48.589787
2005-07-06,48.691975
2005-07-07,48.805492
2005-07-08,48.629536
2005-07-11,48.606819
2005-07-12,48.481926
2005-07-13,48.436573
2005-07-14,48.374081
2005-07-15,48.385452
2005-07-18,48.305996
2005-07-19,48.374081
2005-07-20,48.464878
2005-07-21,48.107353
2005-07-22,48.334339
2005-07-25,48.249195
2005-07-26,48.283257
2005-07-27,48.215137
2005-07-28,48.425156
2005-07-29,48.135712
2005-08-01,48.039421
2005-08-02,47.993832
2005-08-03,48.113453
2005-08-04,48.079323
2005-08-05,47.82309
2005-08-08,47.69775
2005-08-09,47.834465
2005-08-10,47.811672
2005-08-11,48.016666
2005-08-12,48.210285
2005-08-15,48.147655
2005-08-16,48.375408
2005-08-17,48.187504
2005-08-18,48.443779
2005-08-19,48.415291
2005-08-22,48.455158
2005-08-23,48.54623
2005-08-24,48.569019
2005-08-25,48.597527
2005-08-26,48.517803
2005-08-29,48.551945
2005-08-30,48.779694
2005-08-31,49.098656
2005-09-01,49.146595
2005-09-02,49.158043
2005-09-06,49.003807
2005-09-07,48.84383
2005-09-08,48.84383
2005-09-09,48.883831
2005-09-12,48.729595
2005-09-13,48.87809
2005-09-14,48.775307
2005-09-15,48.626736
2005-09-16,48.438236
2005-09-19,48.535324
2005-09-20,48.495388
2005-09-21,48.718136
2005-09-22,48.75243
2005-09-23,48.483974
2005-09-26,48.35825
2005-09-27,48.386822
2005-09-28,48.483974
2005-09-29,48.375404
2005-09-30,48.238312
2005-10-03,48.053131
2005-10-04,48.076088
2005-10-05,48.19072
2005-10-06,48.127689
2005-10-07,48.19072
2005-10-10,48.202171
2005-10-11,48.110497
2005-10-12,47.927071
2005-10-13,47.852554
2005-10-14,47.852554
2005-10-17,47.795235
2005-10-18,47.864033
2005-10-19,47.921368
2005-10-20,47.950001
2005-10-21,48.162048
2005-10-24,47.955692
2005-10-25,47.732204
2005-10-26,47.548786
2005-10-27,47.657711
2005-10-28,47.606075
2005-10-31,47.640491
2005-11-01,47.610611
2005-11-02,47.512825
2005-11-03,47.346008
2005-11-04,47.323013
2005-11-07,47.409306
2005-11-08,47.645107
2005-11-09,47.392044
2005-11-10,47.662357
2005-11-11,47.719891
2005-11-14,47.507069
2005-11-15,47.668102
2005-11-16,47.909649
2005-11-17,48.001663
2005-11-18,47.886646
2005-11-21,47.978703
2005-11-22,48.145485
2005-11-23,48.018925
2005-11-25,48.162727
2005-11-28,48.225948
2005-11-29,47.961411
2005-11-30,47.93845
2005-12-01,47.830502
2005-12-02,47.870865
2005-12-05,47.726639
2005-12-06,47.95174
2005-12-07,47.922886
2005-12-08,48.1306
2005-12-09,47.917068
2005-12-12,47.807434
2005-12-13,47.922886
2005-12-14,48.222942
2005-12-15,48.159462
2005-12-16,48.246029
2005-12-19,48.274872
2005-12-20,48.194084
2005-12-21,48.1306
2005-12-22,48.321053
2005-12-23,48.436466
2005-12-27,48.66732
2005-12-28,48.517899
2005-12-29,48.575813
2005-12-30,48.593159
2006-01-03,48.587383
2006-01-04,48.674252
2006-01-05,48.685829
2006-01-06,48.622143
2006-01-09,48.64529
2006-01-10,48.448421
2006-01-11,48.326797
2006-01-12,48.500519
2006-01-13,48.71479
2006-01-17,48.772751
2006-01-18,48.790066
2006-01-19,48.668442
2006-01-20,48.749496
2006-01-23,48.737938
2006-01-24,48.656887
2006-01-25,48.35574
2006-01-26,48.251499
2006-01-27,48.286243
2006-01-30,48.182003
2006-01-31,48.251499
2006-02-01,48.102783
2006-02-02,48.102783
2006-02-03,48.248028
2006-02-06,48.178276
2006-02-07,48.12022
2006-02-08,48.091167
2006-02-09,48.13765
2006-02-10,47.998207
2006-02-13,47.998207
2006-02-14,47.928471
2006-02-15,48.015675
2006-02-16,47.992382
2006-02-17,48.155071
2006-02-21,48.096966
2006-02-22,48.277069
2006-02-23,48.160854
2006-02-24,48.102783
2006-02-27,48.009842
2006-02-28,48.201557
2006-03-01,48.106529
2006-03-02,47.914223
2006-03-03,47.797646
2006-03-06,47.646076
2006-03-07,47.669407
2006-03-08,47.692726
2006-03-09,47.739372
2006-03-10,47.646076
2006-03-13,47.605286
2006-03-14,47.879223
2006-03-15,47.791801
2006-03-16,48.094879
2006-03-17,47.995815
2006-03-20,48.089054
2006-03-21,47.890892
2006-03-22,47.949162
2006-03-23,47.826756
2006-03-24,48.036587
2006-03-27,47.931683
2006-03-28,47.698563
2006-03-29,47.651939
2006-03-30,47.512043
2006-03-31,47.547054
2006-04-03,47.494404
2006-04-04,47.500248
2006-04-05,47.611351
2006-04-06,47.476845
2006-04-07,47.260509
2006-04-10,47.318974
2006-04-11,47.406673
2006-04-12,47.295635
2006-04-13,47.044197
2006-04-17,47.22543
2006-04-18,47.37748
2006-04-19,47.242996
2006-04-20,47.202103
2006-04-21,47.301483
2006-04-24,47.359928
2006-04-25,47.061737
2006-04-26,47.038349
2006-04-27,47.166988
2006-04-28,47.248856
2006-05-01,46.99295
2006-05-02,47.069286
2006-05-03,47.004749
2006-05-04,46.975357
2006-05-05,47.086868
2006-05-08,47.110371
2006-05-09,47.092735
2006-05-10,47.116234
2006-05-11,47.034061
2006-05-12,46.858044
2006-05-15,46.957806
2006-05-16,47.133827
2006-05-17,46.99884
2006-05-18,47.333344
2006-05-19,47.30405
2006-05-22,47.368557
2006-05-23,47.35096
2006-05-24,47.421375
2006-05-25,47.345078
2006-05-26,47.386162
2006-05-30,47.345078
2006-05-31,47.198364
2006-06-01,47.277271
2006-06-02,47.642448
2006-06-05,47.548229
2006-06-06,47.589478
2006-06-07,47.524696
2006-06-08,47.589478
2006-06-09,47.707256
2006-06-12,47.683685
2006-06-13,47.74847
2006-06-14,47.430405
2006-06-15,47.324417
2006-06-16,47.294956
2006-06-19,47.241974
2006-06-20,47.206627
2006-06-21,47.200726
2006-06-22,47.0476
2006-06-23,47.006363
2006-06-26,46.97691
2006-06-27,47.100597
2006-06-28,46.947472
2006-06-29,47.14183
2006-06-30,47.306744
2006-07-03,47.284279
2006-07-05,47.112789
2006-07-06,47.260651
2006-07-07,47.40847
2006-07-10,47.443935
2006-07-11,47.497135
2006-07-12,47.538517
2006-07-13,47.644962
2006-07-14,47.680408
2006-07-17,47.639065
2006-07-18,47.455746
2006-07-19,47.757294
2006-07-20,47.857849
2006-07-21,47.828224
2006-07-24,47.828224
2006-07-25,47.780937
2006-07-26,47.899216
2006-07-27,47.893276
2006-07-28,48.02338
2006-07-31,48.100227
2006-08-01,48.111526
2006-08-02,48.153072
2006-08-03,48.16494
2006-08-04,48.402401
2006-08-07,48.337112
2006-08-08,48.343044
2006-08-09,48.31926
2006-08-10,48.33115
2006-08-11,48.176815
2006-08-14,48.093719
2006-08-15,48.325191
2006-08-16,48.527004
2006-08-17,48.51519
2006-08-18,48.645748
2006-08-21,48.705116
2006-08-22,48.722935
2006-08-23,48.675442
2006-08-24,48.722935
2006-08-25,48.788246
2006-08-28,48.78228
2006-08-29,48.823822
2006-08-30,48.883186
2006-08-31,48.948524
2006-09-01,49.021214
2006-09-05,48.860321
2006-09-06,48.824551
2006-09-07,48.860321
2006-09-08,48.907993
2006-09-11,48.818569
2006-09-12,48.955647
2006-09-13,49.003334
2006-09-14,48.907993
2006-09-15,48.87817
2006-09-18,48.806694
2006-09-19,49.098663
2006-09-20,49.110554
2006-09-21,49.462128
2006-09-22,49.611095
2006-09-25,49.777935
2006-09-26,49.652809
2006-09-27,49.640881
2006-09-28,49.593224
2006-09-29,49.539581
2006-10-02,49.626911
2006-10-03,49.620975
2006-10-04,49.848213
2006-10-05,49.67474
2006-10-06,49.405628
2006-10-09,49.465397
2006-10-10,49.166374
2006-10-11,49.106529
2006-10-12,49.136429
2006-10-13,49.052685
2006-10-16,49.136429
2006-10-17,49.190258
2006-10-18,49.178288
2006-10-19,49.136429
2006-10-20,49.124493
2006-10-23,48.986904
2006-10-24,49.052685
2006-10-25,49.232132
2006-10-26,49.399601
2006-10-27,49.561096
2006-10-30,49.58503
2006-10-31,49.806335
2006-11-01,49.979275
2006-11-02,49.841171
2006-11-03,49.462925
2006-11-06,49.511009
2006-11-07,49.679096
2006-11-08,49.787125
2006-11-09,49.781128
2006-11-10,49.889183
2006-11-13,49.865158
2006-11-14,49.967274
2006-11-15,49.829147
2006-11-16,49.703075
2006-11-17,49.88319
2006-11-20,49.9132
2006-11-21,49.985264
2006-11-22,50.063305
2006-11-24,50.117329
2006-11-27,50.165371
2006-11-28,50.255463
2006-11-29,50.195385
2006-11-30,50.459534
2006-12-01,50.576412
2006-12-04,50.570385
2006-12-05,50.504124
2006-12-06,50.425797
2006-12-07,50.407753
2006-12-08,50.178745
2006-12-11,50.335411
2006-12-12,50.425797
2006-12-13,50.166718
2006-12-14,50.088371
2006-12-15,50.100414
2006-12-18,50.124489
2006-12-19,50.112461
2006-12-20,50.100414
2006-12-21,50.281193
2006-12-22,50.052238
2006-12-26,50.088371
2006-12-27,49.954823
2006-12-28,49.840004
2006-12-29,49.815853
2007-01-03,49.960888
2007-01-04,50.142181
2007-01-05,49.978996
2007-01-08,50.015224
2007-01-09,50.003159
2007-01-10,49.918571
2007-01-11,49.78561
2007-01-12,49.68293
2007-01-16,49.779579
2007-01-17,49.68293
2007-01-18,49.749378
2007-01-19,49.670803
2007-01-22,49.761448
2007-01-23,49.616444
2007-01-24,49.622471
2007-01-25,49.429115
2007-01-26,49.423065
2007-01-29,49.386795
2007-01-30,49.435143
2007-01-31,49.616444
2007-02-01,49.58062
2007-02-02,49.623138
2007-02-05,49.677731
2007-02-06,49.817207
2007-02-07,49.926403
2007-02-08,49.938511
2007-02-09,49.786903
2007-02-12,49.720127
2007-02-13,49.683784
2007-02-14,49.968861
2007-02-15,50.047703
2007-02-16,50.102329
2007-02-20,50.162968
2007-02-21,50.15686
2007-02-22,50.02953
2007-02-23,50.229656
2007-02-26,50.387394
2007-02-27,50.811962
2007-02-28,50.636086
2007-03-01,50.681686
2007-03-02,50.846024
2007-03-05,50.876419
2007-03-06,50.809521
2007-03-07,50.900814
2007-03-08,50.894749
2007-03-09,50.608677
2007-03-12,50.748669
2007-03-13,50.973816
2007-03-14,50.906872
2007-03-15,50.852093
2007-03-16,50.846024
2007-03-19,50.779083
2007-03-20,50.852093
2007-03-21,50.925167
2007-03-22,50.754765
2007-03-23,50.675606
2007-03-26,50.71825
2007-03-27,50.70607
2007-03-28,50.699989
2007-03-29,50.626972
2007-03-30,50.566074
2007-04-02,50.622276
2007-04-03,50.579556
2007-04-04,50.65897
2007-04-05,50.530632
2007-04-09,50.298477
2007-04-10,50.402351
2007-04-11,50.341263
2007-04-12,50.390175
2007-04-13,50.304607
2007-04-16,50.359608
2007-04-17,50.573387
2007-04-18,50.689487
2007-04-19,50.683395
2007-04-20,50.628433
2007-04-23,50.732265
2007-04-24,50.830059
2007-04-25,50.799484
2007-04-26,50.652859
2007-04-27,50.652859
2007-04-30,50.872746
2007-05-01,50.87524
2007-05-02,50.813927
2007-05-03,50.758724
2007-05-04,50.887524
2007-05-07,50.930428
2007-05-08,50.930428
2007-05-09,50.764812
2007-05-10,50.893623
2007-05-11,50.789352
2007-05-14,50.715805
2007-05-15,50.709644
2007-05-16,50.678997
2007-05-17,50.54406
2007-05-18,50.396915
2007-05-21,50.464348
2007-05-22,50.323269
2007-05-23,50.225208
2007-05-24,50.292648
2007-05-25,50.237419
2007-05-29,50.133221
2007-05-30,50.182243
2007-05-31,50.163849
2007-06-01,49.94772
2007-06-04,50.027756
2007-06-05,49.867695
2007-06-06,49.892338
2007-06-07,49.393593
2007-06-08,49.485939
2007-06-11,49.356625
2007-06-12,49.005669
2007-06-13,49.165741
2007-06-14,49.178093
2007-06-15,49.393593
2007-06-18,49.368938
2007-06-19,49.609108
2007-06-20,49.449017
2007-06-21,49.38744
2007-06-22,49.535225
2007-06-25,49.695263
2007-06-26,49.707623
2007-06-27,49.701473
2007-06-28,49.670692
2007-06-29,49.929276
2007-07-02,50.005295
2007-07-03,49.856956
2007-07-05,49.578815
2007-07-06,49.461353
2007-07-09,49.640625
2007-07-10,49.980625
2007-07-11,49.807472
2007-07-12,49.665352
2007-07-13,49.776596
2007-07-16,49.974422
2007-07-17,49.869316
2007-07-18,50.048576
2007-07-19,50.042419
2007-07-20,50.289642
2007-07-23,50.271053
2007-07-24,50.407082
2007-07-25,50.475063
2007-07-26,50.876842
2007-07-27,50.975758
2007-07-30,50.84594
2007-07-31,51.056129
2007-08-01,50.9146
2007-08-02,50.951824
2007-08-03,51.280754
2007-08-06,51.075943
2007-08-07,51.069748
2007-08-08,50.716038
2007-08-09,51.001514
2007-08-10,50.926998
2007-08-13,51.007717
2007-08-14,51.193832
2007-08-15,51.286934
2007-08-16,51.485497
2007-08-17,51.522736
2007-08-20,51.634438
2007-08-21,51.857853
2007-08-22,51.690285
2007-08-23,51.708881
2007-08-24,51.727478
2007-08-27,51.870213
2007-08-28,52.137077
2007-08-29,51.938477
2007-08-30,52.199085
2007-08-31,52.21151
2007-09-04,52.114307
2007-09-05,52.438263
2007-09-06,52.326149
2007-09-07,52.886837
2007-09-10,53.00528
2007-09-11,52.89304
2007-09-12,52.76228
2007-09-13,52.450737
2007-09-14,52.519295
2007-09-17,52.550415
2007-09-18,52.494354
2007-09-19,52.30748
2007-09-20,51.715618
2007-09-21,51.977272
2007-09-24,52.045803
2007-09-25,52.052029
2007-09-26,52.070747
2007-09-27,52.238914
2007-09-28,52.257599
2007-10-01,52.320122
2007-10-02,52.43272
2007-10-03,52.39521
2007-10-04,52.48901
2007-10-05,52.026249
2007-10-08,52.213863
2007-10-09,52.05125
2007-10-10,52.101303
2007-10-11,52.10754
2007-10-12,51.932453
2007-10-15,51.982479
2007-10-16,52.12627
2007-10-17,52.445225
2007-10-18,52.645298
2007-10-19,53.095539
2007-10-22,52.995499
2007-10-23,52.98299
2007-10-24,53.251873
2007-10-25,53.208076
2007-10-26,53.076759
2007-10-29,53.120541
2007-10-30,53.176788
2007-10-31,52.820442
2007-11-01,53.251495
2007-11-02,53.395809
2007-11-05,53.333084
2007-11-06,53.238968
2007-11-07,53.433502
2007-11-08,53.552715
2007-11-09,53.872772
2007-11-12,53.9669
2007-11-13,53.69075
2007-11-14,53.728394
2007-11-15,54.029659
2007-11-16,54.029659
2007-11-19,54.418694
2007-11-20,54.274376
2007-11-21,54.701061
2007-11-23,54.537918
2007-11-26,55.284695
2007-11-27,54.770081
2007-11-28,54.575596
2007-11-29,54.883087
2007-11-30,54.958389
2007-12-03,55.175598
2007-12-04,55.225964
2007-12-05,55.018188
2007-12-06,54.728542
2007-12-07,54.375946
2007-12-10,54.250034
2007-12-11,54.992981
2007-12-12,54.533356
2007-12-13,54.130405
2007-12-14,53.973015
2007-12-17,54.294106
2007-12-18,54.401108
2007-12-19,54.835606
2007-12-20,54.747452
2007-12-21,54.35075
2007-12-24,54.193344
2007-12-26,53.93523
2007-12-27,54.297306
2007-12-28,54.733341
2007-12-31,54.986145
2008-01-02,55.377968
2008-01-03,55.491688
2008-01-04,55.637012
2008-01-07,55.738144
2008-01-08,55.858257
2008-01-09,55.769711
2008-01-10,55.618126
2008-01-11,55.971981
2008-01-14,55.997269
2008-01-15,56.3638
2008-01-16,56.256332
2008-01-17,56.711376
2008-01-18,56.629215
2008-01-22,57.261139
2008-01-23,56.995773
2008-01-24,56.477554
2008-01-25,57.002075
2008-01-28,56.793514
2008-01-29,56.566032
2008-01-30,56.540756
2008-01-31,56.831432
2008-02-01,57.015915
2008-02-04,56.698967
2008-02-05,57.098312
2008-02-06,56.996922
2008-02-07,56.356628
2008-02-08,56.832047
2008-02-11,56.958866
2008-02-12,56.838436
2008-02-13,56.597538
2008-02-14,56.286877
2008-02-15,56.407341
2008-02-19,56.001595
2008-02-20,55.95092
2008-02-21,56.527752
2008-02-22,56.369308
2008-02-25,55.995262
2008-02-26,56.13475
2008-02-27,56.267857
2008-02-28,56.927147
2008-02-29,57.535721
2008-03-03,57.389484
2008-03-04,57.173298
2008-03-05,56.925247
2008-03-06,57.38316
2008-03-07,57.58025
2008-03-10,57.993576
2008-03-11,57.36404
2008-03-12,58.025375
2008-03-13,57.720188
2008-03-14,58.317871
2008-03-17,58.610401
2008-03-18,58.209805
2008-03-19,58.712158
2008-03-20,58.839321
2008-03-24,57.802856
2008-03-25,58.006306
2008-03-26,58.05085
2008-03-27,57.974499
2008-03-28,58.2034
2008-03-31,58.305176
2008-04-01,57.795357
2008-04-02,57.603931
2008-04-03,57.603931
2008-04-04,58.044201
2008-04-07,57.661373
2008-04-08,57.667759
2008-04-09,58.012299
2008-04-10,57.782604
2008-04-11,58.031433
2008-04-14,57.884682
2008-04-15,57.623055
2008-04-16,57.233837
2008-04-17,57.099865
2008-04-18,57.042442
2008-04-21,57.048855
2008-04-22,57.09351
2008-04-23,57.036064
2008-04-24,56.589397
2008-04-25,56.512875
2008-04-28,56.614952
2008-04-29,56.717052
2008-04-30,56.895668
2008-05-01,56.889324
2008-05-02,56.428406
2008-05-05,56.511688
2008-05-06,56.332447
2008-05-07,56.556458
2008-05-08,56.92136
2008-05-09,56.985294
2008-05-12,56.889324
2008-05-13,56.415611
2008-05-14,56.396389
2008-05-15,56.710068
2008-05-16,56.61409
2008-05-19,56.742096
2008-05-20,56.914921
2008-05-21,56.780502
2008-05-22,56.409264
2008-05-23,56.658867
2008-05-27,56.383675
2008-05-28,55.961182
2008-05-29,55.698769
2008-05-30,55.884388
2008-06-02,56.216488
2008-06-03,56.511906
2008-06-04,56.306423
2008-06-05,56.010944
2008-06-06,56.499084
2008-06-09,56.094475
2008-06-10,55.76038
2008-06-11,55.818214
2008-06-12,55.330059
2008-06-13,55.201607
2008-06-16,55.208061
2008-06-17,55.394299
2008-06-18,55.696159
2008-06-19,55.375034
2008-06-20,55.631943
2008-06-23,55.606266
2008-06-24,55.90173
2008-06-25,55.895306
2008-06-26,56.210064
2008-06-27,56.486271
2008-06-30,56.524803
2008-07-01,56.371422
2008-07-02,56.506794
2008-07-03,56.526108
2008-07-07,56.790306
2008-07-08,56.932117
2008-07-09,57.202763
2008-07-10,57.222118
2008-07-11,56.687218
2008-07-14,56.990105
2008-07-15,57.196369
2008-07-16,56.674347
2008-07-17,56.403671
2008-07-18,56.2103
2008-07-21,56.339203
2008-07-22,56.145889
2008-07-23,56.055634
2008-07-24,56.538982
2008-07-25,56.2103
2008-07-28,56.532513
2008-07-29,56.371422
2008-07-30,56.480976
2008-07-31,56.932117
2008-08-01,56.960541
2008-08-04,56.921719
2008-08-05,56.630768
2008-08-06,56.650108
2008-08-07,57.180397
2008-08-08,57.154591
2008-08-11,56.876469
2008-08-12,57.270969
2008-08-13,57.14809
2008-08-14,57.322712
2008-08-15,57.536079
2008-08-18,57.678383
2008-08-19,57.594337
2008-08-20,57.762447
2008-08-21,57.639561
2008-08-22,57.471489
2008-08-25,57.85305
2008-08-26,57.872406
2008-08-27,57.956432
2008-08-28,57.872406
2008-08-29,57.801201
2008-09-02,58.115929
2008-09-03,58.258656
2008-09-04,58.550629
2008-09-05,58.420898
2008-09-08,58.427387
2008-09-09,58.69339
2008-09-10,58.544147
2008-09-11,58.440369
2008-09-12,58.148373
2008-09-15,59.264389
2008-09-16,59.095661
2008-09-17,59.627712
2008-09-18,58.926926
2008-09-19,57.875809
2008-09-22,57.752571
2008-09-23,57.752571
2008-09-24,57.901844
2008-09-25,57.72665
2008-09-26,57.687672
2008-09-29,58.492245
2008-09-30,57.720165
2008-10-01,58.127071
2008-10-02,58.452599
2008-10-03,58.673958
2008-10-06,59.149261
2008-10-07,59.103661
2008-10-08,58.348446
2008-10-09,57.762455
2008-10-10,57.085358
2008-10-13,56.694729
2008-10-14,56.42778
2008-10-15,56.890049
2008-10-16,56.903065
2008-10-17,57.261131
2008-10-20,57.319782
2008-10-21,57.92524
2008-10-22,58.367935
2008-10-23,58.446075
2008-10-24,58.198677
2008-10-27,58.166157
2008-10-28,57.69733
2008-10-29,57.781998
2008-10-30,57.339245
2008-10-31,57.22208
2008-11-03,57.313557
2008-11-04,57.999664
2008-11-05,58.306778
2008-11-06,58.130344
2008-11-07,57.921242
2008-11-10,57.980053
2008-11-11,58.195694
2008-11-12,58.555084
2008-11-13,58.130344
2008-11-14,58.705387
2008-11-17,58.953724
2008-11-18,59.41116
2008-11-19,60.051476
2008-11-20,61.260361
2008-11-21,60.698357
2008-11-24,60.129936
2008-11-25,61.162342
2008-11-26,61.534805
2008-11-28,61.658989
2008-12-01,62.493572
2008-12-02,62.821358
2008-12-03,62.919731
2008-12-04,63.313107
2008-12-05,62.644325
2008-12-08,62.408344
2008-12-09,62.939407
2008-12-10,62.880344
2008-12-11,63.260654
2008-12-12,63.437653
2008-12-15,63.575333
2008-12-16,64.58503
2008-12-17,65.024307
2008-12-18,65.463493
2008-12-19,65.247124
2008-12-22,65.076668
2008-12-23,65.04393
2008-12-24,64.978371
2008-12-26,65.325867
2008-12-29,65.469986
2008-12-30,65.562057
2008-12-31,64.838219
2009-01-02,63.910374
2009-01-05,63.798504
2009-01-06,63.758968
2009-01-07,63.772198
2009-01-08,63.943245
2009-01-09,64.23941
2009-01-12,64.640793
2009-01-13,64.686798
2009-01-14,65.048782
2009-01-15,64.996155
2009-01-16,64.397369
2009-01-20,64.298592
2009-01-21,63.726067
2009-01-22,63.30497
2009-01-23,63.318119
2009-01-26,63.160168
2009-01-27,63.574741
2009-01-28,63.166733
2009-01-29,62.344193
2009-01-30,62.317886
2009-02-02,62.823364
2009-02-03,62.28223
2009-02-04,61.965485
2009-02-05,62.110657
2009-02-06,61.734482
2009-02-09,61.609138
2009-02-10,62.434021
2009-02-11,62.91573
2009-02-12,62.895954
2009-02-13,62.401077
2009-02-17,63.450275
2009-02-18,62.988338
2009-02-19,62.638584
2009-02-20,62.816753
2009-02-23,62.876183
2009-02-24,62.638584
2009-02-25,62.071049
2009-02-26,61.91267
2009-02-27,61.859921
2009-03-02,62.480507
2009-03-03,62.40115
2009-03-04,62.083534
2009-03-05,62.811344
2009-03-06,62.513577
2009-03-09,62.540054
2009-03-10,62.083534
2009-03-11,62.526791
2009-03-12,62.705494
2009-03-13,62.659172
2009-03-16,62.30188
2009-03-17,62.182777
2009-03-18,64.313316
2009-03-19,64.094986
2009-03-20,64.094986
2009-03-23,63.876617
2009-03-24,63.783981
2009-03-25,63.400196
2009-03-26,63.565678
2009-03-27,63.52594
2009-03-30,63.797234
2009-03-31,63.909748
2009-04-01,64.066307
2009-04-02,63.648293
2009-04-03,62.918354
2009-04-06,62.772366
2009-04-07,62.931625
2009-04-08,63.243496
2009-04-09,62.871922
2009-04-13,63.243496
2009-04-14,63.568611
2009-04-15,63.628353
2009-04-16,63.376244
2009-04-17,62.865269
2009-04-20,63.303204
2009-04-21,63.057728
2009-04-22,62.90509
2009-04-23,62.891777
2009-04-24,62.646324
2009-04-27,62.90509
2009-04-28,62.599869
2009-04-29,62.26141
2009-04-30,62.155254
2009-05-01,61.955574
2009-05-04,62.015549
2009-05-05,62.002167
2009-05-06,62.028843
2009-05-07,61.509689
2009-05-08,61.582909
2009-05-11,62.161945
2009-05-12,62.122036
2009-05-13,62.408157
2009-05-14,62.414822
2009-05-15,62.261719
2009-05-18,61.895706
2009-05-19,61.809177
2009-05-20,62.002167
2009-05-21,61.323345
2009-05-22,60.963921
2009-05-26,60.557964
2009-05-27,59.872467
2009-05-28,60.185242
2009-05-29,60.864075
2009-06-01,59.870831
2009-06-02,60.071064
2009-06-03,60.438259
2009-06-04,59.737301
2009-06-05,59.143215
2009-06-08,58.842861
2009-06-09,59.09647
2009-06-10,58.742725
2009-06-11,59.143215
2009-06-12,59.456963
2009-06-15,59.723972
2009-06-16,60.057777
2009-06-17,59.897549
2009-06-18,59.169945
2009-06-19,59.443592
2009-06-22,59.764008
2009-06-23,59.957634
2009-06-24,59.730625
2009-06-25,60.478256
2009-06-26,60.55843
2009-06-29,60.685223
2009-06-30,60.525036
2009-07-01,60.486198
2009-07-02,60.686977
2009-07-06,60.727158
2009-07-07,60.968151
2009-07-08,61.671024
2009-07-09,61.309528
2009-07-10,61.691059
2009-07-13,61.4702
2009-07-14,61.061905
2009-07-15,60.272026
2009-07-16,60.633488
2009-07-17,60.225147
2009-07-20,60.446026
2009-07-21,61.12207
2009-07-22,60.760628
2009-07-23,60.171535
2009-07-24,60.298733
2009-07-27,60.017666
2009-07-28,60.138119
2009-07-29,60.178238
2009-07-30,60.419254
2009-07-31,61.028355
2009-08-03,60.379898
2009-08-04,60.20536
2009-08-05,59.862957
2009-08-06,59.862957
2009-08-07,59.466896
2009-08-10,59.849564
2009-08-11,60.265762
2009-08-12,60.097893
2009-08-13,60.56789
2009-08-14,60.755844
2009-08-17,61.171974
2009-08-18,60.957218
2009-08-19,61.185493
2009-08-20,61.346611
2009-08-21,60.722282
2009-08-24,61.098213
2009-08-25,61.2593
2009-08-26,61.339886
2009-08-27,61.171974
2009-08-28,61.313057
2009-08-31,61.494267
2009-09-01,61.653847
2009-09-02,61.99044
2009-09-03,61.76833
2009-09-04,61.398022
2009-09-08,61.256634
2009-09-09,61.310539
2009-09-10,61.76833
2009-09-11,61.950062
2009-09-14,61.58654
2009-09-15,61.45866
2009-09-16,61.411514
2009-09-17,61.714466
2009-09-18,61.384552
2009-09-21,61.34409
2009-09-22,61.50576
2009-09-23,61.640385
2009-09-24,61.80867
2009-09-25,62.057724
2009-09-28,62.165462
2009-09-29,62.138596
2009-09-30,62.185715
2009-10-01,62.65353
2009-10-02,62.626549
2009-10-05,62.61974
2009-10-06,62.417282
2009-10-07,62.815578
2009-10-08,62.586029
2009-10-09,61.985184
2009-10-12,62.167484
2009-10-13,62.309246
2009-10-14,61.883923
2009-10-15,61.681438
2009-10-16,61.964985
2009-10-19,62.059479
2009-10-20,62.201241
2009-10-21,62.059479
2009-10-22,61.877167
2009-10-23,61.573471
2009-10-26,61.222363
2009-10-27,61.748894
2009-10-28,61.937965
2009-10-29,61.640877
2009-10-30,62.099979
2009-11-02,61.936577
2009-11-03,61.793606
2009-11-04,61.623428
2009-11-05,61.637051
2009-11-06,61.820881
2009-11-09,61.848045
2009-11-10,61.895729
2009-11-11,62.072746
2009-11-12,62.093159
2009-11-13,62.140827
2009-11-16,62.474388
2009-11-17,62.610535
2009-11-18,62.453995
2009-11-19,62.528873
2009-11-20,62.521996
2009-11-23,62.433548
2009-11-24,62.753494
2009-11-25,62.964569
2009-11-27,63.250462
2009-11-30,63.352615
2009-12-01,63.003223
2009-12-02,62.873615
2009-12-03,62.580235
2009-12-04,62.11628
2009-12-07,62.286842
2009-12-08,62.505196
2009-12-09,62.38232
2009-12-10,62.170815
2009-12-11,61.863823
2009-12-14,61.863823
2009-12-15,61.665916
2009-12-16,61.665916
2009-12-17,62.211803
2009-12-18,61.904762
2009-12-21,61.270184
2009-12-22,60.99728
2009-12-23,60.969986
2009-12-24,60.751648
2009-12-28,60.587963
2009-12-29,60.747852
2009-12-30,60.857235
2009-12-31,60.56332
2010-01-04,60.71368
2010-01-05,60.980301
2010-01-06,60.734184
2010-01-07,60.734184
2010-01-08,60.809383
2010-01-11,60.850426
2010-01-12,61.287872
2010-01-13,60.993931
2010-01-14,61.281055
2010-01-15,61.554478
2010-01-19,61.445118
2010-01-20,61.657032
2010-01-21,61.882576
2010-01-22,61.937252
2010-01-25,61.800575
2010-01-26,61.923603
2010-01-27,61.780014
2010-01-28,61.759556
2010-01-29,61.998848
2010-02-01,61.786163
2010-02-02,61.88903
2010-02-03,61.594139
2010-02-04,62.101639
2010-02-05,62.300533
2010-02-08,62.245705
2010-02-09,61.909592
2010-02-10,61.738144
2010-02-11,61.662758
2010-02-12,61.806759
2010-02-16,61.943935
2010-02-17,61.614708
2010-02-18,61.39529
2010-02-19,61.429558
2010-02-22,61.38155
2010-02-23,61.847878
2010-02-24,61.882183
2010-02-25,62.108536
2010-02-26,62.20454
2010-03-01,62.269173
2010-03-02,62.303577
2010-03-03,62.24168
2010-03-04,62.351734
2010-03-05,62.055984
2010-03-08,61.890896
2010-03-09,62.049107
2010-03-10,61.945995
2010-03-11,61.890896
2010-03-12,61.987244
2010-03-15,61.987244
2010-03-16,62.22794
2010-03-17,62.303577
2010-03-18,62.138538
2010-03-19,62.055984
2010-03-22,62.262287
2010-03-23,62.131622
2010-03-24,61.512711
2010-03-25,61.28574
2010-03-26,61.430183
2010-03-29,61.340816
2010-03-30,61.402706
2010-03-31,61.547119
2010-04-01,61.419498
2010-04-05,60.867821
2010-04-06,61.047123
2010-04-07,61.426434
2010-04-08,61.357479
2010-04-09,61.426434
2010-04-12,61.591957
2010-04-13,61.709213
2010-04-14,61.543667
2010-04-15,61.647102
2010-04-16,62.019527
2010-04-19,61.867764
2010-04-20,61.895363
2010-04-21,62.095417
2010-04-22,61.950554
2010-04-23,61.778141
2010-04-26,61.819477
2010-04-27,62.398781
2010-04-28,62.081581
2010-04-29,62.185013
2010-04-30,62.564339
2010-05-03,62.400436
2010-05-04,62.822372
2010-05-05,63.064453
2010-05-06,63.756184
2010-05-07,63.583256
2010-05-10,63.099045
2010-05-11,63.175137
2010-05-12,63.016006
2010-05-13,63.188923
2010-05-14,63.597095
2010-05-17,63.458763
2010-05-18,63.922188
2010-05-19,63.977539
2010-05-20,64.60009
2010-05-21,64.634651
2010-05-24,64.634651
2010-05-25,64.856003
2010-05-26,64.724609
2010-05-27,64.108971
2010-05-28,64.399506
2010-06-01,64.482788
2010-06-02,64.11512
2010-06-03,64.024925
2010-06-04,64.912788
2010-06-07,65.176384
2010-06-08,64.975212
2010-06-09,64.982147
2010-06-10,64.378677
2010-06-11,64.787956
2010-06-14,64.732422
2010-06-15,64.531334
2010-06-16,64.711609
2010-06-17,65.016884
2010-06-18,64.88504
2010-06-21,64.836494
2010-06-22,65.224953
2010-06-23,65.467758
2010-06-24,65.412239
2010-06-25,65.516273
2010-06-28,65.981056
2010-06-29,66.265457
2010-06-30,66.362556
2010-07-01,66.333313
2010-07-02,66.215157
2010-07-06,66.375053
2010-07-07,66.16642
2010-07-08,66.006523
2010-07-09,65.832573
2010-07-12,65.943878
2010-07-13,65.617004
2010-07-14,65.943878
2010-07-15,66.284645
2010-07-16,66.667137
2010-07-19,66.493279
2010-07-20,66.562828
2010-07-21,66.987068
2010-07-22,66.618469
2010-07-23,66.402878
2010-07-26,66.382034
2010-07-27,66.152519
2010-07-28,66.437653
2010-07-29,66.576797
2010-07-30,66.966202
2010-08-02,66.759048
2010-08-03,67.072937
2010-08-04,66.793976
2010-08-05,67.114708
2010-08-06,67.554024
2010-08-09,67.540054
2010-08-10,67.88176
2010-08-11,68.265244
2010-08-12,68.090927
2010-08-13,68.38382
2010-08-16,68.87886
2010-08-17,68.53022
2010-08-18,68.460449
2010-08-19,68.767296
2010-08-20,68.544197
2010-08-23,68.634804
2010-08-24,69.178734
2010-08-25,68.864929
2010-08-26,69.178734
2010-08-27,68.38382
2010-08-30,68.906815
2010-08-31,69.213615
2010-09-01,68.71521
2010-09-02,68.428604
2010-09-03,68.037163
2010-09-07,68.575348
2010-09-08,68.386627
2010-09-09,67.848366
2010-09-10,67.652664
2010-09-13,67.974167
2010-09-14,68.316772
2010-09-15,68.079063
2010-09-16,67.84137
2010-09-17,67.995178
2010-09-20,68.204849
2010-09-21,68.840973
2010-09-22,68.945824
2010-09-23,69.043678
2010-09-24,68.701118
2010-09-27,69.232468
2010-09-28,69.463135
2010-09-29,69.295433
2010-09-30,69.211494
2010-10-01,69.248627
2010-10-04,69.493881
2010-10-05,69.507874
2010-10-06,69.956314
2010-10-07,70.02636
2010-10-08,70.054443
2010-10-11,70.124504
2010-10-12,69.921349
2010-10-13,69.921349
2010-10-14,69.521973
2010-10-15,69.220604
2010-10-18,69.549957
2010-10-19,69.788185
2010-10-20,69.746094
2010-10-21,69.360748
2010-10-22,69.381805
2010-10-25,69.360748
2010-10-26,68.898308
2010-10-27,68.498909
2010-10-28,68.898308
2010-10-29,69.206535
2010-11-01,69.090691
2010-11-02,69.322456
2010-11-03,69.547241
2010-11-04,70.109108
2010-11-05,69.814117
2010-11-08,69.835175
2010-11-09,69.245178
2010-11-10,69.505074
2010-11-11,69.427795
2010-11-12,68.851936
2010-11-15,67.966972
2010-11-16,68.472641
2010-11-17,68.275978
2010-11-18,68.114426
2010-11-19,68.254951
2010-11-22,68.620102
2010-11-23,68.76062
2010-11-24,68.023117
2010-11-26,68.3181
2010-11-29,68.465652
2010-11-30,68.585022
2010-12-01,67.683044
2010-12-02,67.514114
2010-12-03,67.521172
2010-12-06,67.943558
2010-12-07,66.817078
2010-12-08,66.246742
2010-12-09,66.387619
2010-12-10,65.824326
2010-12-13,66.035545
2010-12-14,65.338516
2010-12-15,65.070969
2010-12-16,65.458191
2010-12-17,66.021469
2010-12-20,66.01442
2010-12-21,66.155243
2010-12-22,65.972176
2010-12-23,65.739815
2010-12-27,65.993294
2010-12-28,65.300072
2010-12-29,66.034241
2010-12-30,65.900101
2010-12-31,66.231934
2011-01-03,66.027168
2011-01-04,66.18248
2011-01-05,65.469467
2011-01-06,65.808311
2011-01-07,66.24601
2011-01-10,66.471886
2011-01-11,66.210709
2011-01-12,66.020164
2011-01-13,66.46489
2011-01-14,66.281326
2011-01-18,66.118935
2011-01-19,66.288422
2011-01-20,65.773041
2011-01-21,65.99189
2011-01-24,65.998962
2011-01-25,66.330742
2011-01-26,65.928375
2011-01-27,66.175438
2011-01-28,66.478935
2011-01-31,66.217735
2011-02-01,65.909904
2011-02-02,65.754204
2011-02-03,65.37912
2011-02-04,64.975723
2011-02-07,64.947388
2011-02-08,64.501526
2011-02-09,64.869606
2011-02-10,64.657211
2011-02-11,64.954521
2011-02-14,64.975723
2011-02-15,65.124359
2011-02-16,65.032356
2011-02-17,65.27298
2011-02-18,65.258797
2011-02-22,65.888741
2011-02-23,65.725937
2011-02-24,65.895813
2011-02-25,66.108025
2011-02-28,66.079781
2011-03-01,66.155029
2011-03-02,65.807327
2011-03-03,65.360497
2011-03-04,65.828644
2011-03-07,65.66552
2011-03-08,65.509438
2011-03-09,65.892479
2011-03-10,66.452888
2011-03-11,66.296814
2011-03-14,66.445801
2011-03-15,66.686989
2011-03-16,67.254456
2011-03-17,67.048737
2011-03-18,67.006218
2011-03-21,66.658577
2011-03-22,66.694023
2011-03-23,66.608963
2011-03-24,66.268448
2011-03-25,66.091103
2011-03-28,66.112411
2011-03-29,65.920883
2011-03-30,66.147903
2011-03-31,65.9776
2011-04-01,66.118454
2011-04-04,66.267769
2011-04-05,65.933502
2011-04-06,65.648994
2011-04-07,65.656113
2011-04-08,65.464081
2011-04-11,65.549454
2011-04-12,65.919342
2011-04-13,66.175354
2011-04-14,65.954872
2011-04-15,66.438522
2011-04-18,66.602089
2011-04-19,66.687485
2011-04-20,66.424309
2011-04-21,66.474037
2011-04-25,66.708817
2011-04-26,66.993248
2011-04-27,66.801292
2011-04-28,67.057304
2011-04-29,67.192497
2011-05-02,67.171791
2011-05-03,67.350021
2011-05-04,67.521187
2011-05-05,67.856331
2011-05-06,67.892036
2011-05-09,67.991776
2011-05-10,67.663788
2011-05-11,67.906242
2011-05-12,67.756485
2011-05-13,68.020317
2011-05-16,68.184296
2011-05-17,68.384003
2011-05-18,67.991776
2011-05-19,68.063141
2011-05-20,68.227112
2011-05-23,68.319801
2011-05-24,68.391106
2011-05-25,68.398239
2011-05-26,68.776184
2011-05-27,68.769066
2011-05-31,68.876091
2011-06-01,69.443626
2011-06-02,69.028976
2011-06-03,69.300682
2011-06-06,69.257782
2011-06-07,69.386459
2011-06-08,69.536568
2011-06-09,69.257782
2011-06-10,69.479378
2011-06-13,69.329247
2011-06-14,68.778786
2011-06-15,69.522339
2011-06-16,69.715302
2011-06-17,69.66526
2011-06-20,69.557991
2011-06-21,69.465088
2011-06-22,69.436523
2011-06-23,69.801094
2011-06-24,70.094223
2011-06-27,69.822586
2011-06-28,69.179108
2011-06-29,68.76458
2011-06-30,68.52861
2011-07-01,68.357315
2011-07-05,68.78727
2011-07-06,68.909081
2011-07-07,68.643929
2011-07-08,69.374893
2011-07-11,69.90519
2011-07-12,70.005531
2011-07-13,70.120171
2011-07-14,69.718864
2011-07-15,70.005531
2011-07-18,69.962517
2011-07-19,70.227646
2011-07-20,69.883713
2011-07-21,69.496712
2011-07-22,69.761879
2011-07-25,69.539711
2011-07-26,69.833519
2011-07-27,69.718864
2011-07-28,69.855049
2011-07-29,70.700623
2011-08-01,70.957748
2011-08-02,71.611519
2011-08-03,71.668961
2011-08-04,72.617142
2011-08-05,71.77668
2011-08-08,72.918892
2011-08-09,73.342697
2011-08-10,74.312477
2011-08-11,73.220581
2011-08-12,73.730629
2011-08-15,73.457634
2011-08-16,73.79525
2011-08-17,74.312477
2011-08-18,74.700333
2011-08-19,74.779381
2011-08-22,74.642876
2011-08-23,74.341179
2011-08-24,73.543854
2011-08-25,73.996346
2011-08-26,74.233467
2011-08-29,73.744995
2011-08-30,74.25499
2011-08-31,73.989204
2011-09-01,74.578842
2011-09-02,75.262787
2011-09-06,75.363541
2011-09-07,74.960365
2011-09-08,75.327576
2011-09-09,75.694756
2011-09-12,75.464401
2011-09-13,75.241196
2011-09-14,75.28437
2011-09-15,74.722824
2011-09-16,74.866814
2011-09-19,75.478783
2011-09-20,75.579559
2011-09-21,75.903534
2011-09-22,76.609093
2011-09-23,75.975494
2011-09-26,75.658699
2011-09-27,75.154808
2011-09-28,75.169197
2011-09-29,75.169197
2011-09-30,75.644325
2011-10-03,76.344833
2011-10-04,75.955269
2011-10-05,75.637848
2011-10-06,75.111191
2011-10-07,74.721703
2011-10-10,73.935387
2011-10-11,74.180626
2011-10-12,73.928177
2011-10-13,74.22393
2011-10-14,73.855995
2011-10-17,74.339363
2011-10-18,74.259979
2011-10-19,74.375458
2011-10-20,74.22393
2011-10-21,74.086838
2011-10-24,74.050797
2011-10-25,74.685638
2011-10-26,74.137367
2011-10-27,73.242844
2011-10-28,73.682922
2011-10-31,74.67115
2011-11-01,75.566803
2011-11-02,75.386139
2011-11-03,75.031937
2011-11-04,75.255966
2011-11-07,75.342728
2011-11-08,75.003029
2011-11-09,75.667961
2011-11-10,75.299385
2011-11-11,74.9524
2011-11-14,75.422226
2011-11-15,75.321007
2011-11-16,75.595711
2011-11-17,75.747543
2011-11-18,75.46563
2011-11-21,75.675262
2011-11-22,75.906555
2011-11-23,76.166771
2011-11-25,75.682442
2011-11-28,75.68972
2011-11-29,75.545113
2011-11-30,75.104187
2011-12-01,75.082458
2011-12-02,75.415665
2011-12-05,75.3722
2011-12-06,75.176613
2011-12-07,75.517044
2011-12-08,75.900871
2011-12-09,75.379402
2011-12-12,75.640144
2011-12-13,75.987793
2011-12-14,76.306465
2011-12-15,76.241257
2011-12-16,76.610634
2011-12-19,76.87133
2011-12-20,76.176048
2011-12-21,75.929848
2011-12-22,76.023994
2011-12-23,75.712547
2011-12-27,75.755341
2011-12-28,76.234215
2011-12-29,76.328552
2011-12-30,76.597046
2012-01-03,76.110931
2012-01-04,75.871452
2012-01-05,75.885986
2012-01-06,76.183464
2012-01-09,76.19796
2012-01-10,76.045586
2012-01-11,76.488159
2012-01-12,76.328552
2012-01-13,76.669518
2012-01-17,76.742126
2012-01-18,76.502701
2012-01-19,76.045586
2012-01-20,75.784401
2012-01-23,75.617531
2012-01-24,75.704597
2012-01-25,76.067345
2012-01-26,76.47364
2012-01-27,76.705849
2012-01-30,76.967056
2012-01-31,77.25724
2012-02-01,76.989037
2012-02-02,77.098122
2012-02-03,76.487495
2012-02-06,76.698318
2012-02-07,76.204079
2012-02-08,76.240372
2012-02-09,76.066002
2012-02-10,76.494781
2012-02-13,76.443932
2012-02-14,76.603813
2012-02-15,76.661942
2012-02-16,76.313057
2012-02-17,76.233185
2012-02-21,75.956879
2012-02-22,76.254967
2012-02-23,76.363945
2012-02-24,76.422119
2012-02-27,76.676514
2012-02-28,76.712845
2012-02-29,76.407623
2012-03-01,76.160004
2012-03-02,76.465805
2012-03-05,76.312927
2012-03-06,76.63327
2012-03-07,76.487625
2012-03-08,76.261932
2012-03-09,76.203728
2012-03-12,76.181885
2012-03-13,75.635841
2012-03-14,74.769455
2012-03-15,74.747581
2012-03-16,74.725769
2012-03-19,74.267128
2012-03-20,74.30349
2012-03-21,74.682114
2012-03-22,74.776733
2012-03-23,75.053375
2012-03-26,74.966034
2012-03-27,75.381058
2012-03-28,75.249962
2012-03-29,75.563011
2012-03-30,75.19175
2012-04-02,75.371857
2012-04-03,74.817574
2012-04-04,75.196846
2012-04-05,75.532341
2012-04-09,76.305374
2012-04-10,76.662766
2012-04-11,76.363739
2012-04-12,76.210556
2012-04-13,76.669991
2012-04-16,76.648079
2012-04-17,76.567871
2012-04-18,76.721069
2012-04-19,76.808571
2012-04-20,76.815811
2012-04-23,76.969032
2012-04-24,76.772125
2012-04-25,76.67733
2012-04-26,76.932541
2012-04-27,77.012764
2012-04-30,77.078377
2012-05-01,76.938164
2012-05-02,77.084229
2012-05-03,77.076912
2012-05-04,77.383698
2012-05-07,77.361847
2012-05-08,77.537155
2012-05-09,77.602875
2012-05-10,77.493271
2012-05-11,77.748993
2012-05-14,78.092308
2012-05-15,78.114159
2012-05-16,78.172577
2012-05-17,78.464798
2012-05-18,78.413673
2012-05-21,78.209183
2012-05-22,78.041168
2012-05-23,78.245651
2012-05-24,78.077705
2012-05-25,78.3041
2012-05-29,78.238365
2012-05-30,78.983414
2012-05-31,79.290222
2012-06-01,79.971344
2012-06-04,79.510445
2012-06-05,79.247009
2012-06-06,78.727608
2012-06-07,78.917778
2012-06-08,78.976357
2012-06-11,79.188545
2012-06-12,78.764145
2012-06-13,79.18119
2012-06-14,78.96907
2012-06-15,79.334846
2012-06-18,79.312836
2012-06-19,79.042221
2012-06-20,78.881248
2012-06-21,79.049477
2012-06-22,78.705666
2012-06-25,79.13723
2012-06-26,78.961678
2012-06-27,79.071465
2012-06-28,79.327515
2012-06-29,78.961678
2012-07-02,79.328094
2012-07-03,79.130249
2012-07-05,79.342712
2012-07-06,79.621147
2012-07-09,79.840889
2012-07-10,79.877533
2012-07-11,79.804283
2012-07-12,79.987465
2012-07-13,79.921555
2012-07-16,80.097382
2012-07-17,79.89225
2012-07-18,79.972809
2012-07-19,79.855583
2012-07-20,80.170593
2012-07-23,80.302536
2012-07-24,80.456329
2012-07-25,80.500328
2012-07-26,80.251251
2012-07-27,79.672432
2012-07-30,79.928848
2012-07-31,80.068108
2012-08-01,79.776031
2012-08-02,79.966827
2012-08-03,79.548546
2012-08-06,79.599884
2012-08-07,79.181671
2012-08-08,79.071579
2012-08-09,79.012894
2012-08-10,79.240433
2012-08-13,79.189011
2012-08-14,78.800117
2012-08-15,78.40387
2012-08-16,78.213074
2012-08-17,78.308479
2012-08-20,78.352516
2012-08-21,78.418549
2012-08-22,79.027588
2012-08-23,79.167015
2012-08-24,79.130333
2012-08-27,79.33577
2012-08-28,79.36512
2012-08-29,79.313774
2012-08-30,79.460518
2012-08-31,79.974121
2012-09-04,79.791168
2012-09-05,79.761749
2012-09-06,79.217995
2012-09-07,79.320908
2012-09-10,79.357689
2012-09-11,79.210709
2012-09-12,78.821259
2012-09-13,79.049026
2012-09-14,78.306915
2012-09-17,78.468483
2012-09-18,78.666954
2012-09-19,78.850616
2012-09-20,78.894684
2012-09-21,79.063751
2012-09-24,79.240158
2012-09-25,79.533989
2012-09-26,79.8647
2012-09-27,79.695602
2012-09-28,79.695602
2012-10-01,79.843529
2012-10-02,79.79203
2012-10-03,79.872948
2012-10-04,79.55661
2012-10-05,79.196045
2012-10-08,79.45359
2012-10-09,79.291748
2012-10-10,79.483009
2012-10-11,79.55661
2012-10-12,79.563919
2012-10-15,79.586029
2012-10-16,79.2108
2012-10-17,78.710487
2012-10-18,78.570679
2012-10-19,78.901794
2012-10-22,78.636902
2012-10-23,79.012146
2012-10-24,78.842957
2012-10-25,78.555969
2012-10-26,79.056297
2012-10-31,79.380035
2012-11-01,79.221664
2012-11-02,79.287895
2012-11-05,79.479469
2012-11-06,79.118484
2012-11-07,79.781532
2012-11-08,80.13517
2012-11-09,80.142532
2012-11-12,80.194122
2012-11-13,80.289925
2012-11-14,80.312012
2012-11-15,80.2752
2012-11-16,80.326775
2012-11-19,80.164665
2012-11-20,79.83313
2012-11-21,79.715279
2012-11-23,79.670975
2012-11-26,79.803612
2012-11-27,79.987839
2012-11-28,80.090988
2012-11-29,80.17202
2012-11-30,80.157272
2012-12-03,80.125565
2012-12-04,80.265755
2012-12-05,80.332077
2012-12-06,80.376396
2012-12-07,80.147682
2012-12-10,80.221443
2012-12-11,80.066566
2012-12-12,79.727249
2012-12-13,79.572334
2012-12-14,79.749359
2012-12-17,79.328857
2012-12-18,79.019051
2012-12-19,79.129662
2012-12-20,79.181313
2012-12-21,79.395233
2012-12-24,79.314133
2012-12-26,79.477371
2012-12-27,79.639893
2012-12-28,79.82457
2012-12-31,79.403519
2013-01-02,79.041557
2013-01-03,78.635246
2013-01-04,78.672226
2013-01-07,78.716492
2013-01-08,78.908585
2013-01-09,78.952904
2013-01-10,78.723885
2013-01-11,78.975082
2013-01-14,78.945534
2013-01-15,79.13755
2013-01-16,79.240974
2013-01-17,78.879044
2013-01-18,79.100624
2013-01-22,79.16713
2013-01-23,79.204056
2013-01-24,79.071098
2013-01-25,78.546631
2013-01-28,78.384125
2013-01-29,78.265884
2013-01-30,78.310196
2013-01-31,78.376694
2013-02-01,78.110405
2013-02-04,78.561699
2013-02-05,78.280563
2013-02-06,78.51725
2013-02-07,78.554268
2013-02-08,78.613441
2013-02-11,78.532028
2013-02-12,78.450668
2013-02-13,78.176994
2013-02-14,78.509865
2013-02-15,78.435913
2013-02-19,78.310104
2013-02-20,78.480247
2013-02-21,78.635551
2013-02-22,78.731796
2013-02-25,79.338272
2013-02-26,79.190399
2013-02-27,79.153366
2013-02-28,79.264313
2013-03-01,79.462067
2013-03-04,79.276924
2013-03-05,79.195488
2013-03-06,78.943687
2013-03-07,78.640068
2013-03-08,78.240158
2013-03-11,78.277168
2013-03-12,78.491905
2013-03-13,78.425262
2013-03-14,78.447525
2013-03-15,78.721558
2013-03-18,78.980698
2013-03-19,79.225136
2013-03-20,78.921448
2013-03-21,79.128799
2013-03-22,79.158463
2013-03-25,79.217659
2013-03-26,79.299141
2013-03-27,79.639809
2013-03-28,79.491669
2013-04-01,79.703064
2013-04-02,79.547279
2013-04-03,79.880997
2013-04-04,80.199867
2013-04-05,80.452011
2013-04-08,80.192467
2013-04-09,80.222092
2013-04-10,79.888428
2013-04-11,79.977379
2013-04-12,80.422318
2013-04-15,80.600273
2013-04-16,80.370445
2013-04-17,80.518723
2013-04-18,80.56324
2013-04-19,80.518723
2013-04-22,80.56324
2013-04-23,80.511307
2013-04-24,80.548409
2013-04-25,80.459427
2013-04-26,80.74868
2013-04-29,80.718941
2013-04-30,80.704132
2013-05-01,80.96772
2013-05-02,80.96772
2013-05-03,80.277199
2013-05-06,80.173256
2013-05-07,80.061897
2013-05-08,80.158386
2013-05-09,80.143562
2013-05-10,79.690697
2013-05-13,79.549599
2013-05-14,79.23027
2013-05-15,79.438194
2013-05-16,79.816872
2013-05-17,79.386169
2013-05-20,79.326881
2013-05-21,79.534721
2013-05-22,78.903603
2013-05-23,78.985283
2013-05-24,79.014977
2013-05-28,78.086853
2013-05-29,78.406105
2013-05-30,78.413567
2013-05-31,78.198219
2013-06-03,78.311279
2013-06-04,78.110504
2013-06-05,78.489708
2013-06-06,78.586357
2013-06-07,77.976723
2013-06-10,77.783401
2013-06-11,77.976723
2013-06-12,77.627304
2013-06-13,78.214668
2013-06-14,78.318741
2013-06-17,78.13282
2013-06-18,78.088257
2013-06-19,77.017578
2013-06-20,76.66819
2013-06-21,75.857735
2013-06-24,75.671883
2013-06-25,75.582695
2013-06-26,75.887535
2013-06-27,76.296425
2013-06-28,76.207199
2013-07-01,76.236206
2013-07-02,76.266006
2013-07-03,76.117119
2013-07-05,74.836555
2013-07-08,75.275841
2013-07-09,75.402367
2013-07-10,75.134346
2013-07-11,75.886353
2013-07-12,75.826752
2013-07-15,76.065018
2013-07-16,76.10228
2013-07-17,76.437263
2013-07-18,76.079872
2013-07-19,76.496788
2013-07-22,76.489342
2013-07-23,76.400055
2013-07-24,75.886353
2013-07-25,75.998009
2013-07-26,76.065018
2013-07-29,75.908676
2013-07-30,75.886353
2013-07-31,75.938454
2013-08-01,75.268204
2013-08-02,75.909386
2013-08-05,75.67083
2013-08-06,75.693184
2013-08-07,75.969009
2013-08-08,76.080849
2013-08-09,76.133057
2013-08-12,75.983932
2013-08-13,75.298035
2013-08-14,75.365181
2013-08-15,74.947624
2013-08-16,74.65686
2013-08-19,74.336304
2013-08-20,74.738914
2013-08-21,74.269211
2013-08-22,74.239395
2013-08-23,74.65686
2013-08-26,74.806015
2013-08-27,75.230972
2013-08-28,74.92527
2013-08-29,74.999802
2013-08-30,74.8582
2013-09-03,74.433304
2013-09-04,74.186905
2013-09-05,73.619469
2013-09-06,74.067467
2013-09-09,74.216827
2013-09-10,73.873322
2013-09-11,74.246674
2013-09-12,74.254135
2013-09-13,74.351166
2013-09-16,74.515488
2013-09-17,74.664795
2013-09-18,75.590637
2013-09-19,75.329353
2013-09-20,75.403976
2013-09-23,75.687706
2013-09-24,75.963997
2013-09-25,76.173027
2013-09-26,76.00872
2013-09-27,76.113304
2013-09-30,76.240227
2013-10-01,76.070496
2013-10-02,76.197632
2013-10-03,76.302277
2013-10-04,76.092934
2013-10-07,76.160217
2013-10-08,76.122787
2013-10-09,75.988182
2013-10-10,75.823738
2013-10-11,75.935898
2013-10-14,75.681648
2013-10-15,75.696632
2013-10-16,76.062981
2013-10-17,76.496704
2013-10-18,76.50415
2013-10-21,76.451866
2013-10-22,76.982712
2013-10-23,77.117371
2013-10-24,76.960327
2013-10-25,77.094902
2013-10-28,77.020203
2013-10-29,77.124832
2013-10-30,76.922958
2013-10-31,76.833183
2013-11-01,76.407043
2013-11-04,76.556847
2013-11-05,76.212334
2013-11-06,76.444496
2013-11-07,76.646721
2013-11-08,75.785446
2013-11-11,75.747955
2013-11-12,75.68055
2013-11-13,75.995155
2013-11-14,76.362114
2013-11-15,76.302216
2013-11-18,76.571838
2013-11-19,76.287262
2013-11-20,75.867813
2013-11-21,75.935196
2013-11-22,76.152412
2013-11-25,76.212334
2013-11-26,76.377098
2013-11-27,76.204865
2013-11-29,76.159912
2013-12-02,75.832825
2013-12-03,75.96785
2013-12-04,75.62278
2013-12-05,75.435272
2013-12-06,75.502823
2013-12-09,75.592743
2013-12-10,75.907867
2013-12-11,75.61528
2013-12-12,75.397736
2013-12-13,75.5103
2013-12-16,75.472725
2013-12-17,75.712807
2013-12-18,75.427734
2013-12-19,75.112709
2013-12-20,75.345238
2013-12-23,75.105164
2013-12-24,74.812622
2013-12-26,74.747986
2013-12-27,74.70295
2013-12-30,74.905777
2013-12-31,74.56765
2014-01-02,74.860748
2014-01-03,74.815605
2014-01-06,75.026009
2014-01-07,75.14621
2014-01-08,74.778076
2014-01-09,74.973404
2014-01-10,75.604561
2014-01-13,75.822502
2014-01-14,75.536957
2014-01-15,75.469353
2014-01-16,75.679703
2014-01-17,75.860016
2014-01-21,75.77739
2014-01-22,75.567032
2014-01-23,76.077988
2014-01-24,76.386017
2014-01-27,76.153114
2014-01-28,76.265869
2014-01-29,76.626503
2014-01-30,76.551338
2014-01-31,76.851921
2014-02-03,77.269623
2014-02-04,77.036301
2014-02-05,76.757812
2014-02-06,76.614792
2014-02-07,76.818001
2014-02-10,76.855675
2014-02-11,76.51696
2014-02-12,76.336304
2014-02-13,76.697632
2014-02-14,76.644897
2014-02-18,76.833076
2014-02-19,76.682556
2014-02-20,76.599785
2014-02-21,76.697632
2014-02-24,76.622314
2014-02-25,76.885811
2014-02-26,77.111534
2014-02-27,77.201897
2014-02-28,77.126617
2014-03-03,77.508064
2014-03-04,76.912521
2014-03-05,76.995461
2014-03-06,76.663712
2014-03-07,76.331985
2014-03-10,76.414925
2014-03-11,76.490356
2014-03-12,76.79187
2014-03-13,77.24427
2014-03-14,77.251747
2014-03-17,76.94265
2014-03-18,77.131126
2014-03-19,76.414925
2014-03-20,76.429993
2014-03-21,76.573273
2014-03-24,76.603378
2014-03-25,76.558197
2014-03-26,76.882362
2014-03-27,76.957756
2014-03-28,76.686356
2014-03-31,76.693924
2014-04-01,76.535316
2014-04-02,76.20295
2014-04-03,76.255783
2014-04-04,76.724106
2014-04-07,76.905357
2014-04-08,77.011108
2014-04-09,76.988403
2014-04-10,77.313232
2014-04-11,77.471848
2014-04-14,77.350983
2014-04-15,77.441643
2014-04-16,77.32077
2014-04-17,76.882706
2014-04-21,76.867638
2014-04-22,76.83744
2014-04-23,77.033775
2014-04-24,77.011108
2014-04-25,77.116844
2014-04-28,77.003563
2014-04-29,77.071503
2014-04-30,77.275459
2014-05-01,77.497948
2014-05-02,77.611481
2014-05-05,77.566093
2014-05-06,77.656876
2014-05-07,77.717361
2014-05-08,77.800644
2014-05-09,77.740105
2014-05-12,77.535835
2014-05-13,77.838531
2014-05-14,78.194199
2014-05-15,78.474152
2014-05-16,78.307632
2014-05-19,78.209274
2014-05-20,78.436317
2014-05-21,78.315224
2014-05-22,78.23201
2014-05-23,78.3909
2014-05-27,78.413582
2014-05-28,78.844971
2014-05-29,78.746597
2014-05-30,78.686035
2014-06-02,78.325966
2014-06-03,77.931854
2014-06-04,77.871178
2014-06-05,77.984894
2014-06-06,77.92421
2014-06-09,77.810547
2014-06-10,77.674065
2014-06-11,77.780235
2014-06-12,78.083435
2014-06-13,77.931854
2014-06-16,77.931854
2014-06-17,77.605865
2014-06-18,78.015228
2014-06-19,77.818123
2014-06-20,77.909088
2014-06-23,77.856026
2014-06-24,78.1744
2014-06-25,78.250175
2014-06-26,78.454834
2014-06-27,78.454834
2014-06-30,78.515511
2014-07-01,78.258789
2014-07-02,77.939827
2014-07-03,77.780365
2014-07-07,77.970192
2014-07-08,78.327194
2014-07-09,78.342361
2014-07-10,78.509392
2014-07-11,78.638519
2014-07-14,78.463844
2014-07-15,78.395493
2014-07-16,78.509392
2014-07-17,78.96508
2014-07-18,78.80558
2014-07-21,78.828362
2014-07-22,78.927155
2014-07-23,78.919502
2014-07-24,78.600555
2014-07-25,78.90435
2014-07-28,78.813187
2014-07-29,78.919502
2014-07-30,78.365112
2014-07-31,78.342361
2014-08-01,78.803429
2014-08-04,78.849106
2014-08-05,78.887154
2014-08-06,78.955597
2014-08-07,79.313202
2014-08-08,79.244751
2014-08-11,79.206665
2014-08-12,79.092537
2014-08-13,79.35125
2014-08-14,79.511055
2014-08-15,79.830582
2014-08-18,79.579529
2014-08-19,79.495804
2014-08-20,79.259911
2014-08-21,79.427322
2014-08-22,79.434929
2014-08-25,79.495804
2014-08-26,79.480598
2014-08-27,79.701256
2014-08-28,79.807777
2014-08-29,79.815407
2014-09-02,79.305534
2014-09-03,79.419815
2014-09-04,79.13781
2014-09-05,79.160667
2014-09-08,79.076836
2014-09-09,78.893929
2014-09-10,78.695732
2014-09-11,78.596657
2014-09-12,78.2994
2014-09-15,78.444229
2014-09-16,78.421349
2014-09-17,78.22316
2014-09-18,78.169823
2014-09-19,78.467079
2014-09-22,78.634766
2014-09-23,78.802452
2014-09-24,78.581459
2014-09-25,78.962494
2014-09-26,78.794807
2014-09-29,79.046349
2014-09-30,78.977707
2014-10-01,79.641258
2014-10-02,79.404556
2014-10-03,79.381699
2014-10-06,79.511513
2014-10-07,79.977242
2014-10-08,80.259773
2014-10-09,80.122314
2014-10-10,80.435417
2014-10-13,80.855354
2014-10-14,81.015747
2014-10-15,81.473869
2014-10-16,81.252457
2014-10-17,81.015747
2014-10-20,81.130249
2014-10-21,80.908813
2014-10-22,80.885933
2014-10-23,80.549973
2014-10-24,80.61869
2014-10-27,80.702621
2014-10-28,80.504135
2014-10-29,80.236847
2014-10-30,80.320869
2014-10-31,80.191017
2014-11-03,80.161209
2014-11-04,80.153572
2014-11-05,80.176529
2014-11-06,79.931763
2014-11-07,80.444267
2014-11-10,80.115334
2014-11-11,80.122955
2014-11-12,80.092361
2014-11-13,80.222382
2014-11-14,80.390678
2014-11-17,80.298912
2014-11-18,80.390678
2014-11-19,80.176529
2014-11-20,80.3218
2014-11-21,80.482513
2014-11-24,80.574295
2014-11-25,80.773178
2014-11-26,80.910843
2014-11-28,81.224411
2014-12-01,81.025246
2014-12-02,80.665108
2014-12-03,80.695786
2014-12-04,80.979248
2014-12-05,80.527222
2014-12-08,80.795349
2014-12-09,81.094185
2014-12-10,81.461945
2014-12-11,81.324043
2014-12-12,81.990623
2014-12-15,81.691803
2014-12-16,82.105583
2014-12-17,81.538582
2014-12-18,81.07885
2014-12-19,81.377678
2014-12-22,81.377678
2014-12-23,80.703423
2014-12-24,80.761757
2014-12-26,80.869171
2014-12-29,81.145424
2014-12-30,81.237503
2014-12-31,81.32959
2015-01-02,81.743919
2015-01-05,82.242683
2015-01-06,82.795189
2015-01-07,82.7798
2015-01-08,82.442215
2015-01-09,82.848885
2015-01-12,83.140457
2015-01-13,83.217216
2015-01-14,83.600853
2015-01-15,84.314491
2015-01-16,83.69297
2015-01-20,83.884743
2015-01-21,83.485733
2015-01-22,83.27858
2015-01-23,83.823402
2015-01-26,83.631577
2015-01-27,83.746712
2015-01-28,84.39122
2015-01-29,84.091995
2015-01-30,84.828629
2015-02-02,84.722511
2015-02-03,84.007729
2015-02-04,84.146103
2015-02-05,83.838707
2015-02-06,82.90097
2015-02-09,82.862556
2015-02-10,82.655022
2015-02-11,82.624268
2015-02-12,82.655022
2015-02-13,82.378326
2015-02-17,81.794189
2015-02-18,82.186226
2015-02-19,81.978661
2015-02-20,81.932503
2015-02-23,82.309128
2015-02-24,82.854874
2015-02-25,82.931694
2015-02-26,82.439781
2015-02-27,82.731834
2015-03-02,82.116005
2015-03-03,81.93895
2015-03-04,82.000565
2015-03-05,82.046776
2015-03-06,81.207642
2015-03-09,81.584854
2015-03-10,81.931305
2015-03-11,82.077538
2015-03-12,82.154556
2015-03-13,82.031319
2015-03-16,82.316185
2015-03-17,82.48555
2015-03-18,83.432381
2015-03-19,83.039841
2015-03-20,83.378532
2015-03-23,83.486298
2015-03-24,83.740303
2015-03-25,83.378532
2015-03-26,82.908905
2015-03-27,83.232231
2015-03-30,83.224556
2015-03-31,83.440109
2015-04-01,83.837189
2015-04-02,83.598145
2015-04-06,83.706123
2015-04-07,83.77549
2015-04-08,83.698402
2015-04-09,83.359146
2015-04-10,83.335991
2015-04-13,83.505669
2015-04-14,83.752373
2015-04-15,83.798615
2015-04-16,83.860336
2015-04-17,84.029938
2015-04-20,83.875717
2015-04-21,83.698402
2015-04-22,83.212639
2015-04-23,83.467056
2015-04-24,83.760071
2015-04-27,83.629005
2015-04-28,83.243507
2015-04-29,82.935081
2015-04-30,82.911934
2015-05-01,82.458595
2015-05-04,82.288765
2015-05-05,82.149734
2015-05-06,81.748169
2015-05-07,82.095688
2015-05-08,82.412354
2015-05-11,81.601471
2015-05-12,81.663223
2015-05-13,81.555145
2015-05-14,81.833145
2015-05-15,82.419998
2015-05-18,81.864006
2015-05-19,81.501022
2015-05-20,81.67868
2015-05-21,82.165146
2015-05-22,81.97982
2015-05-26,82.48951
2015-05-27,82.443214
2015-05-28,82.520416
2015-05-29,82.566765
2015-06-01,82.202423
2015-06-02,81.630051
2015-06-03,80.93396
2015-06-04,81.328438
2015-06-05,80.740631
2015-06-08,80.856606
2015-06-09,80.593727
2015-06-10,80.284279
2015-06-11,80.91848
2015-06-12,80.872131
2015-06-15,81.065491
2015-06-16,81.374855
2015-06-17,81.421295
2015-06-18,81.359367
2015-06-19,81.792503
2015-06-22,81.104149
2015-06-23,80.856606
2015-06-24,81.096397
2015-06-25,80.895279
2015-06-26,80.508575
2015-06-29,81.444473
2015-06-30,81.220154
2015-07-01,80.795647
2015-07-02,81.082253
2015-07-06,81.655495
2015-07-07,81.872353
2015-07-08,82.197777
2015-07-09,81.624504
2015-07-10,81.05899
2015-07-13,80.84214
2015-07-14,81.097771
2015-07-15,81.407608
2015-07-16,81.376656
2015-07-17,81.384384
2015-07-20,81.221725
2015-07-21,81.446373
2015-07-22,81.547073
2015-07-23,81.880157
2015-07-24,81.957619
2015-07-27,82.228752
2015-07-28,81.996399
2015-07-29,81.880157
2015-07-30,81.973122
2015-07-31,82.4534
2015-08-03,82.704742
2015-08-04,82.278053
2015-08-05,81.959946
2015-08-06,82.246979
2015-08-07,82.572868
2015-08-10,82.23156
2015-08-11,82.774574
2015-08-12,82.743584
2015-08-13,82.526321
2015-08-14,82.440979
2015-08-17,82.588387
2015-08-18,82.456505
2015-08-19,82.960815
2015-08-20,83.185814
2015-08-21,83.519424
2015-08-24,83.659073
2015-08-25,83.201309
2015-08-26,82.689255
2015-08-27,82.642715
2015-08-28,82.658211
2015-08-31,82.518547
2015-09-01,82.889267
2015-09-02,82.663864
2015-09-03,82.865898
2015-09-04,83.122337
2015-09-08,82.757164
2015-09-09,82.788231
2015-09-10,82.601723
2015-09-11,82.819328
2015-09-14,82.897003
2015-09-15,82.24427
2015-09-16,82.220924
2015-09-17,82.904785
2015-09-18,83.293327
2015-09-21,82.819328
2015-09-22,83.231125
2015-09-23,83.137886
2015-09-24,83.262207
2015-09-25,83.04467
2015-09-28,83.518646
2015-09-29,83.806137
2015-09-30,83.821732
2015-10-01,83.8871
2015-10-02,84.291763
2015-10-05,83.824844
2015-10-06,83.995972
2015-10-07,83.785912
2015-10-08,83.56794
2015-10-09,83.614677
2015-10-12,83.894867
2015-10-13,83.972679
2015-10-14,84.431824
2015-10-15,84.143883
2015-10-16,84.07383
2015-10-19,84.034935
2015-10-20,83.747032
2015-10-21,84.034935
2015-10-22,84.120522
2015-10-23,83.645836
2015-10-26,83.863716
2015-10-27,84.07383
2015-10-28,83.638062
2015-10-29,83.124352
2015-10-30,83.287842
2015-11-02,83.048546
2015-11-03,82.830307
2015-11-04,82.744576
2015-11-05,82.689995
2015-11-06,82.128807
2015-11-09,81.988449
2015-11-10,82.144394
2015-11-11,82.105423
2015-11-12,82.152199
2015-11-13,82.463921
2015-11-16,82.573067
2015-11-17,82.549667
2015-11-18,82.510757
2015-11-19,82.689995
2015-11-20,82.580902
2015-11-23,82.689995
2015-11-24,82.76796
2015-11-25,82.814682
2015-11-27,82.900391
2015-11-30,82.931633
2015-12-01,83.372688
2015-12-02,83.138527
2015-12-03,82.264198
2015-12-04,82.568657
2015-12-07,82.834084
2015-12-08,82.880867
2015-12-09,83.005775
2015-12-10,82.82621
2015-12-11,83.489777
2015-12-14,82.87307
2015-12-15,82.662292
2015-12-16,82.443741
2015-12-17,82.787231
2015-12-18,83.083855
2015-12-21,83.122871
2015-12-22,82.88871
2015-12-23,82.701324
2015-12-24,82.853027
2015-12-28,82.86866
2015-12-29,82.430824
2015-12-30,82.462105
2015-12-31,82.555901
2016-01-04,82.90773
2016-01-05,82.884239
2016-01-06,83.384651
2016-01-07,83.564491
2016-01-08,83.775528
2016-01-11,83.509766
2016-01-12,83.88504
2016-01-13,84.213425
2016-01-14,84.04142
2016-01-15,84.432335
2016-01-19,84.322906
2016-01-20,84.737244
2016-01-21,84.526184
2016-01-22,84.338577
2016-01-25,84.62001
2016-01-26,84.682541
2016-01-27,84.745094
2016-01-28,84.854546
2016-01-29,85.308052
2016-02-01,85.11145
2016-02-02,85.714371
2016-02-03,85.62043
2016-02-04,85.82402
2016-02-05,85.933617
2016-02-08,86.575668
2016-02-09,86.591347
2016-02-10,86.849762
2016-02-11,87.249092
2016-02-12,86.583534
2016-02-16,86.325165
2016-02-17,86.113777
2016-02-18,86.513054
2016-02-19,86.513054
2016-02-22,86.426941
2016-02-23,86.599205
2016-02-24,86.599205
2016-02-25,86.857613
2016-02-26,86.434822
2016-02-29,86.575668
2016-03-01,85.899002
2016-03-02,85.750061
2016-03-03,85.851967
2016-03-04,85.561867
2016-03-07,85.389351
2016-03-08,85.883362
2016-03-09,85.54615
2016-03-10,85.240387
2016-03-11,84.997314
2016-03-14,85.060036
2016-03-15,85.044327
2016-03-16,85.491257
2016-03-17,85.585365
2016-03-18,85.734375
2016-03-21,85.491257
2016-03-22,85.310959
2016-03-23,85.703011
2016-03-24,85.616753
2016-03-28,85.74218
2016-03-29,86.322426
2016-03-30,86.204849
2016-03-31,86.518486
2016-04-01,86.493324
2016-04-04,86.59539
2016-04-05,86.940994
2016-04-06,86.752464
2016-04-07,87.200089
2016-04-08,87.066605
2016-04-11,87.05088
2016-04-12,86.705353
2016-04-13,86.768196
2016-04-14,86.564003
2016-04-15,86.823189
2016-04-18,86.736786
2016-04-19,86.59539
2016-04-20,86.155624
2016-04-21,86.01432
2016-04-22,85.920113
2016-04-25,85.825829
2016-04-26,85.645195
2016-04-27,86.116417
2016-04-28,86.414757
2016-04-29,86.383408
2016-05-02,86.132545
2016-05-03,86.643692
2016-05-04,86.801041
2016-05-05,87.036911
2016-05-06,86.832481
2016-05-09,86.997635
2016-05-10,86.981873
2016-05-11,87.11554
2016-05-12,86.879639
2016-05-13,87.209938
2016-05-16,86.895355
2016-05-17,86.777397
2016-05-18,86.077446
2016-05-19,86.163986
2016-05-20,86.219032
2016-05-23,86.274101
2016-05-24,86.132545
2016-05-25,86.093201
2016-05-26,86.360603
2016-05-27,86.195442
2016-05-31,86.297699
2016-06-01,86.268532
2016-06-02,86.536316
2016-06-03,87.339676
2016-06-06,87.111298
2016-06-07,87.237305
2016-06-08,87.339676
2016-06-09,87.473618
2016-06-10,87.780754
2016-06-13,87.953979
2016-06-14,87.93042
2016-06-15,88.198219
2016-06-16,88.292694
2016-06-17,87.993439
2016-06-20,87.615356
2016-06-21,87.418434
2016-06-22,87.591736
2016-06-23,87.174286
2016-06-24,88.379372
2016-06-27,89.143364
2016-06-28,89.127617
2016-06-29,88.765312
2016-06-30,88.962181
2016-07-01,89.197243
2016-07-05,89.686264
2016-07-06,89.702003
2016-07-07,89.583694
2016-07-08,89.757263
2016-07-11,89.283951
2016-07-12,88.755577
2016-07-13,88.984245
2016-07-14,88.613617
2016-07-15,88.274429
2016-07-18,88.250748
2016-07-19,88.487411
2016-07-20,88.305954
2016-07-21,88.503151
2016-07-22,88.432137
2016-07-25,88.361176
2016-07-26,88.416382
2016-07-27,88.794983
2016-07-28,88.842323
2016-07-29,89.18148
2016-08-01,88.871803
2016-08-02,88.6586
2016-08-03,88.706017
2016-08-04,88.919212
2016-08-05,88.366379
2016-08-08,88.318954
2016-08-09,88.634895
2016-08-10,88.871803
2016-08-11,88.445351
2016-08-12,88.761269
2016-08-15,88.500633
2016-08-16,88.350548
2016-08-17,88.492744
2016-08-18,88.650696
2016-08-19,88.350548
2016-08-22,88.547989
2016-08-23,88.540062
2016-08-24,88.508553
2016-08-25,88.366379
2016-08-26,88.026718
2016-08-29,88.390068
2016-08-30,88.382149
2016-08-31,88.279472
2016-09-01,88.417923
2016-09-02,88.188492
2016-09-06,88.599838
2016-09-07,88.647224
2016-09-08,88.212227
2016-09-09,87.79306
2016-09-12,87.872154
2016-09-13,87.54789
2016-09-14,87.745613
2016-09-15,87.769318
2016-09-16,87.864235
2016-09-19,87.713974
2016-09-20,87.848427
2016-09-21,87.990761
2016-09-22,88.251816
2016-09-23,88.291328
2016-09-26,88.544434
2016-09-27,88.694717
2016-09-28,88.65519
2016-09-29,88.710533
2016-09-30,88.48909
2016-10-03,88.283173
2016-10-04,87.879257
2016-10-05,87.681236
2016-10-06,87.499107
2016-10-07,87.625824
2016-10-10,87.396118
2016-10-11,87.372398
2016-10-12,87.372398
2016-10-13,87.554558
2016-10-14,87.285255
2016-10-17,87.475327
2016-10-18,87.649529
2016-10-19,87.689133
2016-10-20,87.610001
2016-10-21,87.704994
2016-10-24,87.586235
2016-10-25,87.570366
2016-10-26,87.380272
2016-10-27,87.079323
2016-10-28,87.095146
2016-10-31,87.166473
2016-11-01,87.16964
2016-11-02,87.431358
2016-11-03,87.375801
2016-11-04,87.645477
2016-11-07,87.28067
2016-11-08,86.971375
2016-11-09,85.646851
2016-11-10,85.13134
2016-11-11,84.956886
2016-11-14,84.465141
2016-11-15,84.465141
2016-11-16,84.544464
2016-11-17,84.171707
2016-11-18,83.798965
2016-11-21,83.870369
2016-11-22,83.949615
2016-11-23,83.648247
2016-11-25,83.576904
2016-11-28,83.957588
2016-11-29,84.044815
2016-11-30,83.481728
2016-12-01,83.163216
2016-12-02,83.536484
2016-12-05,83.504715
2016-12-06,83.536484
2016-12-07,83.814468
2016-12-08,83.496811
2016-12-09,83.067909
2016-12-12,83.083801
2016-12-13,83.131485
2016-12-14,82.440498
2016-12-15,82.210152
2016-12-16,82.313408
2016-12-19,82.694626
2016-12-20,82.51992
2016-12-21,82.654915
2016-12-22,82.619141
2016-12-23,82.698662
2016-12-27,82.579338
2016-12-28,82.881615
2016-12-29,83.136177
2016-12-30,83.38279
2017-01-03,83.343002
2017-01-04,83.438507
2017-01-05,83.979385
2017-01-06,83.59761
2017-01-09,83.915741
2017-01-10,83.875999
2017-01-11,83.971443
2017-01-12,84.019196
2017-01-13,83.836235
2017-01-17,84.257805
2017-01-18,83.661194
2017-01-19,83.343002
2017-01-20,83.38279
2017-01-23,83.820328
2017-01-24,83.502129
2017-01-25,83.088501
2017-01-26,83.199799
2017-01-27,83.303276
2017-01-30,83.279373
2017-01-31,83.565773
2017-02-01,83.405602
2017-02-02,83.437485
2017-02-03,83.501236
2017-02-06,83.89959
2017-02-07,84.050934
2017-02-08,84.393547
2017-02-09,83.891609
2017-02-10,83.835831
2017-02-13,83.708336
2017-02-14,83.405602
2017-02-15,83.246269
2017-02-16,83.580879
2017-02-17,83.80394
2017-02-21,83.76416
2017-02-22,83.89959
2017-02-23,84.122643
2017-02-24,84.513031
2017-02-27,84.210251
2017-02-28,84.170448
2017-03-01,83.584061
2017-03-02,83.344711
2017-03-03,83.424507
2017-03-06,83.408585
2017-03-07,83.288895
2017-03-08,83.009689
2017-03-09,82.778252
2017-03-10,82.953835
2017-03-13,82.746361
2017-03-14,82.83416
2017-03-15,83.560127
2017-03-16,83.328751
2017-03-17,83.552139
2017-03-20,83.751648
2017-03-21,84.030876
2017-03-22,84.190369
2017-03-23,84.1026
2017-03-24,84.150497
2017-03-27,84.357872
2017-03-28,84.070709
2017-03-29,84.310074
2017-03-30,84.070709
2017-03-31,84.238251
2017-04-03,84.652901
2017-04-04,84.533081
2017-04-05,84.692886
2017-04-06,84.636932
2017-04-07,84.381264
2017-04-10,84.533081
2017-04-11,84.924591
2017-04-12,85.188263
2017-04-13,85.443916
2017-04-17,85.30809
2017-04-18,85.795464
2017-04-19,85.571777
2017-04-20,85.380013
2017-04-21,85.419968
2017-04-24,85.244171
2017-04-25,84.804749
2017-04-26,85.028419
2017-04-27,85.084351
2017-04-28,85.172279
2017-05-01,84.988205
2017-05-02,85.164299
2017-05-03,84.988205
2017-05-04,84.796158
2017-05-05,84.812164
2017-05-08,84.604172
2017-05-09,84.508156
2017-05-10,84.476105
2017-05-11,84.540146
2017-05-12,84.972206
2017-05-15,84.916214
2017-05-16,85.028229
2017-05-17,85.708435
2017-05-18,85.684402
2017-05-19,85.660393
2017-05-22,85.564346
2017-05-23,85.340302
2017-05-24,85.516373
2017-05-25,85.564346
2017-05-26,85.620407
2017-05-30,85.836472
2017-05-31,85.87645
2017-06-01,85.831558
2017-06-02,86.208252
2017-06-05,86.06398
2017-06-06,86.336449
2017-06-07,86.176155
2017-06-08,86.039948
2017-06-09,85.959824
2017-06-12,85.943718
2017-06-13,85.975853
2017-06-14,86.424606
2017-06-15,86.272339
2017-06-16,86.320419
2017-06-19,86.080017
2017-06-20,86.296417
2017-06-21,86.288368
2017-06-22,86.368507
2017-06-23,86.39254
2017-06-26,86.464706
2017-06-27,86.039948
2017-06-28,85.959824
2017-06-29,85.639236
2017-06-30,85.438866
2017-07-03,85.125008
2017-07-05,85.189278
2017-07-06,85.028709
2017-07-07,84.892296
2017-07-10,85.004654
2017-07-11,85.117058
2017-07-12,85.365814
2017-07-13,85.277527
2017-07-14,85.397934
2017-07-17,85.502281
2017-07-18,85.815292
2017-07-19,85.815292
2017-07-20,85.839371
2017-07-21,85.991875
2017-07-24,85.935677
2017-07-25,85.454132
2017-07-26,85.727043
2017-07-27,85.590561
2017-07-28,85.735069
2017-07-31,85.75914
2017-08-01,85.972168
2017-08-02,85.891754
2017-08-03,86.189178
2017-08-04,85.956047
2017-08-07,86.004272
2017-08-08,85.931938
2017-08-09,86.036407
2017-08-10,86.357964
2017-08-11,86.454475
2017-08-14,86.245422
2017-08-15,85.988228
2017-08-16,86.148994
2017-08-17,86.454475
2017-08-18,86.470535
2017-08-21,86.526802
2017-08-22,86.357964
2017-08-23,86.655403
2017-08-24,86.518761
2017-08-25,86.663452
2017-08-28,86.743858
2017-08-29,86.944786
2017-08-30,86.872452
2017-08-31,87.009132
2017-09-01,86.75309
2017-09-05,87.356934
2017-09-06,87.147598
2017-09-07,87.525993
2017-09-08,87.461548
2017-09-11,86.962402
2017-09-12,86.75309
2017-09-13,86.575974
2017-09-14,86.592072
2017-09-15,86.696754
2017-09-18,86.35865
2017-09-19,86.262039
2017-09-20,86.092957
2017-09-21,85.980263
2017-09-22,86.133179
2017-09-25,86.390808
2017-09-26,86.318398
2017-09-27,85.87561
2017-09-28,85.859512
2017-09-29,85.754875
2017-10-02,85.657272
2017-10-03,85.778214
2017-10-04,85.754013
2017-10-05,85.665276
2017-10-06,85.560555
2017-10-09,85.657272
2017-10-10,85.689484
2017-10-11,85.786285
2017-10-12,85.866882
2017-10-13,86.157135
2017-10-16,86.012016
2017-10-17,85.979736
2017-10-18,85.762077
2017-10-19,85.850777
2017-10-20,85.496025
2017-10-23,85.576622
2017-10-24,85.318596
2017-10-25,85.181595
2017-10-26,85.068703
2017-10-27,85.342819
2017-10-30,85.649193
2017-10-31,85.592789
2017-11-01,85.644424
2017-11-02,85.7575
2017-11-03,85.89473
2017-11-06,85.999718
2017-11-07,86.032074
2017-11-08,85.927078
2017-11-09,85.89473
2017-11-10,85.458702
2017-11-13,85.418373
2017-11-14,85.539474
2017-11-15,85.846321
2017-11-16,85.628288
2017-11-17,85.741379
2017-11-20,85.604042
2017-11-21,85.620216
2017-11-22,85.89473
2017-11-24,85.82209
2017-11-27,85.878616
2017-11-28,85.89473
2017-11-29,85.620216
2017-11-30,85.353729
2017-12-01,85.669159
2017-12-04,85.628708
2017-12-05,85.693413
2017-12-06,85.87133
2017-12-07,85.717697
2017-12-08,85.652969
2017-12-11,85.596344
2017-12-12,85.52359
2017-12-13,85.87133
2017-12-14,85.838951
2017-12-15,85.8228
2017-12-18,85.628708
2017-12-19,85.240509
2017-12-20,84.989815
2017-12-21,85.049751
2017-12-22,85.082169
2017-12-26,85.114563
2017-12-27,85.479088
2017-12-28,85.373756
2017-12-29,85.511429
2018-01-02,85.227966
2018-01-03,85.317032
2018-01-04,85.276588
2018-01-05,85.171257
2018-01-08,85.130745
2018-01-09,84.725777
2018-01-10,84.701447
2018-01-11,84.758141
2018-01-12,84.701447
2018-01-16,84.742012
2018-01-17,84.555656
2018-01-18,84.288376
2018-01-19,84.069656
2018-01-22,84.037224
2018-01-23,84.280251
2018-01-24,84.118286
2018-01-25,84.304535
2018-01-26,84.053436
2018-01-29,83.842873
2018-01-30,83.648422
2018-01-31,83.672768
2018-02-01,83.24115
2018-02-02,82.932823
2018-02-05,83.614334
2018-02-06,83.24926
2018-02-07,83.005829
2018-02-08,83.078873
2018-02-09,82.932823
2018-02-12,82.908524
2018-02-13,83.046463
2018-02-14,82.543419
2018-02-15,82.567741
2018-02-16,82.762466
2018-02-20,82.673195
2018-02-21,82.429794
2018-02-22,82.543419
2018-02-23,82.859825
2018-02-26,82.957169
2018-02-27,82.69751
2018-02-28,82.892258
2018-03-01,83.249023
2018-03-02,82.940201
2018-03-05,82.834602
2018-03-06,82.826424
2018-03-07,82.826424
2018-03-08,82.997055
2018-03-09,82.818329
2018-03-12,83.013321
2018-03-13,83.151482
2018-03-14,83.314011
2018-03-15,83.281509
2018-03-16,83.184013
2018-03-19,83.102699
2018-03-20,82.940201
2018-03-21,82.997055
2018-03-22,83.338402
2018-03-23,83.452164
2018-03-26,83.224602
2018-03-27,83.695908
2018-03-28,83.679649
2018-03-29,83.850296
2018-04-02,83.935783
2018-04-03,83.667175
2018-04-04,83.61837
2018-04-05,83.406693
2018-04-06,83.772964
2018-04-09,83.789238
2018-04-10,83.642738
2018-04-11,83.724159
2018-04-12,83.422958
2018-04-13,83.496254
2018-04-16,83.455528
2018-04-17,83.504333
2018-04-18,83.178795
2018-04-19,82.95089
2018-04-20,82.674095
2018-04-23,82.592735
2018-04-24,82.495056
2018-04-25,82.315987
2018-04-26,82.551994
2018-04-27,82.690376
2018-04-30,82.779945
2018-05-01,82.650269
2018-05-02,82.666588
2018-05-03,82.878616
2018-05-04,82.886772
2018-05-07,82.845963
2018-05-08,82.707321
2018-05-09,82.519821
2018-05-10,82.691048
2018-05-11,82.699257
2018-05-14,82.519821
2018-05-15,82.06308
2018-05-16,81.891861
2018-05-17,81.842934
2018-05-18,82.160988
2018-05-21,82.218048
2018-05-22,82.185448
2018-05-23,82.560562
2018-05-24,82.772606
2018-05-25,83.098778
2018-05-29,83.995865
2018-05-30,83.637024
2018-05-31,83.59623
2018-06-01,83.287369
2018-06-04,82.99321
2018-06-05,83.205704
2018-06-06,82.870636
2018-06-07,83.222038
2018-06-08,83.107597
2018-06-11,83.025917
2018-06-12,82.976868
2018-06-13,82.878807
2018-06-14,83.140327
2018-06-15,83.205704
2018-06-18,83.246506
2018-06-19,83.467148
2018-06-20,83.197472
2018-06-21,83.418091
2018-06-22,83.434486
2018-06-25,83.548859
2018-06-26,83.589722
2018-06-27,83.908409
2018-06-28,83.826637
2018-06-29,83.761276
2018-07-02,83.704056
2018-07-03,83.916855
2018-07-05,83.925064
2018-07-06,83.998688
2018-07-09,83.785881
2018-07-10,83.720375
2018-07-11,83.892281
2018-07-12,83.85955
2018-07-13,83.998688
2018-07-16,83.85955
2018-07-17,83.810425
2018-07-18,83.744934
2018-07-19,83.974144
2018-07-20,83.679436
2018-07-23,83.270111
2018-07-24,83.327469
2018-07-25,83.270111
2018-07-26,83.180077
2018-07-27,83.311066
2018-07-30,83.204651
2018-07-31,83.319229
2018-08-01,83.122368
2018-08-02,83.220833
2018-08-03,83.434067
2018-08-06,83.475105
2018-08-07,83.302849
2018-08-08,83.376671
2018-08-09,83.606339
2018-08-10,83.967239
2018-08-13,83.942612
2018-08-14,83.860596
2018-08-15,84.065681
2018-08-16,84.041039
2018-08-17,84.073875
2018-08-20,84.336327
2018-08-21,84.221519
2018-08-22,84.377342
2018-08-23,84.369148
2018-08-24,84.393753
2018-08-27,84.20507
2018-08-28,84.016426
2018-08-29,83.991791
2018-08-30,84.147682
2018-08-31,84.164085
2018-09-04,83.971764
2018-09-05,83.963577
2018-09-06,84.136154
2018-09-07,83.758049
2018-09-10,83.807411
2018-09-11,83.503304
2018-09-12,83.601921
2018-09-13,83.593719
2018-09-14,83.437546
2018-09-17,83.453995
2018-09-18,83.108772
2018-09-19,82.969055
2018-09-20,82.977325
2018-09-21,83.010185
2018-09-24,82.919769
2018-09-25,82.837555
2018-09-26,83.108772
2018-09-27,83.108772
2018-09-28,83.149902
2018-10-01,82.939079
2018-10-02,83.153191
2018-10-03,82.53553
2018-10-04,82.321396
2018-10-05,82.123772
2018-10-08,82.156738
2018-10-09,82.313194
2018-10-10,82.354385
2018-10-11,82.692009
2018-10-12,82.59317
2018-10-15,82.642593
2018-10-16,82.634369
2018-10-17,82.395538
2018-10-18,82.543755
2018-10-19,82.444939
2018-10-22,82.461395
2018-10-23,82.675522
2018-10-24,83.120247
2018-10-25,82.922607
2018-10-26,83.29319
2018-10-29,83.28492
2018-10-30,83.103767
2018-10-31,82.897919
2018-11-01,82.968857
2018-11-02,82.506683
2018-11-05,82.556198
2018-11-06,82.465446
2018-11-07,82.465446
2018-11-08,82.349884
2018-11-09,82.671753
2018-11-12,82.91935
2018-11-13,82.985336
2018-11-14,83.158714
2018-11-15,83.216461
2018-11-16,83.472298
2018-11-19,83.596085
2018-11-20,83.579597
2018-11-21,83.56308
2018-11-23,83.612595
2018-11-26,83.546593
2018-11-27,83.629135
2018-11-28,83.620865
2018-11-29,83.835434
2018-11-30,84.000526
2018-12-03,84.184128
2018-12-04,84.572807
2018-12-06,84.787819
2018-12-07,85.035965
2018-12-10,85.085579
2018-12-11,84.870544
2018-12-12,84.638947
2018-12-13,84.688553
2018-12-14,84.820938
2018-12-17,85.069016
2018-12-18,85.278702
2018-12-19,85.577072
2018-12-20,85.469284
2018-12-21,85.543922
2018-12-24,85.759399
2018-12-26,85.353287
2018-12-27,85.568771
2018-12-28,86.032875
2018-12-31,86.356117
2019-01-02,86.538422
2019-01-03,87.226311
2019-01-04,86.521873
2019-01-07,86.281471
2019-01-08,86.066025
2019-01-09,86.115776
2019-01-10,86.074318
2019-01-11,86.3312
2019-01-14,86.281471
2019-01-15,86.198639
2019-01-16,86.148895
2019-01-17,85.991417
2019-01-18,85.717957
2019-01-22,86.016335
2019-01-23,85.974861
2019-01-24,86.248337
2019-01-25,86.049446
2019-01-28,86.074318
2019-01-29,86.322906
2019-01-30,86.521873
2019-01-31,86.919617
2019-02-01,86.454575
2019-02-04,86.263535
2019-02-05,86.41304
2019-02-06,86.479446
2019-02-07,86.761856
2019-02-08,86.878136
2019-02-11,86.745216
2019-02-12,86.628967
2019-02-13,86.41304
2019-02-14,86.820007
2019-02-15,86.7369
2019-02-19,86.886406
2019-02-20,86.869843
2019-02-21,86.61232
2019-02-22,86.869843
2019-02-25,86.7369
2019-02-26,86.994377
2019-02-27,86.687088
2019-02-28,86.46286
2019-03-01,86.179146
2019-03-04,86.445404
2019-03-05,86.495308
2019-03-06,86.736603
2019-03-07,87.02784
2019-03-08,87.152657
2019-03-11,87.086128
2019-03-12,87.3274
2019-03-13,87.294121
2019-03-14,87.169312
2019-03-15,87.443901
2019-03-18,87.3274
2019-03-19,87.269173
2019-03-20,87.876617
2019-03-21,87.834999
2019-03-22,88.484024
2019-03-25,88.708687
2019-03-26,88.633789
2019-03-27,88.891724
2019-03-28,88.900063
2019-03-29,88.75856
2019-04-01,88.148247
2019-04-02,88.298363
2019-04-03,88.023201
2019-04-04,88.114922
2019-04-05,88.156563
2019-04-08,88.014893
2019-04-09,88.173279
2019-04-10,88.381714
2019-04-11,88.181641
2019-04-12,87.773026
2019-04-15,87.889801
2019-04-16,87.589615
2019-04-17,87.60627
2019-04-18,87.814751
2019-04-22,87.689674
2019-04-23,87.848106
2019-04-24,88.181641
2019-04-25,88.073174
2019-04-26,88.306679
2019-04-29,88.123299
2019-04-30,88.298363
2019-05-01,88.258247
2019-05-02,88.007599
2019-05-03,88.12455
2019-05-06,88.350098
2019-05-07,88.650887
2019-05-08,88.48381
2019-05-09,88.717743
2019-05-10,88.659256
2019-05-13,89.102036
2019-05-14,89.018539
2019-05-15,89.302574
2019-05-16,89.127098
2019-05-17,89.168892
2019-05-20,89.018539
2019-05-21,88.918236
2019-05-22,89.185616
2019-05-23,89.728661
2019-05-24,89.703598
2019-05-28,90.09623
2019-05-29,90.062813
2019-05-30,90.388641
2019-05-31,90.990227
2019-06-03,91.427994
2019-06-04,91.093163
2019-06-05,91.093163
2019-06-06,91.076401
2019-06-07,91.436401
2019-06-10,90.984352
2019-06-11,90.984352
2019-06-12,91.218735
2019-06-13,91.444794
2019-06-14,91.511726
2019-06-17,91.494949
2019-06-18,91.670731
2019-06-19,91.92189
2019-06-20,92.072563
2019-06-21,91.695877
2019-06-24,92.014015
2019-06-25,92.156273
2019-06-26,91.779572
2019-06-27,92.055809
2019-06-28,92.097664
2019-07-01,91.981972
2019-07-02,92.309036
2019-07-03,92.4851
2019-07-05,91.898109
2019-07-08,91.805855
2019-07-09,91.747169
2019-07-10,91.797493
2019-07-11,91.34465
2019-07-12,91.44529
2019-07-15,91.63813
2019-07-16,91.43689
2019-07-17,91.864571
2019-07-18,92.090958
2019-07-19,91.923248
2019-07-22,91.96521
2019-07-23,91.814255
2019-07-24,91.948433
2019-07-25,91.789101
2019-07-26,91.772324
2019-07-29,91.856186
2019-07-30,91.898109
2019-07-31,92.132896
2019-08-01,93.177948
2019-08-02,93.371162
2019-08-05,94.177574
2019-08-06,94.328789
2019-08-07,94.328789
2019-08-08,94.337173
2019-08-09,94.194427
2019-08-12,94.79081
2019-08-13,94.454796
2019-08-14,95.084831
2019-08-15,95.689713
2019-08-16,95.437637
2019-08-19,94.98407
2019-08-20,95.404037
2019-08-21,95.152054
2019-08-22,94.942032
2019-08-23,95.580444
2019-08-26,95.488037
2019-08-27,95.899658
2019-08-28,95.933273
2019-08-29,95.748489
2019-08-30,95.773659
2019-09-03,95.984009
2019-09-04,96.135506
2019-09-05,95.361359
2019-09-06,95.420319
2019-09-09,94.83123
2019-09-10,94.141258
2019-09-11,94.048721
2019-09-12,93.838318
2019-09-13,92.980072
2019-09-16,93.383949
2019-09-17,93.62796
2019-09-18,93.661629
2019-09-19,93.703735
2019-09-20,94.24221
2019-09-23,94.376869
2019-09-24,94.848061
2019-09-25,94.225388
2019-09-26,94.427345
2019-09-27,94.561996
2019-09-30,94.637733
2019-10-01,94.899826
2019-10-02,95.2285
2019-10-03,95.725655
2019-10-04,95.911095
2019-10-07,95.590836
2019-10-08,95.793091
2019-10-09,95.548691
2019-10-10,94.950378
2019-10-11,94.301468
2019-10-14,94.562698
2019-10-15,94.107613
2019-10-16,94.293045
2019-10-17,94.259323
2019-10-18,94.343605
2019-10-21,93.99807
2019-10-22,94.217194
2019-10-23,94.250893
2019-10-24,94.23407
2019-10-25,94.031792
2019-10-28,93.677879
2019-10-29,93.762108
2019-10-30,94.217194
2019-10-31,94.815544
2019-11-01,94.636612
2019-11-04,94.155533
2019-11-05,93.649147
2019-11-06,93.91925
2019-11-07,93.16806
2019-11-08,93.041481
2019-11-11,93.142754
2019-11-12,93.184967
2019-11-13,93.438133
2019-11-14,93.910782
2019-11-15,93.834816
2019-11-18,93.995155
2019-11-19,94.172409
2019-11-20,94.518471
2019-11-21,94.28212
2019-11-22,94.265274
2019-11-25,94.307487
2019-11-26,94.484688
2019-11-27,94.239937
2019-11-29,94.163971
2019-12-02,93.82589
2019-12-03,94.662636
2019-12-04,94.299187
2019-12-05,94.07946
2019-12-06,93.792099
2019-12-09,93.868141
2019-12-10,93.758286
2019-12-11,94.147041
2019-12-12,93.403297
2019-12-13,93.95266
2019-12-16,93.513153
2019-12-17,93.521599
2019-12-18,93.268074
2019-12-19,93.340874
2019-12-20,93.340874
2019-12-23,93.256218
2019-12-24,93.416977
2019-12-26,93.552467
2019-12-27,93.687881
2019-12-30,93.628639
2019-12-31,93.290054
2020-01-02,93.721741
2020-01-03,94.348061
2020-01-06,94.246521
2020-01-07,94.111069
2020-01-08,93.891006
2020-01-09,93.95874
2020-01-10,94.161835
2020-01-13,94.051834
2020-01-14,94.238007
2020-01-15,94.475006
2020-01-16,94.280319
2020-01-17,94.204208
2020-01-21,94.576607
2020-01-22,94.593544
2020-01-23,94.830498
2020-01-24,95.16906
2020-01-27,95.812317
2020-01-28,95.490685
2020-01-29,95.947746
2020-01-30,96.040863
2020-01-31,96.5233
2020-02-03,96.441109
2020-02-04,95.881721
2020-02-05,95.466431
2020-02-06,95.53421
2020-02-07,95.991943
2020-02-10,96.178352
2020-02-11,95.949524
2020-02-12,95.703705
2020-02-13,95.788498
2020-02-14,96.025787
2020-02-18,96.178352
2020-02-19,96.161407
2020-02-20,96.441109
2020-02-21,96.830956
2020-02-24,97.585274
2020-02-25,97.856499
2020-02-26,97.805649
2020-02-27,98.280258
2020-02-28,99.382034
2020-03-02,99.314148
2020-03-03,100.4682
2020-03-04,100.24755
2020-03-05,101.13853
2020-03-06,102.16529
2020-03-09,103.0817
2020-03-10,101.18946
2020-03-11,100.17966
2020-03-12,100.23062
2020-03-13,99.577217
2020-03-16,102.20771
2020-03-17,99.645088
2020-03-18,98.261978
2020-03-19,98.584381
2020-03-20,101.09613
2020-03-23,102.29257
2020-03-24,101.59681
2020-03-25,101.65616
2020-03-26,101.90222
2020-03-27,102.65744
2020-03-30,102.895
2020-03-31,103.0817
2020-04-01,103.50143
2020-04-02,103.51839
2020-04-03,103.59486
2020-04-06,103.1276
2020-04-07,102.66885
2020-04-08,102.54137
2020-04-09,102.76228
2020-04-13,102.54137
2020-04-14,102.67733
2020-04-15,103.59486
2020-04-16,103.7053
2020-04-17,103.43346
2020-04-20,103.7053
2020-04-21,103.99415
2020-04-22,103.67131
2020-04-23,103.73927
2020-04-24,103.76476
2020-04-27,103.21257
2020-04-28,103.66281
2020-04-29,103.61185
2020-04-30,103.36549
2020-05-01,103.50836
2020-05-04,103.52534
2020-05-05,103.44879
2020-05-06,103.0661
2020-05-07,103.69547
2020-05-08,103.35526
2020-05-11,103.0661
2020-05-12,103.4063
2020-05-13,103.61891
2020-05-14,103.78051
2020-05-15,103.71246
2020-05-18,103.07459
2020-05-19,103.36376
2020-05-20,103.38927
2020-05-21,103.45733
2020-05-22,103.6529
2020-05-26,103.38081
2020-05-27,103.46583
2020-05-28,103.37228
2020-05-29,103.70395
2020-06-01,103.66309
2020-06-02,103.49283
2020-06-03,102.87988
2020-06-04,102.47123
2020-06-05,101.9605
2020-06-08,102.07114
2020-06-09,102.43718
2020-06-10,103.2034
2020-06-11,103.56946
2020-06-12,103.33962
2020-06-15,103.25445
2020-06-16,103.04165
2020-06-17,103.2034
2020-06-18,103.43324
2020-06-19,103.46729
2020-06-22,103.37364
2020-06-23,103.33962
2020-06-24,103.53538
2020-06-25,103.55241
2020-06-26,103.83337
2020-06-29,103.9355
2020-06-30,103.74821
2020-07-01,103.58632
2020-07-02,103.71414
2020-07-06,103.56076
2020-07-07,103.89307
2020-07-08,103.73119
2020-07-09,104.06348
2020-07-10,103.85899
2020-07-13,103.96976
2020-07-14,103.96124
2020-07-15,103.92718
2020-07-16,104.00381
2020-07-17,103.9783
2020-07-20,104.04643
2020-07-21,104.15721
2020-07-22,104.19129
2020-07-23,104.29357
2020-07-24,104.24241
2020-07-27,104.08051
2020-07-28,104.32764
2020-07-29,104.46394
2020-07-30,104.6088
2020-07-31,104.63436
2020-08-03,104.58317
2020-08-04,104.94136
2020-08-05,104.59173
2020-08-06,104.71112
2020-08-07,104.4894
2020-08-10,104.37858
2020-08-11,104.0204
2020-08-12,103.71336
2020-08-13,103.50018
2020-08-14,103.55136
2020-08-17,103.72189
2020-08-18,103.90098
2020-08-19,103.76452
2020-08-20,104.06304
2020-08-21,104.13976
2020-08-24,103.99479
2020-08-25,103.74751
2020-08-26,103.70483
2020-08-27,103.33814
2020-08-28,103.50869
2020-08-31,103.61958
2020-09-01,103.95922
2020-09-02,104.10431
2020-09-03,104.24085
2020-09-04,103.66055
2020-09-08,103.88241
2020-09-09,103.83119
2020-09-10,103.95922
2020-09-11,104.12136
2020-09-14,104.02748
2020-09-15,103.97627
2020-09-16,103.91654
2020-09-17,103.95071
2020-09-18,103.85679
2020-09-21,104.04456
2020-09-22,104.04456
2020-09-23,104.04456
2020-09-24,104.09577
2020-09-25,104.1811
2020-09-28,104.16402
2020-09-29,104.24085
2020-09-30,103.95922
2020-10-01,104.01817
2020-10-02,103.91567
2020-10-05,103.25814
2020-10-06,103.49722
2020-10-07,103.19839
2020-10-08,103.3862
2020-10-09,103.335
2020-10-12,103.446
2020-10-13,103.67656
2020-10-14,103.71069
2020-10-15,103.5997
2020-10-16,103.53993
2020-10-19,103.36915
2020-10-20,103.14713
2020-10-21,103.01048
2020-10-22,102.65185
2020-10-23,102.79702
2020-10-26,103.07027
2020-10-27,103.3008
2020-10-28,103.2923
2020-10-29,102.85677
2020-10-30,102.52374
2020-11-02,102.69977
2020-11-03,102.46906
2020-11-04,103.33209
2020-11-05,103.31499
2020-11-06,102.96465
2020-11-09,102.20417
2020-11-10,101.91363
2020-11-11,102.07601
2020-11-12,102.65706
2020-11-13,102.52034
2020-11-16,102.44345
2020-11-17,102.7083
2020-11-18,102.67416
2020-11-19,102.78523
2020-11-20,102.96465
2020-11-23,102.7596
2020-11-24,102.59725
2020-11-25,102.63142
2020-11-27,102.93903
2020-11-30,102.87065
2020-12-01,102.32343
2020-12-02,102.15244
2020-12-03,102.42605
2020-12-04,102.02417
2020-12-07,102.3405
2020-12-08,102.44313
2020-12-09,102.2978
2020-12-10,102.52863
2020-12-11,102.73384
2020-12-14,102.67403
2020-12-15,102.5714
2020-12-16,102.48591
2020-12-17,102.41146
2020-12-18,102.3259
2020-12-21,102.39433
2020-12-22,102.56549
2020-12-23,102.35159
2020-12-24,102.49702
2020-12-28,102.50556
2020-12-29,102.48847
2020-12-30,102.55692
2020-12-31,102.6254
2021-01-04,102.65101
2021-01-05,102.41146
2021-01-06,101.81257
2021-01-07,101.45322
2021-01-08,101.16233
2021-01-11,100.96558
2021-01-12,100.94845
2021-01-13,101.29922
2021-01-14,101.06823
2021-01-15,101.34203
2021-01-19,101.40187
2021-01-20,101.4447
2021-01-21,101.29922
2021-01-22,101.45322
2021-01-25,101.86388
2021-01-26,101.82968
2021-01-27,101.94949
2021-01-28,101.68421
2021-01-29,101.50455
2021-02-01,101.63129
2021-02-02,101.37442
2021-02-03,101.12615
2021-02-04,101.0919
2021-02-05,100.87785
2021-02-08,100.92065
2021-02-09,100.99771
2021-02-10,101.25454
2021-02-11,101.17752
2021-02-12,100.84362
2021-02-16,100.11589
2021-02-17,100.18439
2021-02-18,100.17584
2021-02-19,99.77346
2021-02-22,99.610786
2021-02-23,99.687851
2021-02-24,99.550888
2021-02-25,98.223885
2021-02-26,99.105698
2021-03-01,98.994308
2021-03-02,99.174225
2021-03-03,98.643089
2021-03-04,98.154808
2021-03-05,98.017731
2021-03-08,97.632233
2021-03-09,98.094803
2021-03-10,98.30043
2021-03-11,98.266136
2021-03-12,97.555122
2021-03-15,97.675087
2021-03-16,97.657944
2021-03-17,97.495163
2021-03-18,96.88694
2021-03-19,96.826981
2021-03-22,97.143944
2021-03-23,97.623657
2021-03-24,97.752159
2021-03-25,97.623657
2021-03-26,97.298172
2021-03-29,96.964043
2021-03-30,96.87841
2021-03-31,96.741348
2021-04-01,97.16993
2021-04-05,96.895615
2021-04-06,97.367058
2021-04-07,97.307098
2021-04-08,97.641365
2021-04-09,97.384224
2021-04-12,97.324181
2021-04-13,97.727058
2021-04-14,97.607086
2021-04-15,98.232826
2021-04-16,97.967087
2021-04-19,97.86422
2021-04-20,98.155678
2021-04-21,98.207077
2021-04-22,98.284264
2021-04-23,98.155678
2021-04-26,98.052826
2021-04-27,97.667091
2021-04-28,97.795677
2021-04-29,97.624207
2021-04-30,97.709946
2021-05-03,97.87635
2021-05-04,98.004997
2021-05-05,98.125099
2021-05-06,98.167938
2021-05-07,98.202293
2021-05-10,98.004997
2021-05-11,97.842072
2021-05-12,97.370293
2021-05-13,97.696182
2021-05-14,97.910675
2021-05-17,97.816307
2021-05-18,97.816307
2021-05-19,97.524651
2021-05-20,97.927788
2021-05-21,97.962112
2021-05-24,98.056465
2021-05-25,98.41671
2021-05-26,98.305183
2021-05-27,98.133698
2021-05-28,98.125099
2021-06-01,98.107063
2021-06-02,98.218628
2021-06-03,97.969734
2021-06-04,98.51046
2021-06-07,98.433243
2021-06-08,98.716492
2021-06-09,99.025459
2021-06-10,99.37738
2021-06-11,99.231468
2021-06-14,98.922516
2021-06-15,98.939636
2021-06-16,98.261597
2021-06-17,98.613464
2021-06-18,99.171379
2021-06-21,98.853798
2021-06-22,99.034073
2021-06-23,98.836639
2021-06-24,98.819481
2021-06-25,98.613464
2021-06-28,98.922516
2021-06-29,98.973969
2021-06-30,99.128471
2021-07-01,99.05722
2021-07-02,99.417915
2021-07-06,99.941856
2021-07-07,100.23387
2021-07-08,100.49155
2021-07-09,99.984764
2021-07-12,99.933281
2021-07-13,99.624039
2021-07-14,100.05352
2021-07-15,100.47436
2021-07-16,100.45719
2021-07-19,101.31612
2021-07-20,101.18724
2021-07-21,100.6032
2021-07-22,100.83509
2021-07-23,100.68053
2021-07-26,100.61181
2021-07-27,101.04126
2021-07-28,101.12714
2021-07-29,100.81792
2021-07-30,101.10138
2021-08-02,101.54484
2021-08-03,101.57063
2021-08-04,101.54484
2021-08-05,101.1753
2021-08-06,100.58224
2021-08-09,100.36737
2021-08-10,100.1783
2021-08-11,100.29005
2021-08-12,100.1869
2021-08-13,100.7627
2021-08-16,100.98621
2021-08-17,100.93465
2021-08-18,100.88306
2021-08-19,101.10654
2021-08-20,101.01199
2021-08-23,101.03775
2021-08-24,100.7627
2021-08-25,100.36737
2021-08-26,100.36737
2021-08-27,100.69402
2021-08-30,100.89167
2021-08-31,100.70258
2021-09-01,100.74559
2021-09-02,100.86599
2021-09-03,100.62516
2021-09-07,100.22956
2021-09-08,100.50475
2021-09-09,100.78861
2021-09-10,100.47041
2021-09-13,100.59077
2021-09-14,100.96919
2021-09-15,100.79716
2021-09-16,100.47899
2021-09-17,100.18655
2021-09-20,100.69399
2021-09-21,100.63378
2021-09-22,100.72838
2021-09-23,99.816719
2021-09-24,99.515701
2021-09-27,99.249115
2021-09-28,98.87072
2021-09-29,98.9739
2021-09-30,99.094299
2021-10-01,99.498802
2021-10-04,99.378311
2021-10-05,99.068489
2021-10-06,99.094292
2021-10-07,98.69841
2021-10-08,98.483246
2021-10-11,98.242241
2021-10-12,98.689796
2021-10-13,98.879166
2021-10-14,99.111488
2021-10-15,98.620979
2021-10-18,98.483246
2021-10-19,98.130402
2021-10-20,98.087349
2021-10-21,97.829155
2021-10-22,98.078743
2021-10-25,98.199234
2021-10-26,98.319733
2021-10-27,98.87056
2021-10-28,98.61235
2021-10-29,98.65535
2021-11-01,98.647614
2021-11-02,98.888756
2021-11-03,98.578735
2021-11-04,99.112709
2021-11-05,99.655281
2021-11-08,99.224663
2021-11-09,99.681114
2021-11-10,98.828499
2021-11-11,98.509827
2021-11-12,98.716537
2021-11-15,98.328979
2021-11-16,98.242828
2021-11-17,98.595955
2021-11-18,98.656258
2021-11-19,98.92321
2021-11-22,98.199783
2021-11-23,97.794983
2021-11-24,98.09642
2021-11-26,99.362442
2021-11-29,99.138542
2021-11-30,99.732788
2021-12-01,99.9207
2021-12-02,99.705223
2021-12-03,100.29131
2021-12-06,99.791397
2021-12-07,99.412178
2021-12-08,99.093292
2021-12-09,99.343216
2021-12-10,99.412178
2021-12-13,99.886223
2021-12-14,99.71386
2021-12-15,99.567284
2021-12-16,99.857193
2021-12-17,100.0815
2021-12-20,99.995216
2021-12-21,99.598358
2021-12-22,99.69326
2021-12-23,99.486252
2021-12-27,99.520721
2021-12-28,99.503487
2021-12-29,98.994522
2021-12-30,99.322327
2021-12-31,99.210152
2022-01-03,98.287079
2022-01-04,98.235313
2022-01-05,97.821228
2022-01-06,97.579681
2022-01-07,97.260475
2022-01-10,97.234589
2022-01-11,97.467522
2022-01-12,97.484779
2022-01-13,97.795341
2022-01-14,97.122444
2022-01-18,96.38913
2022-01-19,96.62207
2022-01-20,96.829124
2022-01-21,97.389862
2022-01-24,97.303627
2022-01-25,97.17421
2022-01-26,96.484047
2022-01-27,96.889496
2022-01-28,97.113808
2022-01-31,97.113808
2022-02-01,96.982544
2022-02-02,97.181168
2022-02-03,96.766663
2022-02-04,96.02404
2022-02-07,96.049957
2022-02-08,95.739067
2022-02-09,95.868584
2022-02-10,94.987816
2022-02-11,95.972214
2022-02-14,95.307327
2022-02-15,95.022346
2022-02-16,95.220947
2022-02-17,95.730476
2022-02-18,96.041313
2022-02-22,96.032646
2022-02-23,95.531837
2022-02-24,95.756363
2022-02-25,95.730476
2022-02-28,96.818489
2022-03-01,97.761444
2022-03-02,96.29213
2022-03-03,96.706947
2022-03-04,97.666374
2022-03-07,97.251511
2022-03-08,96.620567
2022-03-09,96.024193
2022-03-10,95.583382
2022-03-11,95.557465
2022-03-14,94.347404
2022-03-15,94.304237
2022-03-16,94.174591
2022-03-17,93.993065
2022-03-18,94.269638
2022-03-21,93.042328
2022-03-22,92.532364
2022-03-23,93.154663
2022-03-24,92.636086
2022-03-25,91.685387
2022-03-28,91.89283
2022-03-29,92.350883
2022-03-30,92.71389
2022-03-31,92.88678
2022-04-01,92.281914
2022-04-04,92.221367
2022-04-05,91.122482
2022-04-06,90.802299
2022-04-07,90.577347
2022-04-08,90.118744
2022-04-11,89.686081
2022-04-12,90.118744
2022-04-13,90.317749
2022-04-14,89.50441
2022-04-18,89.244812
2022-04-19,88.656418
2022-04-20,89.348602
2022-04-21,88.8554
2022-04-22,88.898705
2022-04-25,89.469757
2022-04-26,90.066826
2022-04-27,89.564972
2022-04-28,89.435181
2022-04-29,88.959244
2022-05-02,88.296532
2022-05-03,88.40049
2022-05-04,88.972252
2022-05-05,88.079918
2022-05-06,87.577454
2022-05-09,88.227203
2022-05-10,88.521774
2022-05-11,89.067535
2022-05-12,89.362099
2022-05-13,88.894264
2022-05-16,89.2668
2022-05-17,88.591087
2022-05-18,89.223488
2022-05-19,89.544029
2022-05-20,89.959877
2022-05-23,89.41407
2022-05-24,90.185143
2022-05-25,90.367027
2022-05-26,90.32373
2022-05-27,90.453667
2022-05-31,89.509361
2022-06-01,89.005394
2022-06-02,89.135521
2022-06-03,88.962059
2022-06-06,88.294159
2022-06-07,88.649788
2022-06-08,88.320152
2022-06-09,88.242073
2022-06-10,87.374695
2022-06-13,85.822006
2022-06-14,85.136742
2022-06-15,86.325096
2022-06-16,86.888924
2022-06-17,86.91494
2022-06-21,86.46389
2022-06-22,87.556808
2022-06-23,88.051262
2022-06-24,87.738991
2022-06-27,87.244583
2022-06-28,87.35733
2022-06-29,88.059914
2022-06-30,88.736519
2022-07-01,89.687782
2022-07-05,90.017883
2022-07-06,89.253403
2022-07-07,88.706116
2022-07-08,88.16748
2022-07-11,88.862495
2022-07-12,89.070976
2022-07-13,89.453201
2022-07-14,88.958054
2022-07-15,89.262077
2022-07-18,89.001457
2022-07-19,88.593185
2022-07-20,88.506294
2022-07-21,89.514015
2022-07-22,90.539124
2022-07-25,90.217705
2022-07-26,90.252434
2022-07-27,90.434868
2022-07-28,91.329659
2022-07-29,91.364395
2022-08-01,91.898758
2022-08-02,90.628189
2022-08-03,91.002396
2022-08-04,91.463646
2022-08-05,90.140854
2022-08-08,90.6717
2022-08-09,90.401924
2022-08-10,90.454155
2022-08-11,89.853661
2022-08-12,90.210472
2022-08-15,90.497658
2022-08-16,90.393242
2022-08-17,89.784035
2022-08-18,89.958099
2022-08-19,89.183571
2022-08-22,88.791931
2022-08-23,88.574402
2022-08-24,88.278511
2022-08-25,88.844193
2022-08-26,88.739738
2022-08-29,88.23497
2022-08-30,88.208908
2022-08-31,87.843361
2022-09-01,87.145065
2022-09-02,87.63327
2022-09-06,86.656906
2022-09-07,87.223541
2022-09-08,86.900978
2022-09-09,86.909683
2022-09-12,86.700439
2022-09-13,86.212257
2022-09-14,86.255829
2022-09-15,85.95945
2022-09-16,86.029182
2022-09-19,85.78511
2022-09-20,85.253265
2022-09-21,85.593285
2022-09-22,84.303024
2022-09-23,84.407593
2022-09-26,83.004036
2022-09-27,82.43734
2022-09-28,84.294289
2022-09-29,83.901978
2022-09-30,83.684052
2022-10-03,84.677208
2022-10-04,84.851883
2022-10-05,84.048294
2022-10-06,83.58532
2022-10-07,83.174782
2022-10-10,82.685623
2022-10-11,82.895279
2022-10-12,83.166069
2022-10-13,82.816643
2022-10-14,82.353668
2022-10-17,82.441048
2022-10-18,82.650696
2022-10-19,81.785912
2022-10-20,81.174454
2022-10-21,81.35788
2022-10-24,81.253067
2022-10-25,82.266342
2022-10-26,82.685623
2022-10-27,83.270866
2022-10-28,82.842827
2022-10-31,82.467247
2022-11-01,82.452339
2022-11-02,82.312294
2022-11-03,81.953407
2022-11-04,81.778297
2022-11-07,81.489433
2022-11-08,82.032181
2022-11-09,82.312294
2022-11-10,84.159348
2022-11-11,83.984245
2022-11-14,83.782944
2022-11-15,84.404457
2022-11-16,85.026001
2022-11-17,84.448235
2022-11-18,84.150604
2022-11-21,84.098083
2022-11-22,84.579536
2022-11-23,85.034714
2022-11-25,85.008499
2022-11-28,85.043488
2022-11-29,84.684578
2022-11-30,85.446205
2022-12-01,86.379448
2022-12-02,86.554871
2022-12-05,85.677727
2022-12-06,86.203987
2022-12-07,86.958351
2022-12-08,86.46714
2022-12-09,85.826843
2022-12-12,85.704033
2022-12-13,86.475899
2022-12-14,86.712746
2022-12-15,86.881485
2022-12-16,86.661766
2022-12-19,85.958702
2022-12-20,85.334717
2022-12-21,85.440186
2022-12-22,85.413818
2022-12-23,85.02713
2022-12-27,84.3153
2022-12-28,84.113144
2022-12-29,84.526199
2022-12-30,84.174667
2023-01-03,84.833801
2023-01-04,85.484131
2023-01-05,85.361099
2023-01-06,86.459648
2023-01-09,86.679344
2023-01-10,86.134483
2023-01-11,86.688133
2023-01-12,87.461487
2023-01-13,86.995712
2023-01-17,86.723282
2023-01-18,87.900932
2023-01-19,87.733948
2023-01-20,87.153923
2023-01-23,86.872681
2023-01-24,87.373634
2023-01-25,87.470291
2023-01-26,87.153923
2023-01-27,87.022087
2023-01-30,86.749649
2023-01-31,87.189095
2023-02-01,87.816139
2023-02-02,87.780907
2023-02-03,86.838524
2023-02-06,86.089958
2023-02-07,85.878571
2023-02-08,86.195625
2023-02-09,85.808113
2023-02-10,85.394203
2023-02-13,85.596741
2023-02-14,85.209213
2023-02-15,84.953819
2023-02-16,84.671974
2023-02-17,84.909767
2023-02-21,83.985046
2023-02-22,84.134766
2023-02-23,84.460617
2023-02-24,83.94976
2023-02-27,84.205208
2023-02-28,84.337303
2023-03-01,83.663086
2023-03-02,83.318909
2023-03-03,83.989586
2023-03-06,83.839561
2023-03-07,83.848396
2023-03-08,83.82193
2023-03-09,84.34259
2023-03-10,85.895844
2023-03-13,86.937241
2023-03-14,86.116478
2023-03-15,87.360832
2023-03-16,86.575394
2023-03-17,87.599106
2023-03-20,87.246109
2023-03-21,86.487152
2023-03-22,87.625587
2023-03-23,88.128609
2023-03-24,88.155106
2023-03-27,87.069603
2023-03-28,87.016647
2023-03-29,86.866623
2023-03-30,86.999001
2023-03-31,87.475578
2023-04-03,87.887619
2023-04-04,88.453552
2023-04-05,88.824966
2023-04-06,88.851471
2023-04-10,87.976044
2023-04-11,87.940689
2023-04-12,88.197105
2023-04-13,87.905296
2023-04-14,87.472008
2023-04-17,86.914932
2023-04-18,87.056389
2023-04-19,86.870705
2023-04-20,87.37471
2023-04-21,87.162521
2023-04-24,87.586975
2023-04-25,88.453552
2023-04-26,88.108681
2023-04-27,87.533913
2023-04-28,88.188271
2023-05-01,87.150307
2023-05-02,88.284889
2023-05-03,88.861046
2023-05-04,88.843323
2023-05-05,88.364685
2023-05-08,87.823952
2023-05-09,87.717598
2023-05-10,88.373528
2023-05-11,88.701523
2023-05-12,88.169678
2023-05-15,87.974655
2023-05-16,87.690979
2023-05-17,87.407372
2023-05-18,86.866638
2023-05-19,86.538696
2023-05-22,86.379135
2023-05-23,86.520981
2023-05-24,86.29937
2023-05-25,85.758667
2023-05-26,85.918228
2023-05-30,86.591866
2023-05-31,86.919846
2023-06-01,87.16153
2023-06-02,86.46846
2023-06-05,86.441849
2023-06-06,86.49514
2023-06-07,85.864288
2023-06-08,86.441849
2023-06-09,86.13089
2023-06-12,86.273018
2023-06-13,85.65995
2023-06-14,85.775452
2023-06-15,86.441849
2023-06-16,86.06871
2023-06-20,86.32634
2023-06-21,86.406296
2023-06-22,85.91761
2023-06-23,86.273018
2023-06-26,86.486244
2023-06-27,86.184181
2023-06-28,86.530693
2023-06-29,85.642181
2023-06-30,85.828766
2023-07-03,85.456497
2023-07-05,85.046799
2023-07-06,84.352104
2023-07-07,84.245224
2023-07-10,84.681618
2023-07-11,84.859756
2023-07-12,85.688034
2023-07-13,86.400581
2023-07-14,85.973045
2023-07-17,86.115578
2023-07-18,86.213501
2023-07-19,86.507439
2023-07-20,85.821655
2023-07-21,85.892868
2023-07-24,85.688034
2023-07-25,85.527756
2023-07-26,85.821655
2023-07-27,84.88649
2023-07-28,85.162575
2023-07-31,85.269447
2023-08-01,84.77121
2023-08-02,84.601562
2023-08-03,83.976532
2023-08-04,84.869408
2023-08-07,84.66407
2023-08-08,85.092659
2023-08-09,85.146233
2023-08-10,84.494423
2023-08-11,84.047974
2023-08-14,83.914024
2023-08-15,83.753326
2023-08-16,83.431915
2023-08-17,83.324738
2023-08-18,83.57473
2023-08-21,83.05687
2023-08-22,83.092598
2023-08-23,83.9944
2023-08-24,83.68187
2023-08-25,83.65509
2023-08-28,83.887253
2023-08-29,84.485519
2023-08-30,84.476524
2023-08-31,84.64621
2023-09-01,84.128799
2023-09-05,83.618553
2023-09-06,83.403702
2023-09-07,83.690147
2023-09-08,83.708084
2023-09-11,83.564827
2023-09-12,83.681198
2023-09-13,83.779655
2023-09-14,83.591698
2023-09-15,83.332123
2023-09-18,83.412666
2023-09-19,83.108276
2023-09-20,83.045624
2023-09-21,82.427963
2023-09-22,82.750237
2023-09-25,82.141502
2023-09-26,82.114655
2023-09-27,81.74765
2023-09-28,81.971428
2023-09-29,81.989319
2023-10-02,81.324265
2023-10-03,80.651115
2023-10-04,81.162697
2023-10-05,81.315308
2023-10-06,80.8396
2023-10-09,81.871727
2023-10-10,81.710213
2023-10-11,82.158943
2023-10-12,81.369125
2023-10-13,81.889694
2023-10-16,81.405022
2023-10-17,80.606239
2023-10-18,80.229294
2023-10-19,79.834366
2023-10-20,80.301094
2023-10-23,80.678055
2023-10-24,80.821663
2023-10-25,80.112617
2023-10-26,80.7229
2023-10-27,80.848564
2023-10-30,80.579285
2023-10-31,80.408783
2023-11-01,81.334892
2023-11-02,81.838928
2023-11-03,82.468925
2023-11-06,81.991913
2023-11-07,82.459946
2023-11-08,82.792938
2023-11-09,81.973923
2023-11-10,82.063911
2023-11-13,82.018929
2023-11-14,83.251961
2023-11-15,82.603958
2023-11-16,83.224968
2023-11-17,83.278946
2023-11-20,83.395958
2023-11-21,83.50396
2023-11-22,83.476952
2023-11-24,83.044945
2023-11-27,83.674965
2023-11-28,84.043968
2023-11-29,84.484993
2023-11-30,84.070961
2023-12-01,84.864204
2023-12-04,84.512283
2023-12-05,85.107864
2023-12-06,85.459808
2023-12-07,85.333473
2023-12-08,84.782974
2023-12-11,84.792007
2023-12-12,84.972504
2023-12-13,86.235893
2023-12-14,86.952721
2023-12-15,86.880325
2023-12-18,86.690262
2023-12-19,86.85318
2023-12-20,87.278572
2023-12-21,87.142815
2023-12-22,87.061333
2023-12-26,87.115631
2023-12-27,87.794487
2023-12-28,87.459572
2023-12-29,87.242355
2024-01-02,86.916527
2024-01-03,87.124695
2024-01-04,86.599739
2024-01-05,86.282967
2024-01-08,86.572571
2024-01-09,86.536362
2024-01-10,86.400635
2024-01-11,86.862221
2024-01-12,87.097557
2024-01-16,86.391579
2024-01-17,86.110992
2024-01-18,85.920898
2024-01-19,85.92997
2024-01-22,86.192451
2024-01-23,85.975227
2024-01-24,85.730835
2024-01-25,86.101936
2024-01-26,85.94809
2024-01-29,86.463974
2024-01-30,86.581642
2024-01-31,87.305702
2024-02-01,87.846466
2024-02-02,86.703247
2024-02-05,85.859451
2024-02-06,86.322189
2024-02-07,86.167946
2024-02-08,85.886658
2024-02-09,85.73243
2024-02-12,85.814095
2024-02-13,84.870476
2024-02-14,85.188034
2024-02-15,85.423965
2024-02-16,85.051941
2024-02-20,85.197113
2024-02-21,84.924904
2024-02-22,84.933983
2024-02-23,85.32415
2024-02-26,85.197113
2024-02-27,85.006577
2024-02-28,85.315071
2024-02-29,85.487465
2024-03-01,85.877716
2024-03-04,85.686676
2024-03-05,86.21431
2024-03-06,86.423553
2024-03-07,86.569122
2024-03-08,86.632797
2024-03-11,86.523621
2024-03-12,86.168846
2024-03-13,85.977806
2024-03-14,85.340988
2024-03-15,85.195419
2024-03-18,85.09536
2024-03-19,85.340988
2024-03-20,85.541115
2024-03-21,85.550209
2024-03-22,85.968704
2024-03-25,85.741249
2024-03-26,85.868622
2024-03-27,86.196121
2024-03-28,86.114258
2024-04-01,85.335068
2024-04-02,85.152611
2024-04-03,85.25296
2024-04-04,85.544937
2024-04-05,84.979256
2024-04-08,84.787643
2024-04-09,85.125229
2024-04-10,83.993866
2024-04-11,83.875275
2024-04-12,84.221985
2024-04-15,83.683662
2024-04-16,83.355202
2024-04-17,83.884399
2024-04-18,83.592438
2024-04-19,83.70192
2024-04-22,83.711021
2024-04-23,83.820526
2024-04-24,83.565041
2024-04-25,83.245735
2024-04-26,83.473831
2024-04-29,83.811409
2024-04-30,83.419067
2024-05-01,83.749428
2024-05-02,84.142929
2024-05-03,84.609619
2024-05-06,84.682831
2024-05-07,84.902435
2024-05-08,84.664536
2024-05-09,84.920738
2024-05-10,84.646194
2024-05-13,84.746872
2024-05-14,84.99395
2024-05-15,85.634521
2024-05-16,85.469795
2024-05-17,85.204445
2024-05-20,85.076309
2024-05-21,85.295929
2024-05-22,85.186127
2024-05-23,84.884148
2024-05-24,84.99395
2024-05-28,84.518097
2024-05-29,84.106308
2024-05-30,84.52726
2024-05-31,84.920738
2024-06-03,85.476944
2024-06-04,85.94503
2024-06-05,86.257111
2024-06-06,86.220383
2024-06-07,85.311737
2024-06-10,85.128174
2024-06-11,85.577911
2024-06-12,86.055183
2024-06-13,86.624222
2024-06-14,86.826149
2024-06-17,86.422295
2024-06-18,86.798607
2024-06-20,86.578331
2024-06-21,86.596672
2024-06-24,86.67012
2024-06-25,86.743538
2024-06-26,86.220383
2024-06-27,86.413132
2024-06-28,85.954216
2024-07-01,85.314377
2024-07-02,85.636589
2024-07-03,86.20739
2024-07-05,86.686119
2024-07-08,86.713737
2024-07-09,86.594055
2024-07-10,86.676918
2024-07-11,87.229309
2024-07-12,87.413414
2024-07-15,87.137238
2024-07-16,87.523888
2024-07-17,87.597511
2024-07-18,87.348953
2024-07-19,87.072754
2024-07-22,86.989929
2024-07-23,87.054359
2024-07-24,86.861015
2024-07-25,87.054359
2024-07-26,87.468636
2024-07-29,87.615952
2024-07-30,87.800079
2024-07-31,88.444519
2024-08-01,88.822182
2024-08-02,90.198059
2024-08-05,90.290382
2024-08-06,89.487022
2024-08-07,89.163826
2024-08-08,88.896034
2024-08-09,89.256187
2024-08-12,89.505501
2024-08-13,89.90258
2024-08-14,90.022591
2024-08-15,89.45932
2024-08-16,89.634789
2024-08-19,89.754829
2024-08-20,90.114922
2024-08-21,90.299622
2024-08-22,89.884079
2024-08-23,90.299622
2024-08-26,90.188812
2024-08-27,90.151878
2024-08-28,90.105713
2024-08-29,89.948746
2024-08-30,89.634789
2024-09-03,90.225655
2024-09-04,90.753571
2024-09-05,90.966591
2024-09-06,91.096252
2024-09-09,91.225906
2024-09-10,91.614899
2024-09-11,91.550049
2024-09-12,91.401878
2024-09-13,91.577843
2024-09-16,91.818649
2024-09-17,91.651955
2024-09-18,91.253693
2024-09-19,91.179588
2024-09-20,91.15181
2024-09-23,91.096252
2024-09-24,91.19812
2024-09-25,90.827682
2024-09-26,90.76284
2024-09-27,91.124023
2024-09-30,90.87397
2024-10-01,91.204643
2024-10-02,90.944534
2024-10-03,90.480118
2024-10-04,89.606995
2024-10-07,89.281906
2024-10-08,89.356209
2024-10-09,89.021812
2024-10-10,89.012535
2024-10-11,89.04039
2024-10-14,88.882462
2024-10-15,89.337639
2024-10-16,89.476974
2024-10-17,89.012535
2024-10-18,89.114685
2024-10-21,88.427345
2024-10-22,88.343742
2024-10-23,88.13942
2024-10-24,88.334465
2024-10-25,88.13942
2024-10-28,87.935051
2024-10-29,87.972206
2024-10-30,87.842163
2024-10-31,87.795708
2024-11-01,87.275818
2024-11-04,87.741684
2024-11-05,87.788277
2024-11-06,86.884483
2024-11-07,87.58329
2024-11-08,87.76963
2024-11-11,87.527405
2024-11-12,86.977661
2024-11-13,86.921761
2024-11-14,86.912437
2024-11-15,86.949715
2024-11-18,87.14537
2024-11-19,87.331734
2024-11-20,87.201271
2024-11-21,87.154701
2024-11-22,87.210587
2024-11-25,88.151649
2024-11-26,87.965309
2024-11-27,88.319374
2024-11-29,88.692062
2024-12-02,88.684593
2024-12-03,88.432228
2024-12-04,88.7687
2024-12-05,88.759354
2024-12-06,89.039719
2024-12-09,88.731308
2024-12-10,88.572426
2024-12-11,88.310753
2024-12-12,87.974274
2024-12-13,87.563072
2024-12-16,87.59111
2024-12-17,87.59111
2024-12-18,86.914101
2024-12-19,86.520271
2024-12-20,86.839073
2024-12-23,86.45462
2024-12-24,86.501511
2024-12-26,86.567154
2024-12-27,86.34211
2024-12-30,86.848434
2024-12-31,86.689034
2025-01-02,86.735939
2025-01-03,86.595268
2025-01-06,86.510887
2025-01-07,86.117043
2025-01-08,86.267097
2025-01-10,85.638832
2025-01-13,85.488823
2025-01-14,85.51693
2025-01-15,86.41713
2025-01-16,86.623421
2025-01-17,86.689034
2025-01-21,86.979729
2025-01-22,86.754677
2025-01-23,86.529648
2025-01-24,86.707787
2025-01-27,87.270416
2025-01-28,87.279785
2025-01-29,87.176636
2025-01-30,87.364174
2025-01-31,87.223526
2025-02-03,87.285614
2025-02-04,87.501961
2025-02-05,88.009933
2025-02-06,87.906456
2025-02-07,87.614853
2025-02-10,87.596031
2025-02-11,87.370277
2025-02-12,86.768227
2025-02-13,87.417313
2025-02-14,87.784172
2025-02-18,87.313812
2025-02-19,87.454948
2025-02-20,87.633675
2025-02-21,88.151047
2025-02-24,88.339165
2025-02-25,89.035278
2025-02-26,89.279854
2025-02-27,89.176376
2025-02-28,89.665512
2025-03-03,89.991005
2025-03-04,89.707985
2025-03-05,89.207977
2025-03-06,89.16082
2025-03-07,89.0476
2025-03-10,89.670242
2025-03-11,89.349487
2025-03-12,89.085358
2025-03-13,89.443794
2025-03-14,89.132507
2025-03-17,89.207977
2025-03-18,89.311752
2025-03-19,89.585342
2025-03-20,89.717438
2025-03-21,89.641937
2025-03-24,89.123077
2025-03-25,89.274002
2025-03-26,89.066475
2025-03-27,88.990997
2025-03-28,89.707985
2025-03-31,89.97213
2025-04-01,90.288223
2025-04-02,90.203064
2025-04-03,91.130531
2025-04-04,91.386086
2025-04-07,90.297707
2025-04-08,89.843422
2025-04-09,89.559494
2025-04-10,89.001106
2025-04-11,88.499512
2025-04-14,89.20932
2025-04-15,89.474327
2025-04-16,89.862343
2025-04-17,89.606812
2025-04-21,89.124153
2025-04-22,89.190407
2025-04-23,89.285034
2025-04-24,89.767715
2025-04-25,90.108414
2025-04-28,90.468048
2025-04-29,90.780373
2025-04-30,90.92234
2025-05-01,90.526382
2025-05-02,89.918694
2025-05-05,89.757278
2025-05-06,89.985168
2025-05-07,90.222534
2025-05-08,89.519897
2025-05-09,89.586365
2025-05-12,89.016663
2025-05-13,88.950203
2025-05-14,88.617889
2025-05-15,89.19709
2025-05-16,89.225555
2025-05-19,89.178085
2025-05-20,89.064148
2025-05-21,88.446953
2025-05-22,88.779289
2025-05-23,89.03566
2025-05-27,89.405983
2025-05-28,89.159088
2025-05-29,89.529404
2025-05-30,89.795258
2025-06-02,89.490433
2025-06-03,89.404686
2025-06-04,90.061996
2025-06-05,89.795258
2025-06-06,89.080803
2025-06-09,89.242744
2025-06-10,89.395164
2025-06-11,89.766701
2025-06-12,90.157272
2025-06-13,89.823853
2025-06-16,89.566635
2025-06-17,90.004845
2025-06-18,90.061996
2025-06-20,90.119156
2025-06-23,90.43354
2025-06-24,90.747917
2025-06-25,90.786003
2025-06-26,91.109901
2025-06-27,90.87175
2025-06-30,91.233734
2025-07-01,91.064583
2025-07-02,90.873466
2025-07-03,90.558113
2025-07-07,90.271385
2025-07-08,90.137611
2025-07-09,90.605865
2025-07-10,90.558113
2025-07-11,90.137611
2025-07-14,90.09938
2025-07-15,89.745796
2025-07-16,89.994263
2025-07-17,89.965584
2025-07-18,90.214066
2025-07-21,90.529434
2025-07-22,90.78746
2025-07-23,90.462547
2025-07-24,90.328735
2025-07-25,90.538971
2025-07-28,90.33828
2025-07-29,90.930786
2025-07-30,90.615425
2025-07-31,90.691887
2025-08-01,91.735992
2025-08-04,91.860649
2025-08-05,91.793518
2025-08-06,91.72641
2025-08-07,91.659294
2025-08-08,91.448372
2025-08-11,91.477127
2025-08-12,91.457962
2025-08-13,91.783943
2025-08-14,91.48671
2025-08-15,91.304558
2025-08-18,91.218269
2025-08-19,91.448372
2025-08-20,91.582596
2025-08-21,91.314133
2025-08-22,91.822289
2025-08-25,91.640129
2025-08-26,91.879814
2025-08-27,92.052391
2025-08-28,92.263336
2025-08-29,92.18663
2025-09-02,91.91153
2025-09-03,92.228951
2025-09-04,92.64257
2025-09-05,93.094688
2025-09-08,93.383247
2025-09-09,93.16201
2025-09-10,93.412132
2025-09-11,93.556396
2025-09-12,93.287064
2025-09-15,93.440964
2025-09-16,93.498688
2025-09-17,93.296684
2025-09-18,92.988861
2025-09-19,92.950394
2025-09-22,92.796501
2025-09-23,93.056198
2025-09-24,92.806107
2025-09-25,92.604103
2025-09-26,92.556007
2025-09-29,92.82534
2025-09-30,92.786858
2025-10-01,93.099472
2025-10-02,93.195969
2025-10-03,93.012642
2025-10-06,92.742477
2025-10-07,92.974037
2025-10-08,92.99334
2025-10-09,92.925804
2025-10-10,93.50473
2025-10-13,93.552979
2025-10-14,93.794189
2025-10-15,93.688042
2025-10-16,94.122238
2025-10-17,93.967857
2025-10-20,94.093277
2025-10-21,94.266968
2025-10-22,94.286263
2025-10-23,93.977501
2025-10-24,94.064339
2025-10-27,94.064339
2025-10-28,94.151176
2025-10-29,93.543327
2025-10-30,93.408234
2025-10-31,93.446831
2025-11-03,93.402321
2025-11-04,93.518471
2025-11-05,93.073227
2025-11-06,93.547501
2025-11-07,93.586212
2025-11-10,93.460381
2025-11-11,93.750763
2025-11-12,93.770103
2025-11-13,93.4991
2025-11-14,93.344231
2025-11-17,93.450691
2025-11-18,93.60556
2025-11-19,93.537804
2025-11-20,93.760445
2025-11-21,94.070152
2025-11-24,94.21534
2025-11-25,94.457306
2025-11-26,94.534752
2025-11-28,94.370209
2025-12-01,93.863472
2025-12-02,93.941132
2025-12-03,94.135277
2025-12-04,93.844048
2025-12-05,93.649902
2025-12-08,93.455742
2025-12-09,93.319832
2025-12-10,93.620766
2025-12-11,93.630478
2025-12-12,93.378082
2025-12-15,93.455742
2025-12-16,93.717857
2025-12-17,93.698433
2025-12-18,93.941132
2025-12-19,93.729782
2025-12-22,93.632393
2025-12-23,93.59343
2025-12-24,93.836906
2025-12-26,93.924561
2025-12-29,94.060921
2025-12-30,93.963516
2025-12-31,93.651878
2026-01-02,93.573959
2026-01-05,93.856407
2026-01-06,93.788231
2026-01-07,93.963516
2026-01-08,93.681091
2026-01-09,93.788231
2026-01-12,93.671349
2026-01-13,93.788231
2026-01-14,93.983009
2026-01-15,93.788231
2026-01-16,93.427879
2026-01-20,93.057785
2026-01-21,93.30127
2026-01-22,93.291527
2026-01-23,93.447342
2026-01-26,93.583702
2026-01-27,93.476562
2026-01-28,93.398666
2026-01-29,93.49604
2026-01-30,93.437614
2026-02-02,93.253914
2026-02-03,93.34185
2026-02-04,93.322319
2026-02-05,93.869492
2026-02-06,93.869492
2026-02-09,93.88903
2026-02-10,94.299408
2026-02-11,94.035583
2026-02-12,94.612076
2026-02-13,94.983376
2026-02-17,94.973602
2026-02-18,94.778198
2026-02-19,94.866119
2026-02-20,94.866119
2026-02-23,95.208099
2026-02-24,95.188576
2026-02-25,95.11039
2026-02-26,95.364449
2026-02-27,95.745506
2026-03-02,95.170296
2026-03-03,95.0625
2026-03-04,94.866516
2026-03-05,94.572548
2026-03-06,94.513725
2026-03-09,94.807724
2026-03-10,94.503944
2026-03-11,94.072777
2026-03-12,93.768997
2026-03-13,93.670998
2026-03-16,94.092377
2026-03-17,94.258965
2026-03-18,93.827797
2026-03-19,93.817986
2026-03-20,92.97525
2026-03-23,93.269234
2026-03-24,92.955666
2026-03-25,93.445618
2026-03-26,92.691078
2026-03-27,92.700867
2026-03-30,93.357437
2026-03-31,93.524017
2026-04-01,93.442413
2026-04-02,93.658707
2026-04-06,93.412918
2026-04-07,93.64888
2026-04-08,93.855354
2026-04-09,93.825851
2026-04-10,93.668549
2026-04-13,93.875023
2026-04-14,94.17981
2026-04-15,93.973343
2026-04-16,93.806198
2026-04-17,94.317444
2026-04-20,94.228958
2026-04-21,93.816025
2026-04-22,93.914345
2026-04-23,93.766861
2026-04-24,93.953674
2026-04-27,93.737358
2026-04-28,93.64888
2026-04-29,93.206451
2026-04-30,93.383415
2026-05-01,93.454453
2026-05-04,93.109192
2026-05-05,93.247299
2026-05-06,93.710922
2026-05-07,93.42485
2026-05-08,93.671463
2026-05-11,93.355804
2026-05-12,93.040154
2026-05-13,93.040154
2026-05-14,92.980965
2026-05-15,92.241135
2026-05-18,92.201683
2026-05-19,91.846565
2026-05-20,92.46801
2026-05-21,92.527206
2026-05-22,92.60611
2026-05-26,93.000687
2026-05-27,93.040154
2026-05-28,93.257156
2026-05-29,93.365669
2026-06-01,93.204338
2026-06-02,93.273621
2026-06-03,93.036087
2026-06-04,93.154854
2026-06-05,92.659981
2026-06-08,92.561005
2026-06-09,92.818336
2026-06-10,92.729263
2026-06-11,93.372597
2026-06-12,93.214233
2026-06-15,93.313217
2026-06-16,93.550743
2026-06-17,93.05587
2026-06-18,93.392387
2026-06-22,93.036087
2026-06-23,93.154854
2026-06-24,93.758598
2026-06-25,93.817978
2026-06-26,94.055519
2026-06-29,94.085213
2026-06-30,93.600243
2026-07-01,93.372841
2026-07-02,93.462212
2026-07-06,93.52179
2026-07-07,93.045143
2026-07-08,92.856476
2026-07-09,93.055069
2026-07-10,92.975632
2026-07-13,92.638016
2026-07-14,92.896194
2026-07-15,93.12458
2026-07-16,93.06501
2026-07-17,93.184158
2026-07-20,92.886269
2026-07-21,92.657867
2026-07-22,92.449333
2026-07-23,92.20108
2026-07-24,92.379822
2026-07-27,92.628075
2026-07-28,92.90612
2026-07-29,92.518852
2026-07-30,92.558571
2026-07-31,92.300385
2026-08-03,92.487709
2026-08-04,92.916176
2026-08-05,92.975952
2026-08-06,92.617241
2026-08-07,92.836456
2026-08-10,92.427933
2026-08-11,92.537537
2026-08-12,92.627213
2026-08-13,92.965996
2026-08-14,92.706924
2026-08-17,92.507637
2026-08-18,92.597321
2026-08-19,93.045708
2026-08-20,92.667068
2026-08-21,92.487709
2026-08-24,92.677032
2026-08-25,93.175247
2026-08-26,92.985924
2026-08-27,92.896248
2026-08-28,92.517601
2026-08-31,92.407997
2026-09-01,92.099998
2026-09-02,92.18
2026-09-03,92.279999
2026-09-04,92.25
2026-09-08,92.160004
2026-09-09,91.900002
2026-09-10,91.18
2026-09-11,91.010002
2026-09-14,90.93
2026-09-15,90.82
2026-09-16,90.730003
2026-09-17,91.25
2026-09-18,90.800003
2026-09-21,91.150002
2026-09-22,91.160004
2026-09-23,90.190002
2026-09-24,89.690002
2026-09-25,90
