Date,Close
2005-01-03,2.204
2005-01-04,2.2920001
2005-01-05,2.2820001
2005-01-06,2.267
2005-01-07,2.277
2005-01-10,2.273
2005-01-11,2.302
2005-01-12,2.2920001
2005-01-13,2.302
2005-01-14,2.3199999
2005-01-18,2.302
2005-01-19,2.3269999
2005-01-20,2.3069999
2005-01-21,2.302
2005-01-24,2.3010001
2005-01-25,2.3610001
2005-01-26,2.365
2005-01-27,2.3870001
2005-01-28,2.4070001
2005-01-31,2.4219999
2005-02-01,2.4619999
2005-02-02,2.4579999
2005-02-03,2.4319999
2005-02-04,2.4219999
2005-02-07,2.437
2005-02-08,2.4649999
2005-02-09,2.467
2005-02-10,2.467
2005-02-11,2.494
2005-02-14,2.4820001
2005-02-15,2.5320001
2005-02-16,2.527
2005-02-17,2.527
2005-02-18,2.552
2005-02-22,2.573
2005-02-23,2.625
2005-02-24,2.6370001
2005-02-25,2.675
2005-02-28,2.6900001
2005-03-01,2.6919999
2005-03-02,2.677
2005-03-03,2.6919999
2005-03-04,2.6919999
2005-03-07,2.677
2005-03-08,2.6919999
2005-03-09,2.6919999
2005-03-10,2.687
2005-03-11,2.6919999
2005-03-14,2.7119999
2005-03-15,2.737
2005-03-16,2.7320001
2005-03-17,2.727
2005-03-18,2.7420001
2005-03-21,2.757
2005-03-22,2.802
2005-03-23,2.7609999
2005-03-24,2.77
2005-03-28,2.7720001
2005-03-29,2.7720001
2005-03-30,2.7620001
2005-03-31,2.7219999
2005-04-01,2.727
2005-04-04,2.688
2005-04-05,2.7279999
2005-04-06,2.7019999
2005-04-07,2.7
2005-04-08,2.7119999
2005-04-11,2.697
2005-04-12,2.707
2005-04-13,2.717
2005-04-14,2.7119999
2005-04-15,2.724
2005-04-18,2.812
2005-04-19,2.8469999
2005-04-20,2.8069999
2005-04-21,2.8169999
2005-04-22,2.858
2005-04-25,2.832
2005-04-26,2.852
2005-04-27,2.8199999
2005-04-28,2.8110001
2005-04-29,2.8369999
2005-05-02,2.822
2005-05-03,2.8499999
2005-05-04,2.7950001
2005-05-05,2.747
2005-05-06,2.802
2005-05-09,2.7969999
2005-05-10,2.822
2005-05-11,2.802
2005-05-12,2.8169999
2005-05-13,2.757
2005-05-16,2.747
2005-05-17,2.812
2005-05-18,2.7869999
2005-05-19,2.802
2005-05-20,2.825
2005-05-23,2.845
2005-05-24,2.882
2005-05-25,2.8699999
2005-05-26,2.8670001
2005-05-27,2.8870001
2005-05-31,2.882
2005-06-01,2.9070001
2005-06-02,2.908
2005-06-03,2.9300001
2005-06-06,2.9319999
2005-06-07,2.947
2005-06-08,2.947
2005-06-09,2.927
2005-06-10,2.937
2005-06-13,2.937
2005-06-14,2.9619999
2005-06-15,2.9549999
2005-06-16,2.902
2005-06-17,2.9130001
2005-06-20,2.9200001
2005-06-21,2.95
2005-06-22,2.9619999
2005-06-23,3
2005-06-24,3
2005-06-27,3.0350001
2005-06-28,3.075
2005-06-29,3.063
2005-06-30,3.0599999
2005-07-01,3.0899999
2005-07-05,3.1370001
2005-07-06,3.1199999
2005-07-07,3.0799999
2005-07-08,3.095
2005-07-11,3.095
2005-07-12,3.135
2005-07-13,3.145
2005-07-14,3.152
2005-07-15,3.178
2005-07-18,3.1800001
2005-07-19,3.2219999
2005-07-20,3.2279999
2005-07-21,3.2679999
2005-07-22,3.293
2005-07-25,3.3150001
2005-07-26,3.359
2005-07-27,3.325
2005-07-28,3.3150001
2005-07-29,3.332
2005-08-01,3.355
2005-08-02,3.402
2005-08-03,3.385
2005-08-04,3.3800001
2005-08-05,3.437
2005-08-08,3.428
2005-08-09,3.4349999
2005-08-10,3.434
2005-08-11,3.4219999
2005-08-12,3.4330001
2005-08-15,3.427
2005-08-16,3.4519999
2005-08-17,3.4349999
2005-08-18,3.4100001
2005-08-19,3.428
2005-08-22,3.4219999
2005-08-23,3.4400001
2005-08-24,3.4300001
2005-08-25,3.4349999
2005-08-26,3.467
2005-08-29,3.4849999
2005-08-30,3.477
2005-08-31,3.4300001
2005-09-01,3.365
2005-09-02,3.3770001
2005-09-06,3.4100001
2005-09-07,3.405
2005-09-08,3.398
2005-09-09,3.3970001
2005-09-12,3.415
2005-09-13,3.404
2005-09-14,3.345
2005-09-15,3.355
2005-09-16,3.4089999
2005-09-19,3.4400001
2005-09-20,3.5250001
2005-09-21,3.342
2005-09-22,3.3800001
2005-09-23,3.3900001
2005-09-26,3.425
2005-09-27,3.405
2005-09-28,3.3870001
2005-09-29,3.4579999
2005-09-30,3.47
2005-10-03,3.4849999
2005-10-04,3.5350001
2005-10-05,3.49
2005-10-06,3.5120001
2005-10-07,3.533
2005-10-11,3.5599999
2005-10-12,3.615
2005-10-13,3.6619999
2005-10-14,3.7019999
2005-10-17,3.697
2005-10-18,3.77
2005-10-19,3.757
2005-10-20,3.76
2005-10-21,3.7650001
2005-10-24,3.7650001
2005-10-25,3.8369999
2005-10-26,3.8050001
2005-10-27,3.7920001
2005-10-28,3.825
2005-10-31,3.8050001
2005-11-01,3.862
2005-11-02,3.8369999
2005-11-03,3.8469999
2005-11-04,3.865
2005-11-07,3.8269999
2005-11-08,3.862
2005-11-09,3.8770001
2005-11-10,3.872
2005-11-14,3.882
2005-11-15,3.915
2005-11-16,3.9119999
2005-11-17,3.9119999
2005-11-18,3.9119999
2005-11-21,3.895
2005-11-22,3.832
2005-11-23,3.852
2005-11-25,3.852
2005-11-28,3.8299999
2005-11-29,3.8870001
2005-11-30,3.8570001
2005-12-01,3.8770001
2005-12-02,3.892
2005-12-05,3.9100001
2005-12-06,3.9319999
2005-12-07,3.9300001
2005-12-08,3.845
2005-12-09,3.842
2005-12-12,3.825
2005-12-13,3.8269999
2005-12-14,3.802
2005-12-15,3.8399999
2005-12-16,3.832
2005-12-19,3.8599999
2005-12-20,3.8870001
2005-12-21,3.892
2005-12-22,3.902
2005-12-23,3.895
2005-12-27,3.8770001
2005-12-28,3.862
2005-12-29,3.9119999
2005-12-30,3.9849999
2006-01-03,4.02
2006-01-04,4.0819998
2006-01-05,4.0900002
2006-01-06,4.1069999
2006-01-09,4.1170001
2006-01-10,4.177
2006-01-11,4.1919999
2006-01-12,4.2049999
2006-01-13,4.2199998
2006-01-17,4.2319999
2006-01-18,4.2470002
2006-01-19,4.2420001
2006-01-20,4.2519999
2006-01-23,4.2470002
2006-01-24,4.2950001
2006-01-25,4.3070002
2006-01-26,4.3319998
2006-01-27,4.3369999
2006-01-30,4.342
2006-01-31,4.3699999
2006-02-01,4.362
2006-02-02,4.362
2006-02-03,4.362
2006-02-06,4.3470001
2006-02-07,4.382
2006-02-08,4.3920002
2006-02-09,4.3969998
2006-02-10,4.4250002
2006-02-13,4.4219999
2006-02-14,4.447
2006-02-15,4.4320002
2006-02-16,4.4299998
2006-02-17,4.427
2006-02-21,4.4450002
2006-02-22,4.4520001
2006-02-23,4.4770002
2006-02-24,4.4819999
2006-02-27,4.4899998
2006-02-28,4.507
2006-03-01,4.487
2006-03-02,4.487
2006-03-03,4.4920001
2006-03-06,4.4650002
2006-03-07,4.4819999
2006-03-08,4.4850001
2006-03-09,4.4749999
2006-03-10,4.4899998
2006-03-13,4.4920001
2006-03-14,4.4770002
2006-03-15,4.5
2006-03-16,4.4920001
2006-03-17,4.5170002
2006-03-20,4.5300002
2006-03-21,4.5669999
2006-03-22,4.5669999
2006-03-23,4.5469999
2006-03-24,4.5349998
2006-03-27,4.5170002
2006-03-28,4.527
2006-03-29,4.5019999
2006-03-30,4.4850001
2006-03-31,4.5149999
2006-04-03,4.527
2006-04-04,4.552
2006-04-05,4.5469999
2006-04-06,4.552
2006-04-07,4.5619998
2006-04-10,4.5669999
2006-04-11,4.572
2006-04-12,4.5819998
2006-04-13,4.5770001
2006-04-17,4.5770001
2006-04-18,4.5970001
2006-04-19,4.6020002
2006-04-20,4.6020002
2006-04-21,4.625
2006-04-24,4.6220002
2006-04-25,4.6550002
2006-04-26,4.6570001
2006-04-27,4.6570001
2006-04-28,4.6500001
2006-05-01,4.6469998
2006-05-02,4.6820002
2006-05-03,4.697
2006-05-04,4.6719999
2006-05-05,4.6950002
2006-05-08,4.6999998
2006-05-09,4.7550001
2006-05-10,4.7519999
2006-05-11,4.6950002
2006-05-12,4.7069998
2006-05-15,4.697
2006-05-16,4.7069998
2006-05-17,4.7069998
2006-05-18,4.7069998
2006-05-19,4.697
2006-05-22,4.6820002
2006-05-23,4.7119999
2006-05-24,4.7020001
2006-05-25,4.697
2006-05-26,4.7119999
2006-05-30,4.697
2006-05-31,4.7150002
2006-06-01,4.7069998
2006-06-02,4.6820002
2006-06-05,4.7020001
2006-06-06,4.737
2006-06-07,4.7319999
2006-06-08,4.7350001
2006-06-09,4.7470002
2006-06-12,4.7820001
2006-06-13,4.7719998
2006-06-14,4.7600002
2006-06-15,4.7199998
2006-06-16,4.7449999
2006-06-19,4.7550001
2006-06-20,4.8000002
2006-06-21,4.7849998
2006-06-22,4.7750001
2006-06-23,4.835
2006-06-26,4.8499999
2006-06-27,4.9099998
2006-06-28,4.8699999
2006-06-29,4.8649998
2006-06-30,4.8600001
2006-07-03,4.8850002
2006-07-05,4.8699999
2006-07-06,4.8699999
2006-07-07,4.875
2006-07-10,4.875
2006-07-11,4.915
2006-07-12,4.9250002
2006-07-13,4.915
2006-07-14,4.915
2006-07-17,4.9400001
2006-07-18,5
2006-07-19,4.9699998
2006-07-20,4.9450002
2006-07-21,4.9450002
2006-07-24,4.9450002
2006-07-25,5
2006-07-26,4.9699998
2006-07-27,4.9549999
2006-07-28,4.9200001
2006-07-31,4.9349999
2006-08-01,4.9850001
2006-08-02,4.9650002
2006-08-03,4.9699998
2006-08-04,4.9450002
2006-08-07,4.9699998
2006-08-08,4.9749999
2006-08-09,4.9349999
2006-08-10,4.915
2006-08-11,4.9349999
2006-08-14,4.9549999
2006-08-15,4.96
2006-08-16,4.9299998
2006-08-17,4.9549999
2006-08-18,4.96
2006-08-21,4.9549999
2006-08-22,4.9650002
2006-08-23,4.96
2006-08-24,4.9549999
2006-08-25,4.9650002
2006-08-28,4.96
2006-08-29,4.9349999
2006-08-30,4.9200001
2006-08-31,4.9050002
2006-09-01,4.8850002
2006-09-05,4.8499999
2006-09-06,4.8299999
2006-09-07,4.8299999
2006-09-08,4.8000002
2006-09-11,4.8099999
2006-09-12,4.7800002
2006-09-13,4.7800002
2006-09-14,4.8099999
2006-09-15,4.8150001
2006-09-18,4.8049998
2006-09-19,4.8200002
2006-09-20,4.8099999
2006-09-21,4.7849998
2006-09-22,4.79
2006-09-25,4.77
2006-09-26,4.7550001
2006-09-27,4.75
2006-09-28,4.7399998
2006-09-29,4.7600002
2006-10-02,4.7600002
2006-10-03,4.7750001
2006-10-04,4.7950001
2006-10-05,4.8000002
2006-10-06,4.8099999
2006-10-10,4.855
2006-10-11,4.8850002
2006-10-12,4.9200001
2006-10-13,4.9200001
2006-10-16,4.9299998
2006-10-17,4.9499998
2006-10-18,4.9499998
2006-10-19,4.96
2006-10-20,4.9499998
2006-10-23,4.9699998
2006-10-24,4.9899998
2006-10-25,4.9850001
2006-10-26,4.9749999
2006-10-27,4.9650002
2006-10-30,4.9450002
2006-10-31,4.9400001
2006-11-01,4.9349999
2006-11-02,4.9349999
2006-11-03,4.9549999
2006-11-06,4.9400001
2006-11-07,4.9450002
2006-11-08,4.96
2006-11-09,4.96
2006-11-10,4.9549999
2006-11-13,4.9450002
2006-11-14,4.9549999
2006-11-15,4.9499998
2006-11-16,4.9549999
2006-11-17,4.9450002
2006-11-20,4.9250002
2006-11-21,4.9299998
2006-11-22,4.9200001
2006-11-24,4.9050002
2006-11-27,4.9050002
2006-11-28,4.9050002
2006-11-29,4.9050002
2006-11-30,4.8899999
2006-12-01,4.8899999
2006-12-04,4.8699999
2006-12-05,4.8499999
2006-12-06,4.855
2006-12-07,4.8400002
2006-12-08,4.8299999
2006-12-11,4.8150001
2006-12-12,4.8049998
2006-12-13,4.8150001
2006-12-14,4.8150001
2006-12-15,4.7750001
2006-12-18,4.8049998
2006-12-19,4.8299999
2006-12-20,4.835
2006-12-21,4.835
2006-12-22,4.8499999
2006-12-26,4.8499999
2006-12-27,4.8449998
2006-12-28,4.8649998
2006-12-29,4.8850002
2007-01-03,4.915
2007-01-04,4.9000001
2007-01-05,4.9099998
2007-01-08,4.9099998
2007-01-09,4.9450002
2007-01-10,4.9499998
2007-01-11,4.9650002
2007-01-12,4.9549999
2007-01-16,4.9549999
2007-01-17,4.98
2007-01-18,4.98
2007-01-19,5
2007-01-22,4.9899998
2007-01-23,5.0050001
2007-01-24,4.9899998
2007-01-25,5
2007-01-26,4.9949999
2007-01-29,4.9949999
2007-01-30,4.9949999
2007-01-31,4.9749999
2007-02-01,4.9899998
2007-02-02,5
2007-02-05,4.9949999
2007-02-06,5.0100002
2007-02-07,5.0100002
2007-02-08,5.0149999
2007-02-09,5.0149999
2007-02-12,5.02
2007-02-13,5.0250001
2007-02-14,5.0100002
2007-02-15,5.02
2007-02-16,5.0300002
2007-02-20,5.0349998
2007-02-21,5.0349998
2007-02-22,5.0450001
2007-02-23,5.04
2007-02-26,5.0450001
2007-02-27,4.9899998
2007-02-28,4.9949999
2007-03-01,4.9899998
2007-03-02,4.9699998
2007-03-05,4.96
2007-03-06,4.9749999
2007-03-07,4.9549999
2007-03-08,4.9450002
2007-03-09,4.9499998
2007-03-12,4.9499998
2007-03-13,4.9349999
2007-03-14,4.915
2007-03-15,4.895
2007-03-16,4.8850002
2007-03-19,4.895
2007-03-20,4.9099998
2007-03-21,4.9099998
2007-03-22,4.9200001
2007-03-23,4.9250002
2007-03-26,4.9299998
2007-03-27,4.9200001
2007-03-28,4.9099998
2007-03-29,4.9050002
2007-03-30,4.895
2007-04-02,4.9050002
2007-04-03,4.9050002
2007-04-04,4.9050002
2007-04-05,4.895
2007-04-09,4.8850002
2007-04-10,4.8800001
2007-04-11,4.8850002
2007-04-12,4.8850002
2007-04-13,4.8699999
2007-04-16,4.8649998
2007-04-17,4.8600001
2007-04-18,4.8499999
2007-04-19,4.8449998
2007-04-20,4.835
2007-04-23,4.8400002
2007-04-24,4.835
2007-04-25,4.8200002
2007-04-26,4.8000002
2007-04-27,4.7950001
2007-04-30,4.7249999
2007-05-01,4.7550001
2007-05-02,4.7550001
2007-05-03,4.75
2007-05-04,4.75
2007-05-07,4.73
2007-05-08,4.7550001
2007-05-09,4.73
2007-05-10,4.7199998
2007-05-11,4.7150002
2007-05-14,4.6999998
2007-05-15,4.6900001
2007-05-16,4.6100001
2007-05-17,4.6599998
2007-05-18,4.6849999
2007-05-21,4.71
2007-05-22,4.7750001
2007-05-23,4.7649999
2007-05-24,4.7649999
2007-05-25,4.7399998
2007-05-29,4.6849999
2007-05-30,4.7049999
2007-05-31,4.5900002
2007-06-01,4.6550002
2007-06-04,4.625
2007-06-05,4.6900001
2007-06-06,4.6550002
2007-06-07,4.6599998
2007-06-08,4.6300001
2007-06-11,4.5900002
2007-06-12,4.5900002
2007-06-13,4.5149999
2007-06-14,4.5100002
2007-06-15,4.4299998
2007-06-18,4.4099998
2007-06-19,4.5149999
2007-06-20,4.5999999
2007-06-21,4.5599999
2007-06-22,4.585
2007-06-25,4.6399999
2007-06-26,4.6750002
2007-06-27,4.6350002
2007-06-28,4.6399999
2007-06-29,4.6700001
2007-07-02,4.73
2007-07-03,4.8150001
2007-07-05,4.8099999
2007-07-06,4.79
2007-07-09,4.7849998
2007-07-10,4.8049998
2007-07-11,4.8049998
2007-07-12,4.8150001
2007-07-13,4.8200002
2007-07-16,4.79
2007-07-17,4.8099999
2007-07-18,4.8150001
2007-07-19,4.8299999
2007-07-20,4.8249998
2007-07-23,4.855
2007-07-24,4.875
2007-07-25,4.835
2007-07-26,4.77
2007-07-27,4.7049999
2007-07-30,4.7199998
2007-07-31,4.8099999
2007-08-01,4.7399998
2007-08-02,4.7449999
2007-08-03,4.6999998
2007-08-06,4.7150002
2007-08-07,4.7849998
2007-08-08,4.8049998
2007-08-09,4.7199998
2007-08-10,4.415
2007-08-13,4.5300002
2007-08-14,4.5
2007-08-15,4.1300001
2007-08-16,3.7
2007-08-17,3.6199999
2007-08-20,2.95
2007-08-21,3.4200001
2007-08-22,3.5650001
2007-08-23,3.71
2007-08-24,4.0799999
2007-08-27,4.3800001
2007-08-28,4.27
2007-08-29,3.8499999
2007-08-30,3.73
2007-08-31,3.99
2007-09-04,4.2800002
2007-09-05,4.2199998
2007-09-06,4.1599998
2007-09-07,3.9400001
2007-09-10,3.8699999
2007-09-11,3.99
2007-09-12,3.9000001
2007-09-13,3.95
2007-09-14,3.8800001
2007-09-17,3.99
2007-09-18,3.8599999
2007-09-19,3.8099999
2007-09-20,3.6700001
2007-09-21,3.6199999
2007-09-24,3.6700001
2007-09-25,3.6900001
2007-09-26,3.625
2007-09-27,3.5999999
2007-09-28,3.7
2007-10-01,3.7950001
2007-10-02,3.8499999
2007-10-03,3.8399999
2007-10-04,3.835
2007-10-05,3.8699999
2007-10-08,3.865
2007-10-09,3.9100001
2007-10-10,3.9349999
2007-10-11,4.0050001
2007-10-12,4.0799999
2007-10-15,4.1599998
2007-10-16,4.125
2007-10-17,3.8900001
2007-10-18,3.6400001
2007-10-19,3.74
2007-10-22,3.8599999
2007-10-23,3.8599999
2007-10-24,3.71
2007-10-25,3.8199999
2007-10-26,3.8399999
2007-10-29,3.8599999
2007-10-30,3.8499999
2007-10-31,3.8199999
2007-11-01,3.7049999
2007-11-02,3.5
2007-11-05,3.5799999
2007-11-06,3.6300001
2007-11-07,3.3599999
2007-11-08,3.28
2007-11-09,3.1700001
2007-11-12,3.1800001
2007-11-13,3.3599999
2007-11-14,3.3150001
2007-11-15,3.1900001
2007-11-16,3.29
2007-11-19,3.2750001
2007-11-20,3.1600001
2007-11-21,3.04
2007-11-23,3.1400001
2007-11-26,3.0550001
2007-11-27,3.075
2007-11-28,2.96
2007-11-29,2.885
2007-11-30,3.0699999
2007-12-03,2.96
2007-12-04,2.98
2007-12-05,2.98
2007-12-06,2.96
2007-12-07,3.02
2007-12-10,2.97
2007-12-11,2.8699999
2007-12-12,2.8099999
2007-12-13,2.78
2007-12-14,2.7950001
2007-12-17,2.9300001
2007-12-18,2.97
2007-12-19,2.835
2007-12-20,2.8050001
2007-12-21,2.9000001
2007-12-24,3.2
2007-12-26,3.2249999
2007-12-27,3.075
2007-12-28,3.0799999
2007-12-31,3.1400001
2008-01-02,3.1700001
2008-01-03,3.1500001
2008-01-04,3.115
2008-01-07,3.165
2008-01-08,3.1600001
2008-01-09,3.1099999
2008-01-10,3.1300001
2008-01-11,3.01
2008-01-14,3.085
2008-01-15,3.085
2008-01-16,3.04
2008-01-17,2.98
2008-01-18,2.79
2008-01-22,2.23
2008-01-23,2.1099999
2008-01-24,2.3
2008-01-25,2.22
2008-01-28,2.2149999
2008-01-29,2.2049999
2008-01-30,2.1400001
2008-01-31,1.87
2008-02-01,2.05
2008-02-04,2.1700001
2008-02-05,2.145
2008-02-06,2.04
2008-02-07,2.0999999
2008-02-08,2.1600001
2008-02-11,2.1900001
2008-02-12,2.25
2008-02-13,2.21
2008-02-14,2.22
2008-02-15,2.1300001
2008-02-19,2.1700001
2008-02-20,2.175
2008-02-21,2.1400001
2008-02-22,2.1400001
2008-02-25,2.1099999
2008-02-26,2.075
2008-02-27,1.9299999
2008-02-28,1.855
2008-02-29,1.785
2008-03-03,1.635
2008-03-04,1.595
2008-03-05,1.48
2008-03-06,1.365
2008-03-07,1.4
2008-03-10,1.3
2008-03-11,1.4400001
2008-03-12,1.4400001
2008-03-13,1.3
2008-03-14,1.12
2008-03-17,0.99000001
2008-03-18,0.89999998
2008-03-19,0.64999998
2008-03-20,0.5
2008-03-24,1.015
2008-03-25,1.255
2008-03-26,1.27
2008-03-27,1.25
2008-03-28,1.35
2008-03-31,1.275
2008-04-01,1.355
2008-04-02,1.365
2008-04-03,1.36
2008-04-04,1.3200001
2008-04-07,1.36
2008-04-08,1.35
2008-04-09,1.275
2008-04-10,1.235
2008-04-11,1.16
2008-04-14,1.075
2008-04-15,1.1
2008-04-16,1.115
2008-04-17,1.21
2008-04-18,1.3200001
2008-04-21,1.27
2008-04-22,1.255
2008-04-23,1.2
2008-04-24,1.22
2008-04-25,1.285
2008-04-28,1.33
2008-04-29,1.4400001
2008-04-30,1.34
2008-05-01,1.37
2008-05-02,1.465
2008-05-05,1.55
2008-05-06,1.595
2008-05-07,1.63
2008-05-08,1.62
2008-05-09,1.65
2008-05-12,1.75
2008-05-13,1.785
2008-05-14,1.785
2008-05-15,1.79
2008-05-16,1.8
2008-05-19,1.8049999
2008-05-20,1.825
2008-05-21,1.8099999
2008-05-22,1.825
2008-05-23,1.8
2008-05-27,1.85
2008-05-28,1.855
2008-05-29,1.865
2008-05-30,1.85
2008-06-02,1.79
2008-06-03,1.8099999
2008-06-04,1.8049999
2008-06-05,1.8099999
2008-06-06,1.8
2008-06-09,1.85
2008-06-10,1.97
2008-06-11,1.905
2008-06-12,1.95
2008-06-13,1.9299999
2008-06-16,1.9400001
2008-06-17,1.955
2008-06-18,1.88
2008-06-19,1.86
2008-06-20,1.8
2008-06-23,1.85
2008-06-24,1.795
2008-06-25,1.76
2008-06-26,1.6799999
2008-06-27,1.63
2008-06-30,1.705
2008-07-01,1.825
2008-07-02,1.79
2008-07-03,1.8099999
2008-07-07,1.775
2008-07-08,1.8200001
2008-07-09,1.79
2008-07-10,1.63
2008-07-11,1.5700001
2008-07-14,1.425
2008-07-15,1.375
2008-07-16,1.345
2008-07-17,1.39
2008-07-18,1.42
2008-07-21,1.38
2008-07-22,1.5
2008-07-23,1.545
2008-07-24,1.61
2008-07-25,1.6900001
2008-07-28,1.665
2008-07-29,1.6799999
2008-07-30,1.67
2008-07-31,1.635
2008-08-01,1.63
2008-08-04,1.66
2008-08-05,1.71
2008-08-06,1.6
2008-08-07,1.63
2008-08-08,1.665
2008-08-11,1.77
2008-08-12,1.825
2008-08-13,1.8150001
2008-08-14,1.83
2008-08-15,1.8
2008-08-18,1.74
2008-08-19,1.765
2008-08-20,1.67
2008-08-21,1.6849999
2008-08-22,1.665
2008-08-25,1.645
2008-08-26,1.675
2008-08-27,1.64
2008-08-28,1.7
2008-08-29,1.6900001
2008-09-02,1.65
2008-09-03,1.665
2008-09-04,1.65
2008-09-05,1.64
2008-09-08,1.67
2008-09-09,1.64
2008-09-10,1.62
2008-09-11,1.58
2008-09-12,1.46
2008-09-15,0.81
2008-09-16,0.86000001
2008-09-17,0.02
2008-09-18,0.07
2008-09-19,0.92000002
2008-09-22,0.875
2008-09-23,0.80000001
2008-09-24,0.44
2008-09-25,0.70999998
2008-09-26,0.82999998
2008-09-29,0.44999999
2008-09-30,0.89999998
2008-10-01,0.80000001
2008-10-02,0.58999997
2008-10-03,0.47
2008-10-06,0.41
2008-10-07,0.78500003
2008-10-08,0.63999999
2008-10-09,0.57999998
2008-10-10,0.20999999
2008-10-13,0.20999999
2008-10-14,0.235
2008-10-15,0.2
2008-10-16,0.435
2008-10-17,0.77999997
2008-10-20,1.02
2008-10-21,1.095
2008-10-22,1.01
2008-10-23,0.91000003
2008-10-24,0.81999999
2008-10-27,0.73000002
2008-10-28,0.75
2008-10-29,0.565
2008-10-30,0.375
2008-10-31,0.435
2008-11-03,0.41999999
2008-11-04,0.465
2008-11-05,0.38
2008-11-06,0.315
2008-11-07,0.28999999
2008-11-10,0.2
2008-11-11,0.19499999
2008-11-12,0.14
2008-11-13,0.19
2008-11-14,0.13
2008-11-17,0.090000004
2008-11-18,0.11
2008-11-19,0.064999998
2008-11-20,0.0049999999
2008-11-21,0.0099999998
2008-11-24,0.0099999998
2008-11-25,0.1
2008-11-26,0.029999999
2008-11-28,0.02
2008-12-01,0.0099999998
2008-12-02,0.050000001
2008-12-03,0.015
2008-12-04,0.0049999999
2008-12-05,0.0099999998
2008-12-08,0.0049999999
2008-12-09,0.0099999998
2008-12-10,0.0049999999
2008-12-11,0.0099999998
2008-12-12,0.0099999998
2008-12-15,0.0049999999
2008-12-16,0.025
2008-12-17,0.0049999999
2008-12-18,0.0049999999
2008-12-19,0.0049999999
2008-12-22,0.0049999999
2008-12-23,0.0049999999
2008-12-24,0.0049999999
2008-12-26,0.0049999999
2008-12-29,0.0099999998
2008-12-30,0.090000004
2008-12-31,0.115
2009-01-02,0.085000001
2009-01-05,0.085000001
2009-01-06,0.13
2009-01-07,0.1
2009-01-08,0.079999998
2009-01-09,0.064999998
2009-01-12,0.064999998
2009-01-13,0.105
2009-01-14,0.11
2009-01-15,0.1
2009-01-16,0.115
2009-01-20,0.1
2009-01-21,0.11
2009-01-22,0.1
2009-01-23,0.090000004
2009-01-26,0.1
2009-01-27,0.13
2009-01-28,0.18000001
2009-01-29,0.22
2009-01-30,0.22
2009-02-02,0.245
2009-02-03,0.31
2009-02-04,0.28999999
2009-02-05,0.27000001
2009-02-06,0.27000001
2009-02-09,0.27500001
2009-02-10,0.30500001
2009-02-11,0.30000001
2009-02-12,0.285
2009-02-13,0.28999999
2009-02-17,0.285
2009-02-18,0.30000001
2009-02-19,0.30000001
2009-02-20,0.26499999
2009-02-23,0.27000001
2009-02-24,0.29499999
2009-02-25,0.29499999
2009-02-26,0.26499999
2009-02-27,0.25
2009-03-02,0.23
2009-03-03,0.26499999
2009-03-04,0.25
2009-03-05,0.2
2009-03-06,0.185
2009-03-09,0.2
2009-03-10,0.235
2009-03-11,0.22
2009-03-12,0.2
2009-03-13,0.19
2009-03-16,0.22
2009-03-17,0.22499999
2009-03-18,0.205
2009-03-19,0.19
2009-03-20,0.2
2009-03-23,0.19
2009-03-24,0.205
2009-03-25,0.185
2009-03-26,0.14
2009-03-27,0.125
2009-03-30,0.12
2009-03-31,0.2
2009-04-01,0.20999999
2009-04-02,0.19
2009-04-03,0.2
2009-04-06,0.185
2009-04-07,0.19
2009-04-08,0.18000001
2009-04-09,0.175
2009-04-13,0.17
2009-04-14,0.16500001
2009-04-15,0.14
2009-04-16,0.125
2009-04-17,0.13
2009-04-20,0.12
2009-04-21,0.14
2009-04-22,0.13500001
2009-04-23,0.094999999
2009-04-24,0.094999999
2009-04-27,0.090000004
2009-04-28,0.12
2009-04-29,0.094999999
2009-04-30,0.125
2009-05-01,0.145
2009-05-04,0.175
2009-05-05,0.175
2009-05-06,0.18000001
2009-05-07,0.18000001
2009-05-08,0.16500001
2009-05-11,0.155
2009-05-12,0.18000001
2009-05-13,0.17
2009-05-14,0.155
2009-05-15,0.155
2009-05-18,0.16
2009-05-19,0.175
2009-05-20,0.17
2009-05-21,0.175
2009-05-22,0.175
2009-05-26,0.16500001
2009-05-27,0.16
2009-05-28,0.13500001
2009-05-29,0.13
2009-06-01,0.085000001
2009-06-02,0.13
2009-06-03,0.13
2009-06-04,0.13500001
2009-06-05,0.18000001
2009-06-08,0.17
2009-06-09,0.175
2009-06-10,0.175
2009-06-11,0.17
2009-06-12,0.16500001
2009-06-15,0.155
2009-06-16,0.16500001
2009-06-17,0.16500001
2009-06-18,0.17
2009-06-19,0.17
2009-06-22,0.185
2009-06-23,0.19499999
2009-06-24,0.18000001
2009-06-25,0.16500001
2009-06-26,0.175
2009-06-29,0.16
2009-06-30,0.18000001
2009-07-01,0.16500001
2009-07-02,0.155
2009-07-06,0.155
2009-07-07,0.18000001
2009-07-08,0.175
2009-07-09,0.175
2009-07-10,0.16500001
2009-07-13,0.17
2009-07-14,0.175
2009-07-15,0.175
2009-07-16,0.16500001
2009-07-17,0.16500001
2009-07-20,0.16
2009-07-21,0.18000001
2009-07-22,0.18000001
2009-07-23,0.18000001
2009-07-24,0.18000001
2009-07-27,0.18000001
2009-07-28,0.185
2009-07-29,0.175
2009-07-30,0.175
2009-07-31,0.175
2009-08-03,0.175
2009-08-04,0.175
2009-08-05,0.175
2009-08-06,0.17
2009-08-07,0.17
2009-08-10,0.16
2009-08-11,0.18000001
2009-08-12,0.17
2009-08-13,0.16500001
2009-08-14,0.17
2009-08-17,0.17
2009-08-18,0.175
2009-08-19,0.16500001
2009-08-20,0.16
2009-08-21,0.16
2009-08-24,0.155
2009-08-25,0.155
2009-08-26,0.145
2009-08-27,0.14
2009-08-28,0.13
2009-08-31,0.13
2009-09-01,0.13
2009-09-02,0.13
2009-09-03,0.125
2009-09-04,0.125
2009-09-08,0.125
2009-09-09,0.13500001
2009-09-10,0.13500001
2009-09-11,0.13500001
2009-09-14,0.13
2009-09-15,0.125
2009-09-16,0.094999999
2009-09-17,0.094999999
2009-09-18,0.079999998
2009-09-21,0.090000004
2009-09-22,0.094999999
2009-09-23,0.094999999
2009-09-24,0.090000004
2009-09-25,0.090000004
2009-09-28,0.090000004
2009-09-29,0.12
2009-09-30,0.115
2009-10-01,0.094999999
2009-10-02,0.090000004
2009-10-05,0.090000004
2009-10-06,0.07
2009-10-07,0.059999999
2009-10-08,0.059999999
2009-10-09,0.064999998
2009-10-12,0.059999999
2009-10-13,0.059999999
2009-10-14,0.064999998
2009-10-15,0.055
2009-10-16,0.059999999
2009-10-19,0.059999999
2009-10-20,0.075000003
2009-10-21,0.064999998
2009-10-22,0.050000001
2009-10-23,0.050000001
2009-10-26,0.050000001
2009-10-27,0.07
2009-10-28,0.059999999
2009-10-29,0.050000001
2009-10-30,0.045000002
2009-11-02,0.039999999
2009-11-03,0.050000001
2009-11-04,0.045000002
2009-11-05,0.035
2009-11-06,0.045000002
2009-11-09,0.045000002
2009-11-10,0.059999999
2009-11-11,0.059999999
2009-11-12,0.055
2009-11-13,0.055
2009-11-16,0.055
2009-11-17,0.055
2009-11-18,0.029999999
2009-11-19,0.0049999999
2009-11-20,0.0099999998
2009-11-23,0.02
2009-11-24,0.039999999
2009-11-25,0.039999999
2009-11-27,0.025
2009-11-30,0.050000001
2009-12-01,0.050000001
2009-12-02,0.039999999
2009-12-03,0.039999999
2009-12-04,0.039999999
2009-12-07,0.015
2009-12-08,0.025
2009-12-09,0.025
2009-12-10,0.025
2009-12-11,0.02
2009-12-14,0.02
2009-12-15,0.039999999
2009-12-16,0.035
2009-12-17,0.039999999
2009-12-18,0.039999999
2009-12-21,0.045000002
2009-12-22,0.07
2009-12-23,0.055
2009-12-24,0.039999999
2009-12-28,0.055
2009-12-29,0.094999999
2009-12-30,0.039999999
2009-12-31,0.050000001
2010-01-04,0.055
2010-01-05,0.059999999
2010-01-06,0.045000002
2010-01-07,0.045000002
2010-01-08,0.039999999
2010-01-11,0.025
2010-01-12,0.039999999
2010-01-13,0.050000001
2010-01-14,0.045000002
2010-01-15,0.055
2010-01-19,0.050000001
2010-01-20,0.050000001
2010-01-21,0.039999999
2010-01-22,0.045000002
2010-01-25,0.045000002
2010-01-26,0.064999998
2010-01-27,0.07
2010-01-28,0.07
2010-01-29,0.07
2010-02-01,0.085000001
2010-02-02,0.090000004
2010-02-03,0.090000004
2010-02-04,0.085000001
2010-02-05,0.085000001
2010-02-08,0.090000004
2010-02-09,0.1
2010-02-10,0.1
2010-02-11,0.094999999
2010-02-12,0.090000004
2010-02-16,0.085000001
2010-02-17,0.090000004
2010-02-18,0.085000001
2010-02-19,0.094999999
2010-02-22,0.085000001
2010-02-23,0.115
2010-02-24,0.11
2010-02-25,0.115
2010-02-26,0.115
2010-03-01,0.12
2010-03-02,0.125
2010-03-03,0.13500001
2010-03-04,0.13500001
2010-03-05,0.145
2010-03-08,0.145
2010-03-09,0.15000001
2010-03-10,0.145
2010-03-11,0.145
2010-03-12,0.14
2010-03-15,0.145
2010-03-16,0.155
2010-03-17,0.15000001
2010-03-18,0.145
2010-03-19,0.145
2010-03-22,0.14
2010-03-23,0.13
2010-03-24,0.13500001
2010-03-25,0.13
2010-03-26,0.13
2010-03-29,0.125
2010-03-30,0.15000001
2010-03-31,0.15000001
2010-04-01,0.15000001
2010-04-05,0.16
2010-04-06,0.16500001
2010-04-07,0.16
2010-04-08,0.155
2010-04-09,0.15000001
2010-04-12,0.13500001
2010-04-13,0.15000001
2010-04-14,0.155
2010-04-15,0.15000001
2010-04-16,0.15000001
2010-04-19,0.15000001
2010-04-20,0.145
2010-04-21,0.145
2010-04-22,0.15000001
2010-04-23,0.155
2010-04-26,0.15000001
2010-04-27,0.145
2010-04-28,0.155
2010-04-29,0.16
2010-04-30,0.155
2010-05-03,0.16
2010-05-04,0.155
2010-05-05,0.145
2010-05-06,0.1
2010-05-07,0.12
2010-05-10,0.145
2010-05-11,0.15000001
2010-05-12,0.15000001
2010-05-13,0.155
2010-05-14,0.145
2010-05-17,0.15000001
2010-05-18,0.16500001
2010-05-19,0.16500001
2010-05-20,0.155
2010-05-21,0.15000001
2010-05-24,0.15000001
2010-05-25,0.16
2010-05-26,0.16
2010-05-27,0.16
2010-05-28,0.15000001
2010-06-01,0.145
2010-06-02,0.145
2010-06-03,0.13
2010-06-04,0.12
2010-06-07,0.105
2010-06-08,0.11
2010-06-09,0.094999999
2010-06-10,0.085000001
2010-06-11,0.07
2010-06-14,0.055
2010-06-15,0.079999998
2010-06-16,0.090000004
2010-06-17,0.090000004
2010-06-18,0.094999999
2010-06-21,0.105
2010-06-22,0.125
2010-06-23,0.12
2010-06-24,0.125
2010-06-25,0.125
2010-06-28,0.13500001
2010-06-29,0.16
2010-06-30,0.17
2010-07-01,0.16500001
2010-07-02,0.16
2010-07-06,0.16
2010-07-07,0.155
2010-07-08,0.145
2010-07-09,0.145
2010-07-12,0.14
2010-07-13,0.145
2010-07-14,0.145
2010-07-15,0.145
2010-07-16,0.145
2010-07-19,0.145
2010-07-20,0.15000001
2010-07-21,0.15000001
2010-07-22,0.145
2010-07-23,0.145
2010-07-26,0.145
2010-07-27,0.15000001
2010-07-28,0.145
2010-07-29,0.145
2010-07-30,0.14
2010-08-02,0.14
2010-08-03,0.15000001
2010-08-04,0.145
2010-08-05,0.14
2010-08-06,0.14
2010-08-09,0.14
2010-08-10,0.145
2010-08-11,0.145
2010-08-12,0.15000001
2010-08-13,0.145
2010-08-16,0.15000001
2010-08-17,0.155
2010-08-18,0.15000001
2010-08-19,0.145
2010-08-20,0.145
2010-08-23,0.15000001
2010-08-24,0.155
2010-08-25,0.15000001
2010-08-26,0.145
2010-08-27,0.14
2010-08-30,0.13
2010-08-31,0.13500001
2010-09-01,0.13
2010-09-02,0.125
2010-09-03,0.125
2010-09-07,0.12
2010-09-08,0.13
2010-09-09,0.13500001
2010-09-10,0.13500001
2010-09-13,0.13500001
2010-09-14,0.145
2010-09-15,0.15000001
2010-09-16,0.15000001
2010-09-17,0.145
2010-09-20,0.15000001
2010-09-21,0.155
2010-09-22,0.155
2010-09-23,0.15000001
2010-09-24,0.14
2010-09-27,0.13
2010-09-28,0.15000001
2010-09-29,0.155
2010-09-30,0.155
2010-10-01,0.15000001
2010-10-04,0.145
2010-10-05,0.115
2010-10-06,0.115
2010-10-07,0.115
2010-10-08,0.115
2010-10-12,0.115
2010-10-13,0.13
2010-10-14,0.13500001
2010-10-15,0.13500001
2010-10-18,0.13500001
2010-10-19,0.13500001
2010-10-20,0.13500001
2010-10-21,0.12
2010-10-22,0.12
2010-10-25,0.115
2010-10-26,0.13
2010-10-27,0.13
2010-10-28,0.125
2010-10-29,0.11
2010-11-01,0.105
2010-11-02,0.125
2010-11-03,0.12
2010-11-04,0.115
2010-11-05,0.12
2010-11-08,0.11
2010-11-09,0.125
2010-11-10,0.125
2010-11-11,0.125
2010-11-12,0.125
2010-11-15,0.13
2010-11-16,0.13500001
2010-11-17,0.13500001
2010-11-18,0.13500001
2010-11-19,0.13
2010-11-22,0.125
2010-11-23,0.14
2010-11-24,0.15000001
2010-11-26,0.155
2010-11-29,0.155
2010-11-30,0.16
2010-12-01,0.155
2010-12-02,0.145
2010-12-03,0.13
2010-12-06,0.125
2010-12-07,0.14
2010-12-08,0.13500001
2010-12-09,0.13500001
2010-12-10,0.115
2010-12-13,0.12
2010-12-14,0.13500001
2010-12-15,0.13500001
2010-12-16,0.125
2010-12-17,0.105
2010-12-20,0.1
2010-12-21,0.13
2010-12-22,0.13
2010-12-23,0.13
2010-12-27,0.12
2010-12-28,0.14
2010-12-29,0.125
2010-12-30,0.11
2010-12-31,0.115
2011-01-03,0.12
2011-01-04,0.13500001
2011-01-05,0.13500001
2011-01-06,0.14
2011-01-07,0.13500001
2011-01-10,0.13500001
2011-01-11,0.145
2011-01-12,0.145
2011-01-13,0.14
2011-01-14,0.145
2011-01-18,0.145
2011-01-19,0.155
2011-01-20,0.155
2011-01-21,0.15000001
2011-01-24,0.15000001
2011-01-25,0.15000001
2011-01-26,0.155
2011-01-27,0.14
2011-01-28,0.13500001
2011-01-31,0.145
2011-02-01,0.15000001
2011-02-02,0.15000001
2011-02-03,0.145
2011-02-04,0.145
2011-02-07,0.14
2011-02-08,0.145
2011-02-09,0.13
2011-02-10,0.11
2011-02-11,0.11
2011-02-14,0.11
2011-02-15,0.125
2011-02-16,0.11
2011-02-17,0.090000004
2011-02-18,0.090000004
2011-02-22,0.1
2011-02-23,0.115
2011-02-24,0.12
2011-02-25,0.125
2011-02-28,0.13500001
2011-03-01,0.13
2011-03-02,0.12
2011-03-03,0.125
2011-03-04,0.11
2011-03-07,0.1
2011-03-08,0.105
2011-03-09,0.094999999
2011-03-10,0.064999998
2011-03-11,0.07
2011-03-14,0.075000003
2011-03-15,0.094999999
2011-03-16,0.085000001
2011-03-17,0.07
2011-03-18,0.064999998
2011-03-21,0.07
2011-03-22,0.090000004
2011-03-23,0.085000001
2011-03-24,0.079999998
2011-03-25,0.079999998
2011-03-28,0.079999998
2011-03-29,0.094999999
2011-03-30,0.094999999
2011-03-31,0.090000004
2011-04-01,0.055
2011-04-04,0.035
2011-04-05,0.064999998
2011-04-06,0.050000001
2011-04-07,0.035
2011-04-08,0.035
2011-04-11,0.035
2011-04-12,0.045000002
2011-04-13,0.050000001
2011-04-14,0.064999998
2011-04-15,0.059999999
2011-04-18,0.055
2011-04-19,0.055
2011-04-20,0.055
2011-04-21,0.045000002
2011-04-25,0.045000002
2011-04-26,0.055
2011-04-27,0.050000001
2011-04-28,0.035
2011-04-29,0.039999999
2011-05-02,0.029999999
2011-05-03,0.025
2011-05-04,0.02
2011-05-05,0.0099999998
2011-05-06,0.0049999999
2011-05-09,0.0049999999
2011-05-10,0.025
2011-05-11,0.02
2011-05-12,0.02
2011-05-13,0.02
2011-05-16,0.02
2011-05-17,0.035
2011-05-18,0.039999999
2011-05-19,0.039999999
2011-05-20,0.039999999
2011-05-23,0.045000002
2011-05-24,0.050000001
2011-05-25,0.045000002
2011-05-26,0.045000002
2011-05-27,0.035
2011-05-31,0.039999999
2011-06-01,0.039999999
2011-06-02,0.035
2011-06-03,0.029999999
2011-06-06,0.029999999
2011-06-07,0.039999999
2011-06-08,0.035
2011-06-09,0.039999999
2011-06-10,0.035
2011-06-13,0.039999999
2011-06-14,0.050000001
2011-06-15,0.045000002
2011-06-16,0.035
2011-06-17,0.025
2011-06-20,0.015
2011-06-21,0.02
2011-06-22,0.0099999998
2011-06-23,0.0049999999
2011-06-24,0.0099999998
2011-06-27,0.015
2011-06-28,0.025
2011-06-29,0.02
2011-06-30,0.015
2011-07-01,0.0099999998
2011-07-05,0.0099999998
2011-07-06,0.0049999999
2011-07-07,0.02
2011-07-08,0.02
2011-07-11,0.015
2011-07-12,0.029999999
2011-07-13,0.0049999999
2011-07-14,0.0049999999
2011-07-15,0.0049999999
2011-07-18,0.0049999999
2011-07-19,0.025
2011-07-20,0.02
2011-07-21,0.035
2011-07-22,0.029999999
2011-07-25,0.035
2011-07-26,0.064999998
2011-07-27,0.07
2011-07-28,0.064999998
2011-07-29,0.090000004
2011-08-01,0.075000003
2011-08-02,0.050000001
2011-08-03,0.0099999998
2011-08-04,0.0099999998
2011-08-05,0.0099999998
2011-08-08,0.015
2011-08-09,0.029999999
2011-08-10,0.015
2011-08-11,0.0099999998
2011-08-12,0.0049999999
2011-08-15,0.0049999999
2011-08-16,0.02
2011-08-17,0.0049999999
2011-08-18,0.0099999998
2011-08-19,0.0099999998
2011-08-22,0.0049999999
2011-08-23,0.0049999999
2011-08-24,0.0099999998
2011-08-25,0.0099999998
2011-08-26,0.0099999998
2011-08-29,0.0049999999
2011-08-30,0.015
2011-08-31,0.015
2011-09-01,0.0099999998
2011-09-02,0.015
2011-09-06,0.015
2011-09-07,0.015
2011-09-08,0.0099999998
2011-09-09,0.0049999999
2011-09-12,0.0049999999
2011-09-13,0.0049999999
2011-09-14,0.0049999999
2011-09-15,0.0049999999
2011-09-16,0.0049999999
2011-09-19,0.0049999999
2011-09-20,0.0049999999
2011-09-21,0.0049999999
2011-09-22,0.0049999999
2011-09-23,0.0049999999
2011-09-26,0.0049999999
2011-09-27,0.0099999998
2011-09-28,0.0099999998
2011-09-29,0.0099999998
2011-09-30,0.0099999998
2011-10-03,0.02
2011-10-04,0.0049999999
2011-10-05,0.0049999999
2011-10-06,0.0049999999
2011-10-07,0.0049999999
2011-10-10,0.0049999999
2011-10-11,0.0049999999
2011-10-12,0.015
2011-10-13,0.015
2011-10-14,0.015
2011-10-17,0.02
2011-10-18,0.025
2011-10-19,0.02
2011-10-20,0.015
2011-10-21,0.015
2011-10-24,0.0049999999
2011-10-25,0.015
2011-10-26,0.015
2011-10-27,0.0099999998
2011-10-28,0.0099999998
2011-10-31,0.0049999999
2011-11-01,0.0049999999
2011-11-02,0.0049999999
2011-11-03,0.0049999999
2011-11-04,0.0049999999
2011-11-07,0.0049999999
2011-11-08,0.0049999999
2011-11-09,0.0049999999
2011-11-10,0.0049999999
2011-11-11,0.0049999999
2011-11-14,0.0049999999
2011-11-15,0.0099999998
2011-11-16,0.0049999999
2011-11-17,0.0049999999
2011-11-18,0.0049999999
2011-11-21,0.0049999999
2011-11-22,0.015
2011-11-23,0.015
2011-11-25,0.0049999999
2011-11-28,0.0099999998
2011-11-29,0.015
2011-11-30,0.015
2011-12-01,0.015
2011-12-02,0.015
2011-12-05,0.015
2011-12-06,0.0049999999
2011-12-07,0.0049999999
2011-12-08,0.0049999999
2011-12-09,0.0049999999
2011-12-12,0.0049999999
2011-12-13,0.0049999999
2011-12-14,0.0049999999
2011-12-15,0.0049999999
2011-12-16,0.0049999999
2011-12-19,0.0049999999
2011-12-20,0.0049999999
2011-12-21,0.0049999999
2011-12-22,0.0049999999
2011-12-23,0.0049999999
2011-12-27,0.0049999999
2011-12-28,0.0049999999
2011-12-29,0.0049999999
2011-12-30,0.0049999999
2012-01-03,0.0049999999
2012-01-04,0.0099999998
2012-01-05,0.0099999998
2012-01-06,0.015
2012-01-09,0.0049999999
2012-01-10,0.0099999998
2012-01-11,0.015
2012-01-12,0.02
2012-01-13,0.02
2012-01-17,0.02
2012-01-18,0.025
2012-01-19,0.039999999
2012-01-20,0.039999999
2012-01-23,0.035
2012-01-24,0.035
2012-01-25,0.035
2012-01-26,0.045000002
2012-01-27,0.050000001
2012-01-30,0.045000002
2012-01-31,0.055
2012-02-01,0.055
2012-02-02,0.075000003
2012-02-03,0.07
2012-02-06,0.064999998
2012-02-07,0.079999998
2012-02-08,0.075000003
2012-02-09,0.085000001
2012-02-10,0.079999998
2012-02-13,0.094999999
2012-02-14,0.11
2012-02-15,0.105
2012-02-16,0.094999999
2012-02-17,0.075000003
2012-02-21,0.07
2012-02-22,0.079999998
2012-02-23,0.085000001
2012-02-24,0.090000004
2012-02-27,0.1
2012-02-28,0.094999999
2012-02-29,0.075000003
2012-03-01,0.07
2012-03-02,0.059999999
2012-03-05,0.059999999
2012-03-06,0.07
2012-03-07,0.075000003
2012-03-08,0.075000003
2012-03-09,0.079999998
2012-03-12,0.075000003
2012-03-13,0.079999998
2012-03-14,0.079999998
2012-03-15,0.075000003
2012-03-16,0.079999998
2012-03-19,0.075000003
2012-03-20,0.094999999
2012-03-21,0.085000001
2012-03-22,0.07
2012-03-23,0.07
2012-03-26,0.07
2012-03-27,0.079999998
2012-03-28,0.075000003
2012-03-29,0.055
2012-03-30,0.064999998
2012-04-02,0.059999999
2012-04-03,0.075000003
2012-04-04,0.07
2012-04-05,0.07
2012-04-09,0.075000003
2012-04-10,0.085000001
2012-04-11,0.085000001
2012-04-12,0.085000001
2012-04-13,0.079999998
2012-04-16,0.075000003
2012-04-17,0.075000003
2012-04-18,0.064999998
2012-04-19,0.064999998
2012-04-20,0.064999998
2012-04-23,0.07
2012-04-24,0.079999998
2012-04-25,0.085000001
2012-04-26,0.085000001
2012-04-27,0.085000001
2012-04-30,0.090000004
2012-05-01,0.085000001
2012-05-02,0.079999998
2012-05-03,0.075000003
2012-05-04,0.07
2012-05-07,0.075000003
2012-05-08,0.090000004
2012-05-09,0.090000004
2012-05-10,0.090000004
2012-05-11,0.090000004
2012-05-14,0.085000001
2012-05-15,0.090000004
2012-05-16,0.094999999
2012-05-17,0.090000004
2012-05-18,0.075000003
2012-05-21,0.059999999
2012-05-22,0.085000001
2012-05-23,0.079999998
2012-05-24,0.090000004
2012-05-25,0.079999998
2012-05-29,0.075000003
2012-05-30,0.064999998
2012-05-31,0.059999999
2012-06-01,0.064999998
2012-06-04,0.064999998
2012-06-05,0.079999998
2012-06-06,0.079999998
2012-06-07,0.079999998
2012-06-08,0.079999998
2012-06-11,0.075000003
2012-06-12,0.090000004
2012-06-13,0.090000004
2012-06-14,0.094999999
2012-06-15,0.085000001
2012-06-18,0.075000003
2012-06-19,0.090000004
2012-06-20,0.079999998
2012-06-21,0.075000003
2012-06-22,0.075000003
2012-06-25,0.075000003
2012-06-26,0.094999999
2012-06-27,0.079999998
2012-06-28,0.075000003
2012-06-29,0.079999998
2012-07-02,0.07
2012-07-03,0.075000003
2012-07-05,0.075000003
2012-07-06,0.07
2012-07-09,0.07
2012-07-10,0.090000004
2012-07-11,0.090000004
2012-07-12,0.094999999
2012-07-13,0.090000004
2012-07-16,0.085000001
2012-07-17,0.094999999
2012-07-18,0.085000001
2012-07-19,0.079999998
2012-07-20,0.085000001
2012-07-23,0.090000004
2012-07-24,0.094999999
2012-07-25,0.094999999
2012-07-26,0.1
2012-07-27,0.1
2012-07-30,0.090000004
2012-07-31,0.1
2012-08-01,0.090000004
2012-08-02,0.085000001
2012-08-03,0.075000003
2012-08-06,0.075000003
2012-08-07,0.1
2012-08-08,0.105
2012-08-09,0.11
2012-08-10,0.094999999
2012-08-13,0.094999999
2012-08-14,0.105
2012-08-15,0.079999998
2012-08-16,0.075000003
2012-08-17,0.079999998
2012-08-20,0.085000001
2012-08-21,0.105
2012-08-22,0.1
2012-08-23,0.094999999
2012-08-24,0.090000004
2012-08-27,0.094999999
2012-08-28,0.1
2012-08-29,0.094999999
2012-08-30,0.090000004
2012-08-31,0.085000001
2012-09-04,0.090000004
2012-09-05,0.1
2012-09-06,0.1
2012-09-07,0.1
2012-09-10,0.094999999
2012-09-11,0.1
2012-09-12,0.094999999
2012-09-13,0.094999999
2012-09-14,0.094999999
2012-09-17,0.090000004
2012-09-18,0.1
2012-09-19,0.105
2012-09-20,0.105
2012-09-21,0.1
2012-09-24,0.094999999
2012-09-25,0.105
2012-09-26,0.1
2012-09-27,0.085000001
2012-09-28,0.090000004
2012-10-01,0.079999998
2012-10-02,0.090000004
2012-10-03,0.085000001
2012-10-04,0.094999999
2012-10-05,0.1
2012-10-08,0.094999999
2012-10-09,0.094999999
2012-10-10,0.094999999
2012-10-11,0.094999999
2012-10-12,0.1
2012-10-15,0.094999999
2012-10-16,0.1
2012-10-17,0.105
2012-10-18,0.094999999
2012-10-19,0.090000004
2012-10-22,0.090000004
2012-10-23,0.1
2012-10-24,0.105
2012-10-25,0.11
2012-10-26,0.105
2012-10-31,0.105
2012-11-01,0.090000004
2012-11-02,0.090000004
2012-11-05,0.090000004
2012-11-06,0.1
2012-11-07,0.090000004
2012-11-08,0.085000001
2012-11-09,0.090000004
2012-11-12,0.086999997
2012-11-13,0.085000001
2012-11-14,0.094999999
2012-11-15,0.075000003
2012-11-16,0.075000003
2012-11-19,0.075000003
2012-11-20,0.085000001
2012-11-21,0.090000004
2012-11-23,0.090000004
2012-11-26,0.090000004
2012-11-27,0.094999999
2012-11-28,0.092
2012-11-29,0.079999998
2012-11-30,0.075000003
2012-12-03,0.077
2012-12-04,0.090000004
2012-12-05,0.090000004
2012-12-06,0.090000004
2012-12-07,0.079999998
2012-12-10,0.075000003
2012-12-11,0.075000003
2012-12-12,0.059999999
2012-12-13,0.052000001
2012-12-14,0.025
2012-12-17,0.022
2012-12-18,0.055
2012-12-19,0.045000002
2012-12-20,0.050000001
2012-12-21,0.050000001
2012-12-24,0.050000001
2012-12-26,0.055
2012-12-27,0.07
2012-12-28,0.0099999998
2012-12-31,0.035
2013-01-02,0.055
2013-01-03,0.064999998
2013-01-04,0.064999998
2013-01-07,0.057999998
2013-01-08,0.059999999
2013-01-09,0.055
2013-01-10,0.055
2013-01-11,0.063000001
2013-01-14,0.059999999
2013-01-15,0.079999998
2013-01-16,0.071999997
2013-01-17,0.07
2013-01-18,0.07
2013-01-22,0.059999999
2013-01-23,0.07
2013-01-24,0.075000003
2013-01-25,0.07
2013-01-28,0.059999999
2013-01-29,0.063000001
2013-01-30,0.059999999
2013-01-31,0.064999998
2013-02-01,0.059999999
2013-02-04,0.055
2013-02-05,0.07
2013-02-06,0.064999998
2013-02-07,0.064999998
2013-02-08,0.064999998
2013-02-11,0.064999998
2013-02-12,0.082999997
2013-02-13,0.085000001
2013-02-14,0.094999999
2013-02-15,0.094999999
2013-02-19,0.1
2013-02-20,0.115
2013-02-21,0.12
2013-02-22,0.12
2013-02-25,0.115
2013-02-26,0.11
2013-02-27,0.1
2013-02-28,0.1
2013-03-01,0.1
2013-03-04,0.085000001
2013-03-05,0.085000001
2013-03-06,0.092
2013-03-07,0.090000004
2013-03-08,0.086999997
2013-03-11,0.086999997
2013-03-12,0.092
2013-03-13,0.085000001
2013-03-14,0.090000004
2013-03-15,0.082999997
2013-03-18,0.071999997
2013-03-19,0.07
2013-03-20,0.063000001
2013-03-21,0.059999999
2013-03-22,0.064999998
2013-03-25,0.057999998
2013-03-26,0.071999997
2013-03-27,0.079999998
2013-03-28,0.064999998
2013-04-01,0.064999998
2013-04-02,0.068000004
2013-04-03,0.055
2013-04-04,0.064999998
2013-04-05,0.059999999
2013-04-08,0.055
2013-04-09,0.063000001
2013-04-10,0.064999998
2013-04-11,0.063000001
2013-04-12,0.055
2013-04-15,0.055
2013-04-16,0.052000001
2013-04-17,0.050000001
2013-04-18,0.050000001
2013-04-19,0.045000002
2013-04-22,0.045000002
2013-04-23,0.045000002
2013-04-24,0.048
2013-04-25,0.050000001
2013-04-26,0.045000002
2013-04-29,0.045000002
2013-04-30,0.045000002
2013-05-01,0.050000001
2013-05-02,0.050000001
2013-05-03,0.045000002
2013-05-06,0.029999999
2013-05-07,0.035
2013-05-08,0.035
2013-05-09,0.035
2013-05-10,0.035
2013-05-13,0.035
2013-05-14,0.039999999
2013-05-15,0.037
2013-05-16,0.025
2013-05-17,0.029999999
2013-05-20,0.035
2013-05-21,0.039999999
2013-05-22,0.035
2013-05-23,0.039999999
2013-05-24,0.037
2013-05-28,0.035
2013-05-29,0.039999999
2013-05-30,0.025
2013-05-31,0.029999999
2013-06-03,0.029999999
2013-06-04,0.039999999
2013-06-05,0.045000002
2013-06-06,0.045000002
2013-06-07,0.039999999
2013-06-10,0.039999999
2013-06-11,0.045000002
2013-06-12,0.039999999
2013-06-13,0.043000001
2013-06-14,0.039999999
2013-06-17,0.039999999
2013-06-18,0.045000002
2013-06-19,0.039999999
2013-06-20,0.039999999
2013-06-21,0.039999999
2013-06-24,0.039999999
2013-06-25,0.057999998
2013-06-26,0.055
2013-06-27,0.045000002
2013-06-28,0.029999999
2013-07-01,0.0099999998
2013-07-02,0.035
2013-07-03,0.035
2013-07-05,0.035
2013-07-08,0.035
2013-07-09,0.035
2013-07-10,0.029999999
2013-07-11,0.029999999
2013-07-12,0.029999999
2013-07-15,0.02
2013-07-16,0.035
2013-07-17,0.025
2013-07-18,0.022
2013-07-19,0.02
2013-07-22,0.0049999999
2013-07-23,0.02
2013-07-24,0.02
2013-07-25,0.015
2013-07-26,0.015
2013-07-29,0.02
2013-07-30,0.029999999
2013-07-31,0.029999999
2013-08-01,0.035
2013-08-02,0.029999999
2013-08-05,0.035
2013-08-06,0.039999999
2013-08-07,0.039999999
2013-08-08,0.045000002
2013-08-09,0.048
2013-08-12,0.048
2013-08-13,0.052000001
2013-08-14,0.050000001
2013-08-15,0.045000002
2013-08-16,0.039999999
2013-08-19,0.039999999
2013-08-20,0.045000002
2013-08-21,0.033
2013-08-22,0.02
2013-08-23,0.022
2013-08-26,0.013
2013-08-27,0.033
2013-08-28,0.029999999
2013-08-29,0.02
2013-08-30,0.02
2013-09-03,0.015
2013-09-04,0.015
2013-09-05,0.015
2013-09-06,0.015
2013-09-09,0.0099999998
2013-09-10,0.015
2013-09-11,0.015
2013-09-12,0.0099999998
2013-09-13,0.0099999998
2013-09-16,0.003
2013-09-17,0.0049999999
2013-09-18,0.0049999999
2013-09-19,0.0049999999
2013-09-20,0.0049999999
2013-09-23,0.0049999999
2013-09-24,0.015
2013-09-25,0.015
2013-09-26,0.003
2013-09-27,0.0049999999
2013-09-30,0.0049999999
2013-10-01,0.013
2013-10-02,0.0099999998
2013-10-03,0.02
2013-10-04,0.017999999
2013-10-07,0.017999999
2013-10-08,0.045000002
2013-10-09,0.037
2013-10-10,0.039999999
2013-10-11,0.063000001
2013-10-14,0.057999998
2013-10-15,0.092
2013-10-16,0.092
2013-10-17,0.037
2013-10-18,0.025
2013-10-21,0.025
2013-10-22,0.033
2013-10-23,0.029999999
2013-10-24,0.029999999
2013-10-25,0.029999999
2013-10-28,0.02
2013-10-29,0.039999999
2013-10-30,0.035
2013-10-31,0.033
2013-11-01,0.033
2013-11-04,0.033
2013-11-05,0.045000002
2013-11-06,0.045000002
2013-11-07,0.048
2013-11-08,0.052000001
2013-11-11,0.052000001
2013-11-12,0.057999998
2013-11-13,0.07
2013-11-14,0.068000004
2013-11-15,0.07
2013-11-18,0.064999998
2013-11-19,0.079999998
2013-11-20,0.077
2013-11-21,0.07
2013-11-22,0.064999998
2013-11-25,0.059999999
2013-11-26,0.068000004
2013-11-27,0.063000001
2013-11-29,0.055
2013-12-02,0.050000001
2013-12-03,0.035
2013-12-04,0.052000001
2013-12-05,0.048
2013-12-06,0.052000001
2013-12-09,0.052000001
2013-12-10,0.07
2013-12-11,0.068000004
2013-12-12,0.063000001
2013-12-13,0.059999999
2013-12-16,0.057999998
2013-12-17,0.063000001
2013-12-18,0.059999999
2013-12-19,0.057999998
2013-12-20,0.055
2013-12-23,0.057999998
2013-12-24,0.068000004
2013-12-26,0.059999999
2013-12-27,0.057999998
2013-12-30,0.055
2013-12-31,0.063000001
2014-01-02,0.057999998
2014-01-03,0.057999998
2014-01-06,0.045000002
2014-01-07,0.043000001
2014-01-08,0.039999999
2014-01-09,0.033
2014-01-10,0.033
2014-01-13,0.029999999
2014-01-14,0.033
2014-01-15,0.035
2014-01-16,0.029999999
2014-01-17,0.029999999
2014-01-21,0.028000001
2014-01-22,0.029999999
2014-01-23,0.029999999
2014-01-24,0.033
2014-01-27,0.048
2014-01-28,0.045000002
2014-01-29,0.039999999
2014-01-30,0.015
2014-01-31,0.0099999998
2014-02-03,0.02
2014-02-04,0.055
2014-02-05,0.055
2014-02-06,0.059999999
2014-02-07,0.071999997
2014-02-10,0.055
2014-02-11,0.045000002
2014-02-12,0.043000001
2014-02-13,0.025
2014-02-14,0.0099999998
2014-02-18,0.015
2014-02-19,0.045000002
2014-02-20,0.039999999
2014-02-21,0.035
2014-02-24,0.033
2014-02-25,0.039999999
2014-02-26,0.039999999
2014-02-27,0.035
2014-02-28,0.043000001
2014-03-03,0.043000001
2014-03-04,0.048
2014-03-05,0.050000001
2014-03-06,0.045000002
2014-03-07,0.045000002
2014-03-10,0.039999999
2014-03-11,0.045000002
2014-03-12,0.039999999
2014-03-13,0.039999999
2014-03-14,0.039999999
2014-03-17,0.043000001
2014-03-18,0.050000001
2014-03-19,0.050000001
2014-03-20,0.052000001
2014-03-21,0.045000002
2014-03-24,0.043000001
2014-03-25,0.045000002
2014-03-26,0.037
2014-03-27,0.033
2014-03-28,0.033
2014-03-31,0.028000001
2014-04-01,0.029999999
2014-04-02,0.017999999
2014-04-03,0.015
2014-04-04,0.02
2014-04-07,0.02
2014-04-08,0.025
2014-04-09,0.028000001
2014-04-10,0.028000001
2014-04-11,0.029999999
2014-04-14,0.029999999
2014-04-15,0.029999999
2014-04-16,0.025
2014-04-17,0.025
2014-04-21,0.025
2014-04-22,0.025
2014-04-23,0.015
2014-04-24,0.0070000002
2014-04-25,0.0070000002
2014-04-28,0.003
2014-04-29,0.015
2014-04-30,0.02
2014-05-01,0.017999999
2014-05-02,0.015
2014-05-05,0.015
2014-05-06,0.02
2014-05-07,0.02
2014-05-08,0.022
2014-05-09,0.022
2014-05-12,0.02
2014-05-13,0.02
2014-05-14,0.02
2014-05-15,0.017999999
2014-05-16,0.015
2014-05-19,0.017999999
2014-05-20,0.025
2014-05-21,0.025
2014-05-22,0.028000001
2014-05-23,0.028000001
2014-05-27,0.028000001
2014-05-28,0.028000001
2014-05-29,0.029999999
2014-05-30,0.029999999
2014-06-02,0.025
2014-06-03,0.029999999
2014-06-04,0.029999999
2014-06-05,0.029999999
2014-06-06,0.028000001
2014-06-09,0.029999999
2014-06-10,0.035
2014-06-11,0.033
2014-06-12,0.033
2014-06-13,0.029999999
2014-06-16,0.025
2014-06-17,0.033
2014-06-18,0.017999999
2014-06-19,0.0099999998
2014-06-20,0.0099999998
2014-06-23,0.0049999999
2014-06-24,0.022
2014-06-25,0.02
2014-06-26,0.025
2014-06-27,0.017999999
2014-06-30,0.02
2014-07-01,0.025
2014-07-02,0.0070000002
2014-07-03,0.003
2014-07-07,0.0070000002
2014-07-08,0.025
2014-07-09,0.015
2014-07-10,0.015
2014-07-11,0.015
2014-07-14,0.015
2014-07-15,0.02
2014-07-16,0.017999999
2014-07-17,0.0070000002
2014-07-18,0.0099999998
2014-07-21,0.013
2014-07-22,0.02
2014-07-23,0.02
2014-07-24,0.02
2014-07-25,0.02
2014-07-28,0.025
2014-07-29,0.028000001
2014-07-30,0.028000001
2014-07-31,0.017999999
2014-08-01,0.017999999
2014-08-04,0.015
2014-08-05,0.025
2014-08-06,0.02
2014-08-07,0.02
2014-08-08,0.02
2014-08-11,0.025
2014-08-12,0.025
2014-08-13,0.029999999
2014-08-14,0.028000001
2014-08-15,0.022
2014-08-18,0.022
2014-08-19,0.025
2014-08-20,0.025
2014-08-21,0.015
2014-08-22,0.015
2014-08-25,0.015
2014-08-26,0.025
2014-08-27,0.025
2014-08-28,0.022
2014-08-29,0.017999999
2014-09-02,0.02
2014-09-03,0.02
2014-09-04,0.02
2014-09-05,0.02
2014-09-08,0.02
2014-09-09,0.015
2014-09-10,0.015
2014-09-11,0.0099999998
2014-09-12,0.0099999998
2014-09-15,0.0099999998
2014-09-16,0.015
2014-09-17,0.013
2014-09-18,0.0099999998
2014-09-19,0.0070000002
2014-09-22,0.003
2014-09-23,0.0070000002
2014-09-24,0.0070000002
2014-09-25,0.0049999999
2014-09-26,0.0049999999
2014-09-29,0.0049999999
2014-09-30,0.013
2014-10-01,0.013
2014-10-02,0.0099999998
2014-10-03,0.0099999998
2014-10-06,0.0099999998
2014-10-07,0.0099999998
2014-10-08,0.0049999999
2014-10-09,0.0049999999
2014-10-10,0.0049999999
2014-10-13,0.0049999999
2014-10-14,0.0049999999
2014-10-15,0.0099999998
2014-10-16,0.02
2014-10-17,0.022
2014-10-20,0.02
2014-10-21,0.017999999
2014-10-22,0.015
2014-10-23,0.015
2014-10-24,0.0049999999
2014-10-27,0.0049999999
2014-10-28,0.015
2014-10-29,0.015
2014-10-30,0.003
2014-10-31,0.003
2014-11-03,0.003
2014-11-04,0.022
2014-11-05,0.02
2014-11-06,0.017999999
2014-11-07,0.017999999
2014-11-10,0.015
2014-11-11,0.015
2014-11-12,0.013
2014-11-13,0.0049999999
2014-11-14,0.003
2014-11-17,0.0099999998
2014-11-18,0.015
2014-11-19,0.015
2014-11-20,0.015
2014-11-21,0.003
2014-11-24,0.0049999999
2014-11-25,0.017999999
2014-11-26,0.0099999998
2014-11-28,0.0049999999
2014-12-01,0.0070000002
2014-12-02,0.015
2014-12-03,0.0049999999
2014-12-04,0.013
2014-12-05,0.0099999998
2014-12-08,0.0049999999
2014-12-09,0.028000001
2014-12-10,0.025
2014-12-11,0.022
2014-12-12,0.015
2014-12-15,0.0099999998
2014-12-16,0.029999999
2014-12-17,0.02
2014-12-18,0.033
2014-12-19,0.025
2014-12-22,0.015
2014-12-23,0.02
2014-12-24,0.02
2014-12-26,0.0099999998
2014-12-29,0.003
2014-12-30,0.02
2014-12-31,0.037
2015-01-02,0.015
2015-01-05,0.003
2015-01-06,0.02
2015-01-07,0.02
2015-01-08,0.017999999
2015-01-09,0.015
2015-01-12,0.013
2015-01-13,0.023
2015-01-14,0.025
2015-01-15,0.023
2015-01-16,0.017999999
2015-01-20,0.0080000004
2015-01-21,0.02
2015-01-22,0.015
2015-01-23,0.013
2015-01-26,0.0049999999
2015-01-27,0.017999999
2015-01-28,0.015
2015-01-29,0.0099999998
2015-01-30,0.0049999999
2015-02-02,0.0049999999
2015-02-03,0.015
2015-02-04,0.0049999999
2015-02-05,0.0080000004
2015-02-06,0.015
2015-02-09,0.003
2015-02-10,0.0049999999
2015-02-11,0.0049999999
2015-02-12,0.0080000004
2015-02-13,0.0049999999
2015-02-17,0.0080000004
2015-02-18,0.013
2015-02-19,0.013
2015-02-20,0.0099999998
2015-02-23,0.015
2015-02-24,0.017999999
2015-02-25,0.015
2015-02-26,0.013
2015-02-27,0.0080000004
2015-03-02,0.0049999999
2015-03-03,0.013
2015-03-04,0.0099999998
2015-03-05,0.003
2015-03-06,0.0049999999
2015-03-09,0.0049999999
2015-03-10,0.0099999998
2015-03-11,0.013
2015-03-12,0.017999999
2015-03-13,0.023
2015-03-16,0.029999999
2015-03-17,0.048
2015-03-18,0.037999999
2015-03-19,0.0099999998
2015-03-20,0.003
2015-03-23,0.003
2015-03-24,0.015
2015-03-25,0.017999999
2015-03-26,0.028000001
2015-03-27,0.029999999
2015-03-30,0.023
2015-03-31,0.025
2015-04-01,0.033
2015-04-02,0.0099999998
2015-04-06,0.003
2015-04-07,0.015
2015-04-08,0.017999999
2015-04-09,0.02
2015-04-10,0.015
2015-04-13,0.0049999999
2015-04-14,0.0099999998
2015-04-15,0.015
2015-04-16,0.0099999998
2015-04-17,0.013
2015-04-20,0.013
2015-04-21,0.02
2015-04-22,0.02
2015-04-23,0.02
2015-04-24,0.015
2015-04-27,0.013
2015-04-28,0.013
2015-04-29,0.003
2015-04-30,0.0049999999
2015-05-01,0.003
2015-05-04,0.003
2015-05-05,0.0080000004
2015-05-06,0.0099999998
2015-05-07,0.0049999999
2015-05-08,0.003
2015-05-11,0.0049999999
2015-05-12,0.013
2015-05-13,0.0099999998
2015-05-14,0.0099999998
2015-05-15,0.0099999998
2015-05-18,0.0080000004
2015-05-19,0.0099999998
2015-05-20,0.013
2015-05-21,0.013
2015-05-22,0.0099999998
2015-05-26,0.0099999998
2015-05-27,0.013
2015-05-28,0.003
2015-05-29,0.003
2015-06-01,0.0080000004
2015-06-02,0.0099999998
2015-06-03,0.0099999998
2015-06-04,0.0049999999
2015-06-05,0.0099999998
2015-06-08,0.0099999998
2015-06-09,0.013
2015-06-10,0.013
2015-06-11,0.0080000004
2015-06-12,0.0049999999
2015-06-15,0.003
2015-06-16,0.0080000004
2015-06-17,0.003
2015-06-18,0.003
2015-06-19,0.003
2015-06-22,0.003
2015-06-23,0.0080000004
2015-06-24,0.0049999999
2015-06-25,0.0049999999
2015-06-26,0.0049999999
2015-06-29,0.0049999999
2015-06-30,0.0099999998
2015-07-01,0.003
2015-07-02,0.003
2015-07-06,0.0049999999
2015-07-07,0.0099999998
2015-07-08,0.0099999998
2015-07-09,0.0080000004
2015-07-10,0.0080000004
2015-07-13,0.0080000004
2015-07-14,0.0099999998
2015-07-15,0.013
2015-07-16,0.0099999998
2015-07-17,0.013
2015-07-20,0.023
2015-07-21,0.029999999
2015-07-22,0.029999999
2015-07-23,0.029999999
2015-07-24,0.029999999
2015-07-27,0.028000001
2015-07-28,0.043000001
2015-07-29,0.045000002
2015-07-30,0.059999999
2015-07-31,0.057999998
2015-08-03,0.063000001
2015-08-04,0.075000003
2015-08-05,0.075000003
2015-08-06,0.028000001
2015-08-07,0.055
2015-08-10,0.064999998
2015-08-11,0.097999997
2015-08-12,0.090000004
2015-08-13,0.082999997
2015-08-14,0.079999998
2015-08-17,0.059999999
2015-08-18,0.085000001
2015-08-19,0.039999999
2015-08-20,0.015
2015-08-21,0.02
2015-08-24,0.015
2015-08-25,0.052999999
2015-08-26,0.055
2015-08-27,0.050000001
2015-08-28,0.050000001
2015-08-31,0.003
2015-09-01,0.037999999
2015-09-02,0.025
2015-09-03,0.015
2015-09-04,0.025
2015-09-08,0.025
2015-09-09,0.035
2015-09-10,0.015
2015-09-11,0.023
2015-09-14,0.025
2015-09-15,0.057999998
2015-09-16,0.052999999
2015-09-17,0.003
2015-09-18,0.0099999998
2015-09-21,0.013
2015-09-22,0.003
2015-09-23,0.003
2015-09-24,0.0049999999
2015-09-25,0.02
2015-09-28,0.013
2015-09-29,0.003
2015-09-30,0.0049999999
2015-10-01,0.017999999
2015-10-02,0.0080000004
2015-10-05,0.0080000004
2015-10-06,0.0049999999
2015-10-07,0.0049999999
2015-10-08,0.003
2015-10-09,0.003
2015-10-12,0.0099999998
2015-10-13,0.0049999999
2015-10-14,0.0099999998
2015-10-15,0.0049999999
2015-10-16,0.0049999999
2015-10-19,0.0049999999
2015-10-20,0.0099999998
2015-10-21,0.0049999999
2015-10-22,0.0049999999
2015-10-23,0.003
2015-10-26,0.0080000004
2015-10-27,0.0099999998
2015-10-28,0.035
2015-10-29,0.052999999
2015-10-30,0.068000004
2015-11-02,0.052999999
2015-11-03,0.057999998
2015-11-04,0.055
2015-11-05,0.039999999
2015-11-06,0.072999999
2015-11-09,0.075000003
2015-11-10,0.125
2015-11-11,0.123
2015-11-12,0.123
2015-11-13,0.113
2015-11-16,0.097999997
2015-11-17,0.13500001
2015-11-18,0.123
2015-11-19,0.088
2015-11-20,0.093000002
2015-11-23,0.105
2015-11-24,0.153
2015-11-25,0.175
2015-11-27,0.16
2015-11-30,0.17
2015-12-01,0.20299999
2015-12-02,0.2
2015-12-03,0.198
2015-12-04,0.205
2015-12-07,0.235
2015-12-08,0.26800001
2015-12-09,0.245
2015-12-10,0.23
2015-12-11,0.213
2015-12-14,0.198
2015-12-15,0.25
2015-12-16,0.235
2015-12-17,0.213
2015-12-18,0.175
2015-12-21,0.153
2015-12-22,0.193
2015-12-23,0.19
2015-12-24,0.183
2015-12-28,0.19
2015-12-29,0.215
2015-12-30,0.19499999
2015-12-31,0.148
2016-01-04,0.155
2016-01-05,0.205
2016-01-06,0.205
2016-01-07,0.19
2016-01-08,0.19
2016-01-11,0.175
2016-01-12,0.20999999
2016-01-13,0.215
2016-01-14,0.23999999
2016-01-15,0.223
2016-01-19,0.23
2016-01-20,0.25299999
2016-01-21,0.273
2016-01-22,0.28799999
2016-01-25,0.27500001
2016-01-26,0.30000001
2016-01-27,0.30000001
2016-01-28,0.31799999
2016-01-29,0.30000001
2016-02-01,0.29499999
2016-02-02,0.33000001
2016-02-03,0.333
2016-02-04,0.28299999
2016-02-05,0.278
2016-02-08,0.25999999
2016-02-09,0.30000001
2016-02-10,0.29800001
2016-02-11,0.273
2016-02-12,0.27000001
2016-02-16,0.273
2016-02-17,0.29300001
2016-02-18,0.28799999
2016-02-19,0.28299999
2016-02-22,0.29300001
2016-02-23,0.31799999
2016-02-24,0.315
2016-02-25,0.31
2016-02-26,0.303
2016-02-29,0.308
2016-03-01,0.31999999
2016-03-02,0.303
2016-03-03,0.26300001
2016-03-04,0.26499999
2016-03-07,0.26499999
2016-03-08,0.30500001
2016-03-09,0.28799999
2016-03-10,0.303
2016-03-11,0.308
2016-03-14,0.308
2016-03-15,0.32499999
2016-03-16,0.30000001
2016-03-17,0.27500001
2016-03-18,0.28
2016-03-21,0.28799999
2016-03-22,0.29499999
2016-03-23,0.29300001
2016-03-24,0.27500001
2016-03-28,0.255
2016-03-29,0.22499999
2016-03-30,0.185
2016-03-31,0.193
2016-04-01,0.21799999
2016-04-04,0.183
2016-04-05,0.21799999
2016-04-06,0.22
2016-04-07,0.22
2016-04-08,0.21799999
2016-04-11,0.20999999
2016-04-12,0.23
2016-04-13,0.223
2016-04-14,0.215
2016-04-15,0.20999999
2016-04-18,0.198
2016-04-19,0.215
2016-04-20,0.21799999
2016-04-21,0.22499999
2016-04-22,0.22499999
2016-04-25,0.23800001
2016-04-26,0.245
2016-04-27,0.245
2016-04-28,0.20999999
2016-04-29,0.193
2016-05-02,0.185
2016-05-03,0.20299999
2016-05-04,0.198
2016-05-05,0.183
2016-05-06,0.18000001
2016-05-09,0.20299999
2016-05-10,0.243
2016-05-11,0.248
2016-05-12,0.25799999
2016-05-13,0.25799999
2016-05-16,0.25799999
2016-05-17,0.26800001
2016-05-18,0.27000001
2016-05-19,0.28999999
2016-05-20,0.29800001
2016-05-23,0.31299999
2016-05-24,0.34299999
2016-05-25,0.315
2016-05-26,0.27500001
2016-05-27,0.29800001
2016-05-31,0.28299999
2016-06-01,0.29499999
2016-06-02,0.27000001
2016-06-03,0.27000001
2016-06-06,0.25
2016-06-07,0.26499999
2016-06-08,0.235
2016-06-09,0.23999999
2016-06-10,0.23999999
2016-06-13,0.245
2016-06-14,0.26300001
2016-06-15,0.255
2016-06-16,0.245
2016-06-17,0.248
2016-06-20,0.248
2016-06-21,0.26499999
2016-06-22,0.26800001
2016-06-23,0.27500001
2016-06-24,0.23800001
2016-06-27,0.235
2016-06-28,0.25999999
2016-06-29,0.255
2016-06-30,0.248
2016-07-01,0.243
2016-07-05,0.23800001
2016-07-06,0.26300001
2016-07-07,0.27000001
2016-07-08,0.273
2016-07-11,0.27500001
2016-07-12,0.29499999
2016-07-13,0.29800001
2016-07-14,0.303
2016-07-15,0.29800001
2016-07-18,0.28799999
2016-07-19,0.31
2016-07-20,0.315
2016-07-21,0.303
2016-07-22,0.303
2016-07-25,0.29800001
2016-07-26,0.308
2016-07-27,0.28299999
2016-07-28,0.22
2016-07-29,0.23999999
2016-08-01,0.23800001
2016-08-02,0.28
2016-08-03,0.26800001
2016-08-04,0.248
2016-08-05,0.25
2016-08-08,0.25
2016-08-09,0.29300001
2016-08-10,0.273
2016-08-11,0.27500001
2016-08-12,0.26300001
2016-08-15,0.27500001
2016-08-16,0.28799999
2016-08-17,0.28799999
2016-08-18,0.285
2016-08-19,0.29300001
2016-08-22,0.28
2016-08-23,0.30500001
2016-08-24,0.30500001
2016-08-25,0.30500001
2016-08-26,0.30500001
2016-08-29,0.30500001
2016-08-30,0.32499999
2016-08-31,0.31999999
2016-09-01,0.315
2016-09-02,0.303
2016-09-06,0.303
2016-09-07,0.33000001
2016-09-08,0.333
2016-09-09,0.333
2016-09-12,0.34999999
2016-09-13,0.345
2016-09-14,0.315
2016-09-15,0.278
2016-09-16,0.273
2016-09-19,0.23800001
2016-09-20,0.28799999
2016-09-21,0.223
2016-09-22,0.16
2016-09-23,0.16500001
2016-09-26,0.17299999
2016-09-27,0.255
2016-09-28,0.26300001
2016-09-29,0.235
2016-09-30,0.25999999
2016-10-03,0.28799999
2016-10-04,0.315
2016-10-05,0.31299999
2016-10-06,0.31
2016-10-07,0.31
2016-10-10,0.308
2016-10-11,0.31999999
2016-10-12,0.34
2016-10-13,0.27500001
2016-10-14,0.28999999
2016-10-17,0.29499999
2016-10-18,0.333
2016-10-19,0.32300001
2016-10-20,0.31999999
2016-10-21,0.315
2016-10-24,0.31299999
2016-10-25,0.32499999
2016-10-26,0.31299999
2016-10-27,0.27500001
2016-10-28,0.273
2016-10-31,0.29499999
2016-11-01,0.345
2016-11-02,0.345
2016-11-03,0.35800001
2016-11-04,0.35800001
2016-11-07,0.38999999
2016-11-08,0.41999999
2016-11-09,0.41800001
2016-11-10,0.458
2016-11-14,0.50300002
2016-11-15,0.48800001
2016-11-16,0.45300001
2016-11-17,0.41999999
2016-11-18,0.41800001
2016-11-21,0.41999999
2016-11-22,0.47499999
2016-11-23,0.48500001
2016-11-25,0.47999999
2016-11-28,0.44999999
2016-11-29,0.46799999
2016-11-30,0.46799999
2016-12-01,0.458
2016-12-02,0.45500001
2016-12-05,0.45300001
2016-12-06,0.48500001
2016-12-07,0.48800001
2016-12-08,0.49000001
2016-12-09,0.51999998
2016-12-12,0.5
2016-12-13,0.523
2016-12-14,0.523
2016-12-15,0.48800001
2016-12-16,0.48500001
2016-12-19,0.47799999
2016-12-20,0.51300001
2016-12-21,0.50300002
2016-12-22,0.493
2016-12-23,0.5
2016-12-27,0.495
2016-12-28,0.495
2016-12-29,0.44
2016-12-30,0.47999999
2017-01-03,0.47499999
2017-01-04,0.51800001
2017-01-05,0.50800002
2017-01-06,0.50300002
2017-01-09,0.48500001
2017-01-10,0.50300002
2017-01-11,0.498
2017-01-12,0.50300002
2017-01-13,0.51300001
2017-01-17,0.51300001
2017-01-18,0.51499999
2017-01-19,0.50300002
2017-01-20,0.47999999
2017-01-23,0.47299999
2017-01-24,0.493
2017-01-25,0.48300001
2017-01-26,0.48800001
2017-01-27,0.498
2017-01-30,0.495
2017-01-31,0.5
2017-02-01,0.5
2017-02-02,0.48800001
2017-02-03,0.48800001
2017-02-06,0.50300002
2017-02-07,0.52499998
2017-02-08,0.52499998
2017-02-09,0.528
2017-02-10,0.523
2017-02-13,0.523
2017-02-14,0.53500003
2017-02-15,0.51999998
2017-02-16,0.50800002
2017-02-17,0.50800002
2017-02-21,0.505
2017-02-22,0.50999999
2017-02-23,0.498
2017-02-24,0.498
2017-02-27,0.49000001
2017-02-28,0.523
2017-03-01,0.61500001
2017-03-02,0.64499998
2017-03-03,0.68300003
2017-03-06,0.70499998
2017-03-07,0.73500001
2017-03-08,0.708
2017-03-09,0.713
2017-03-10,0.72500002
2017-03-13,0.72799999
2017-03-14,0.75300002
2017-03-15,0.71499997
2017-03-16,0.708
2017-03-17,0.708
2017-03-20,0.70999998
2017-03-21,0.75300002
2017-03-22,0.74800003
2017-03-23,0.74800003
2017-03-24,0.74800003
2017-03-27,0.75800002
2017-03-28,0.773
2017-03-29,0.755
2017-03-30,0.75800002
2017-03-31,0.73799998
2017-04-03,0.74000001
2017-04-04,0.77999997
2017-04-05,0.77999997
2017-04-06,0.78799999
2017-04-07,0.79799998
2017-04-10,0.78799999
2017-04-11,0.80000001
2017-04-12,0.79299998
2017-04-13,0.79000002
2017-04-17,0.79000002
2017-04-18,0.80500001
2017-04-19,0.78500003
2017-04-20,0.76999998
2017-04-21,0.76300001
2017-04-24,0.76999998
2017-04-25,0.80800003
2017-04-26,0.80299997
2017-04-27,0.78500003
2017-04-28,0.77999997
2017-05-01,0.78500003
2017-05-02,0.84299999
2017-05-03,0.84799999
2017-05-04,0.85500002
2017-05-05,0.86799997
2017-05-08,0.87
2017-05-09,0.88999999
2017-05-10,0.875
2017-05-11,0.86000001
2017-05-12,0.85500002
2017-05-15,0.86299998
2017-05-16,0.88999999
2017-05-17,0.875
2017-05-18,0.89300001
2017-05-19,0.88800001
2017-05-22,0.87800002
2017-05-23,0.91299999
2017-05-24,0.90499997
2017-05-25,0.90799999
2017-05-26,0.91000003
2017-05-30,0.91000003
2017-05-31,0.94999999
2017-06-01,0.94800001
2017-06-02,0.95300001
2017-06-05,0.94800001
2017-06-06,0.958
2017-06-07,0.97299999
2017-06-08,0.97299999
2017-06-09,0.98000002
2017-06-12,0.97299999
2017-06-13,0.98299998
2017-06-14,0.98299998
2017-06-15,0.99299997
2017-06-16,0.98500001
2017-06-19,0.98500001
2017-06-20,0.99299997
2017-06-21,0.96799999
2017-06-22,0.93300003
2017-06-23,0.93300003
2017-06-26,0.93300003
2017-06-27,0.99000001
2017-06-28,0.98500001
2017-06-29,1.003
2017-06-30,0.99299997
2017-07-03,1
2017-07-05,1.02
2017-07-06,1.008
2017-07-07,1.008
2017-07-10,1.013
2017-07-11,1.033
2017-07-12,1.023
2017-07-13,1.013
2017-07-14,1.008
2017-07-17,1.02
2017-07-18,1.04
2017-07-19,1.085
2017-07-20,1.113
2017-07-21,1.138
2017-07-24,1.15
2017-07-25,1.143
2017-07-26,1.095
2017-07-27,1.0779999
2017-07-28,1.053
2017-07-31,1.053
2017-08-01,1.058
2017-08-02,1.05
2017-08-03,1.058
2017-08-04,1.053
2017-08-07,1.033
2017-08-08,1.03
2017-08-09,1.025
2017-08-10,1.018
2017-08-11,1.013
2017-08-14,1.003
2017-08-15,1.008
2017-08-16,0.98500001
2017-08-17,0.97799999
2017-08-18,0.98799998
2017-08-21,0.96499997
2017-08-22,0.995
2017-08-23,0.98000002
2017-08-24,0.99800003
2017-08-25,0.995
2017-08-28,1.005
2017-08-29,1.01
2017-08-30,0.99800003
2017-08-31,0.97799999
2017-09-01,0.98500001
2017-09-05,0.98299998
2017-09-06,1.038
2017-09-07,1.023
2017-09-08,1.02
2017-09-11,1.02
2017-09-12,1.018
2017-09-13,1.018
2017-09-14,1.028
2017-09-15,1.01
2017-09-18,1
2017-09-19,1.018
2017-09-20,1.02
2017-09-21,1.008
2017-09-22,1.003
2017-09-25,0.99800003
2017-09-26,1.043
2017-09-27,1.038
2017-09-28,1.03
2017-09-29,1.028
2017-10-02,1.013
2017-10-03,1.035
2017-10-04,1.043
2017-10-05,1.043
2017-10-06,1.043
2017-10-09,1.045
2017-10-10,1.0549999
2017-10-11,1.068
2017-10-12,1.053
2017-10-13,1.05
2017-10-16,1.0549999
2017-10-17,1.073
2017-10-18,1.068
2017-10-19,1.0650001
2017-10-20,1.075
2017-10-23,1.0700001
2017-10-24,1.098
2017-10-25,1.0829999
2017-10-26,1.08
2017-10-27,1.073
2017-10-30,1.075
2017-10-31,1.123
2017-11-01,1.138
2017-11-02,1.138
2017-11-03,1.148
2017-11-06,1.158
2017-11-07,1.188
2017-11-08,1.1950001
2017-11-09,1.2029999
2017-11-10,1.2
2017-11-13,1.1849999
2017-11-14,1.24
2017-11-15,1.23
2017-11-16,1.23
2017-11-17,1.24
2017-11-20,1.24
2017-11-21,1.278
2017-11-22,1.265
2017-11-24,1.24
2017-11-27,1.223
2017-11-28,1.265
2017-11-29,1.258
2017-11-30,1.238
2017-12-01,1.235
2017-12-04,1.245
2017-12-05,1.283
2017-12-06,1.263
2017-12-07,1.26
2017-12-08,1.253
2017-12-11,1.263
2017-12-12,1.3099999
2017-12-13,1.273
2017-12-14,1.283
2017-12-15,1.285
2017-12-18,1.3150001
2017-12-19,1.353
2017-12-20,1.35
2017-12-21,1.3200001
2017-12-22,1.298
2017-12-26,1.303
2017-12-27,1.408
2017-12-28,1.37
2017-12-29,1.355
2018-01-02,1.378
2018-01-03,1.37
2018-01-04,1.37
2018-01-05,1.37
2018-01-08,1.38
2018-01-09,1.415
2018-01-10,1.395
2018-01-11,1.403
2018-01-12,1.41
2018-01-16,1.395
2018-01-17,1.415
2018-01-18,1.405
2018-01-19,1.403
2018-01-22,1.39
2018-01-23,1.413
2018-01-24,1.41
2018-01-25,1.393
2018-01-26,1.388
2018-01-29,1.375
2018-01-30,1.425
2018-01-31,1.4299999
2018-02-01,1.4529999
2018-02-02,1.45
2018-02-05,1.4579999
2018-02-06,1.488
2018-02-07,1.515
2018-02-08,1.515
2018-02-09,1.525
2018-02-12,1.535
2018-02-13,1.5700001
2018-02-14,1.55
2018-02-15,1.5599999
2018-02-16,1.5700001
2018-02-20,1.573
2018-02-21,1.608
2018-02-22,1.605
2018-02-23,1.605
2018-02-26,1.608
2018-02-27,1.635
2018-02-28,1.618
2018-03-01,1.59
2018-03-02,1.605
2018-03-05,1.625
2018-03-06,1.643
2018-03-07,1.65
2018-03-08,1.635
2018-03-09,1.635
2018-03-12,1.643
2018-03-13,1.6900001
2018-03-14,1.7180001
2018-03-15,1.733
2018-03-16,1.738
2018-03-19,1.728
2018-03-20,1.758
2018-03-21,1.71
2018-03-22,1.683
2018-03-23,1.688
2018-03-26,1.705
2018-03-27,1.733
2018-03-28,1.6950001
2018-03-29,1.67
2018-04-02,1.683
2018-04-03,1.7130001
2018-04-04,1.668
2018-04-05,1.675
2018-04-06,1.6799999
2018-04-09,1.675
2018-04-10,1.6950001
2018-04-11,1.693
2018-04-12,1.705
2018-04-13,1.7180001
2018-04-16,1.7130001
2018-04-17,1.755
2018-04-18,1.77
2018-04-19,1.783
2018-04-20,1.765
2018-04-23,1.783
2018-04-24,1.823
2018-04-25,1.8150001
2018-04-26,1.785
2018-04-27,1.77
2018-04-30,1.763
2018-05-01,1.8099999
2018-05-02,1.785
2018-05-03,1.788
2018-05-04,1.793
2018-05-07,1.793
2018-05-08,1.835
2018-05-09,1.845
2018-05-10,1.845
2018-05-11,1.86
2018-05-14,1.855
2018-05-15,1.875
2018-05-16,1.865
2018-05-17,1.863
2018-05-18,1.855
2018-05-21,1.863
2018-05-22,1.893
2018-05-23,1.873
2018-05-24,1.86
2018-05-25,1.853
2018-05-29,1.84
2018-05-30,1.878
2018-05-31,1.87
2018-06-01,1.868
2018-06-04,1.865
2018-06-05,1.903
2018-06-06,1.9
2018-06-07,1.885
2018-06-08,1.88
2018-06-11,1.868
2018-06-12,1.888
2018-06-13,1.895
2018-06-14,1.883
2018-06-15,1.888
2018-06-18,1.883
2018-06-19,1.898
2018-06-20,1.888
2018-06-21,1.89
2018-06-22,1.87
2018-06-25,1.853
2018-06-26,1.893
2018-06-27,1.88
2018-06-28,1.88
2018-06-29,1.88
2018-07-02,1.895
2018-07-03,1.933
2018-07-05,1.91
2018-07-06,1.905
2018-07-09,1.915
2018-07-10,1.9349999
2018-07-11,1.92
2018-07-12,1.928
2018-07-13,1.928
2018-07-16,1.938
2018-07-17,1.975
2018-07-18,1.96
2018-07-19,1.948
2018-07-20,1.933
2018-07-23,1.92
2018-07-24,1.96
2018-07-25,1.9529999
2018-07-26,1.9450001
2018-07-27,1.9450001
2018-07-30,1.9450001
2018-07-31,1.985
2018-08-01,1.978
2018-08-02,1.965
2018-08-03,1.96
2018-08-06,1.9680001
2018-08-07,2.0079999
2018-08-08,2.0079999
2018-08-09,2.0050001
2018-08-10,2
2018-08-13,1.995
2018-08-14,2.033
2018-08-15,2.02
2018-08-16,2.0150001
2018-08-17,1.995
2018-08-20,1.993
2018-08-21,2.0350001
2018-08-22,2.0350001
2018-08-23,2.033
2018-08-24,2.0480001
2018-08-27,2.0599999
2018-08-28,2.0780001
2018-08-29,2.0799999
2018-08-30,2.0580001
2018-08-31,2.0550001
2018-09-04,2.0680001
2018-09-05,2.0899999
2018-09-06,2.0799999
2018-09-07,2.0880001
2018-09-10,2.0829999
2018-09-11,2.108
2018-09-12,2.105
2018-09-13,2.0929999
2018-09-14,2.1029999
2018-09-17,2.108
2018-09-18,2.125
2018-09-19,2.1199999
2018-09-20,2.118
2018-09-21,2.1229999
2018-09-24,2.1229999
2018-09-25,2.168
2018-09-26,2.1600001
2018-09-27,2.1400001
2018-09-28,2.1500001
2018-10-01,2.155
2018-10-02,2.175
2018-10-03,2.1700001
2018-10-04,2.1700001
2018-10-05,2.165
2018-10-08,2.165
2018-10-09,2.1849999
2018-10-10,2.22
2018-10-11,2.2149999
2018-10-12,2.2179999
2018-10-15,2.23
2018-10-16,2.26
2018-10-17,2.26
2018-10-18,2.2550001
2018-10-19,2.26
2018-10-22,2.2579999
2018-10-23,2.29
2018-10-24,2.2850001
2018-10-25,2.28
2018-10-26,2.273
2018-10-29,2.26
2018-10-30,2.283
2018-10-31,2.2780001
2018-11-01,2.27
2018-11-02,2.273
2018-11-05,2.2679999
2018-11-06,2.3099999
2018-11-07,2.3099999
2018-11-08,2.303
2018-11-09,2.3
2018-11-12,2.3
2018-11-13,2.2950001
2018-11-14,2.325
2018-11-15,2.3099999
2018-11-16,2.3
2018-11-19,2.3
2018-11-20,2.335
2018-11-21,2.3499999
2018-11-23,2.348
2018-11-26,2.3429999
2018-11-27,2.3529999
2018-11-28,2.335
2018-11-29,2.3099999
2018-11-30,2.3080001
2018-12-03,2.2880001
2018-12-04,2.365
2018-12-06,2.3529999
2018-12-07,2.3399999
2018-12-10,2.3299999
2018-12-11,2.3699999
2018-12-12,2.375
2018-12-13,2.3629999
2018-12-14,2.368
2018-12-17,2.3399999
2018-12-18,2.3280001
2018-12-19,2.3380001
2018-12-20,2.335
2018-12-21,2.3299999
2018-12-24,2.3329999
2018-12-26,2.3800001
2018-12-27,2.348
2018-12-28,2.3280001
2018-12-31,2.3
2019-01-02,2.365
2019-01-03,2.355
2019-01-04,2.358
2019-01-07,2.3529999
2019-01-08,2.4000001
2019-01-09,2.3900001
2019-01-10,2.375
2019-01-11,2.3699999
2019-01-14,2.3599999
2019-01-15,2.3829999
2019-01-16,2.3629999
2019-01-17,2.355
2019-01-18,2.348
2019-01-22,2.345
2019-01-23,2.3529999
2019-01-24,2.3050001
2019-01-25,2.3280001
2019-01-28,2.3329999
2019-01-29,2.365
2019-01-30,2.365
2019-01-31,2.3399999
2019-02-01,2.3399999
2019-02-04,2.335
2019-02-05,2.365
2019-02-06,2.365
2019-02-07,2.355
2019-02-08,2.365
2019-02-11,2.375
2019-02-12,2.378
2019-02-13,2.3729999
2019-02-14,2.3729999
2019-02-15,2.3699999
2019-02-19,2.3729999
2019-02-20,2.3829999
2019-02-21,2.395
2019-02-22,2.3929999
2019-02-25,2.3929999
2019-02-26,2.4000001
2019-02-27,2.3929999
2019-02-28,2.3829999
2019-03-01,2.378
2019-03-04,2.375
2019-03-05,2.4000001
2019-03-06,2.405
2019-03-07,2.395
2019-03-08,2.3929999
2019-03-11,2.3800001
2019-03-12,2.395
2019-03-13,2.388
2019-03-14,2.388
2019-03-15,2.388
2019-03-18,2.385
2019-03-19,2.405
2019-03-20,2.408
2019-03-21,2.408
2019-03-22,2.398
2019-03-25,2.3900001
2019-03-26,2.405
2019-03-27,2.378
2019-03-28,2.3699999
2019-03-29,2.3280001
2019-04-01,2.323
2019-04-02,2.3699999
2019-04-03,2.3729999
2019-04-04,2.3699999
2019-04-05,2.3699999
2019-04-08,2.365
2019-04-09,2.365
2019-04-10,2.3629999
2019-04-11,2.365
2019-04-12,2.375
2019-04-15,2.3599999
2019-04-16,2.378
2019-04-17,2.3800001
2019-04-18,2.365
2019-04-22,2.375
2019-04-23,2.3900001
2019-04-24,2.375
2019-04-25,2.365
2019-04-26,2.3599999
2019-04-29,2.3599999
2019-04-30,2.368
2019-05-01,2.3629999
2019-05-02,2.3729999
2019-05-03,2.368
2019-05-06,2.3629999
2019-05-07,2.368
2019-05-08,2.3699999
2019-05-09,2.3699999
2019-05-10,2.3699999
2019-05-13,2.3499999
2019-05-14,2.3529999
2019-05-15,2.3499999
2019-05-16,2.3380001
2019-05-17,2.3299999
2019-05-20,2.3199999
2019-05-21,2.3299999
2019-05-22,2.3199999
2019-05-23,2.303
2019-05-24,2.2880001
2019-05-28,2.2980001
2019-05-29,2.2980001
2019-05-30,2.3099999
2019-05-31,2.293
2019-06-03,2.28
2019-06-04,2.2950001
2019-06-05,2.2850001
2019-06-06,2.2550001
2019-06-07,2.2149999
2019-06-10,2.22
2019-06-11,2.2130001
2019-06-12,2.165
2019-06-13,2.1400001
2019-06-14,2.125
2019-06-17,2.138
2019-06-18,2.168
2019-06-19,2.125
2019-06-20,2.0780001
2019-06-21,2.0550001
2019-06-24,2.0580001
2019-06-25,2.0829999
2019-06-26,2.0929999
2019-06-27,2.085
2019-06-28,2.0350001
2019-07-01,2.0650001
2019-07-02,2.148
2019-07-03,2.1500001
2019-07-05,2.1630001
2019-07-08,2.178
2019-07-09,2.1949999
2019-07-10,2.1300001
2019-07-11,2.098
2019-07-12,2.0899999
2019-07-15,2.085
2019-07-16,2.1029999
2019-07-17,2.073
2019-07-18,2.013
2019-07-19,2.013
2019-07-22,2.0250001
2019-07-23,2.033
2019-07-24,2.04
2019-07-25,2.0599999
2019-07-26,2.063
2019-07-29,2.05
2019-07-30,2.04
2019-07-31,2.03
2019-08-01,2.03
2019-08-02,2
2019-08-05,1.9529999
2019-08-06,1.995
2019-08-07,1.9680001
2019-08-08,1.97
2019-08-09,1.95
2019-08-12,1.928
2019-08-13,1.955
2019-08-14,1.908
2019-08-15,1.8430001
2019-08-16,1.823
2019-08-19,1.853
2019-08-20,1.9
2019-08-21,1.928
2019-08-22,1.938
2019-08-23,1.91
2019-08-26,1.933
2019-08-27,1.943
2019-08-28,1.9400001
2019-08-29,1.9400001
2019-08-30,1.933
2019-09-03,1.91
2019-09-04,1.905
2019-09-05,1.92
2019-09-06,1.91
2019-09-09,1.908
2019-09-10,1.913
2019-09-11,1.913
2019-09-12,1.895
2019-09-13,1.9
2019-09-16,1.9450001
2019-09-17,1.938
2019-09-18,1.88
2019-09-19,1.883
2019-09-20,1.85
2019-09-23,1.845
2019-09-24,1.88
2019-09-25,1.845
2019-09-26,1.77
2019-09-27,1.73
2019-09-30,1.77
2019-10-01,1.753
2019-10-02,1.735
2019-10-03,1.665
2019-10-04,1.655
2019-10-07,1.673
2019-10-08,1.655
2019-10-09,1.628
2019-10-10,1.633
2019-10-11,1.623
2019-10-14,1.618
2019-10-15,1.618
2019-10-16,1.615
2019-10-17,1.625
2019-10-18,1.625
2019-10-21,1.625
2019-10-22,1.615
2019-10-23,1.615
2019-10-24,1.623
2019-10-25,1.625
2019-10-28,1.605
2019-10-29,1.595
2019-10-30,1.595
2019-10-31,1.498
2019-11-01,1.485
2019-11-04,1.503
2019-11-05,1.518
2019-11-06,1.515
2019-11-07,1.518
2019-11-08,1.51
2019-11-11,1.513
2019-11-12,1.533
2019-11-13,1.535
2019-11-14,1.528
2019-11-15,1.528
2019-11-18,1.523
2019-11-19,1.525
2019-11-20,1.52
2019-11-21,1.53
2019-11-22,1.543
2019-11-25,1.545
2019-11-26,1.5650001
2019-11-27,1.5650001
2019-11-29,1.54
2019-12-02,1.538
2019-12-03,1.538
2019-12-04,1.498
2019-12-05,1.493
2019-12-06,1.48
2019-12-09,1.498
2019-12-10,1.515
2019-12-11,1.52
2019-12-12,1.53
2019-12-13,1.523
2019-12-16,1.525
2019-12-17,1.53
2019-12-18,1.518
2019-12-19,1.533
2019-12-20,1.528
2019-12-23,1.52
2019-12-24,1.538
2019-12-26,1.535
2019-12-27,1.518
2019-12-30,1.49
2019-12-31,1.505
2020-01-02,1.495
2020-01-03,1.473
2020-01-06,1.488
2020-01-07,1.5
2020-01-08,1.493
2020-01-09,1.5
2020-01-10,1.498
2020-01-13,1.51
2020-01-14,1.53
2020-01-15,1.508
2020-01-16,1.518
2020-01-17,1.523
2020-01-21,1.503
2020-01-22,1.513
2020-01-23,1.515
2020-01-24,1.49
2020-01-27,1.505
2020-01-28,1.53
2020-01-29,1.52
2020-01-30,1.528
2020-01-31,1.51
2020-02-03,1.518
2020-02-04,1.538
2020-02-05,1.52
2020-02-06,1.53
2020-02-07,1.518
2020-02-10,1.52
2020-02-11,1.538
2020-02-12,1.535
2020-02-13,1.545
2020-02-14,1.535
2020-02-18,1.535
2020-02-19,1.543
2020-02-20,1.538
2020-02-21,1.518
2020-02-24,1.503
2020-02-25,1.49
2020-02-26,1.478
2020-02-27,1.395
2020-02-28,1.23
2020-03-02,1.135
2020-03-03,0.91799998
2020-03-04,0.67500001
2020-03-05,0.59500003
2020-03-06,0.41499999
2020-03-09,0.33000001
2020-03-10,0.38999999
2020-03-11,0.368
2020-03-12,0.273
2020-03-13,0.243
2020-03-16,0.185
2020-03-17,0.16500001
2020-03-18,0.003
2020-03-19,-0.028000001
2020-03-20,-0.033
2020-03-23,-0.039999999
2020-03-24,-0.033
2020-03-25,-0.07
2020-03-26,-0.105
2020-03-27,-0.057999998
2020-03-30,0.013
2020-03-31,0.029999999
2020-04-01,0.063000001
2020-04-02,0.064999998
2020-04-03,0.057999998
2020-04-06,0.059999999
2020-04-07,0.12800001
2020-04-08,0.185
2020-04-09,0.20999999
2020-04-13,0.2
2020-04-14,0.16500001
2020-04-15,0.115
2020-04-16,0.11
2020-04-17,0.103
2020-04-20,0.07
2020-04-21,0.097999997
2020-04-22,0.093000002
2020-04-23,0.093000002
2020-04-24,0.1
2020-04-27,0.093000002
2020-04-28,0.085000001
2020-04-29,0.090000004
2020-04-30,0.090000004
2020-05-01,0.093000002
2020-05-04,0.090000004
2020-05-05,0.11
2020-05-06,0.108
2020-05-07,0.094999999
2020-05-08,0.094999999
2020-05-11,0.105
2020-05-12,0.123
2020-05-13,0.115
2020-05-14,0.105
2020-05-15,0.103
2020-05-18,0.105
2020-05-19,0.118
2020-05-20,0.118
2020-05-21,0.11
2020-05-22,0.11
2020-05-26,0.118
2020-05-27,0.13500001
2020-05-28,0.138
2020-05-29,0.12800001
2020-06-01,0.12800001
2020-06-02,0.145
2020-06-03,0.148
2020-06-04,0.14
2020-06-05,0.145
2020-06-08,0.153
2020-06-09,0.16500001
2020-06-10,0.16500001
2020-06-11,0.153
2020-06-12,0.15000001
2020-06-15,0.155
2020-06-16,0.16
2020-06-17,0.16500001
2020-06-18,0.14
2020-06-19,0.14300001
2020-06-22,0.14
2020-06-23,0.14
2020-06-24,0.13500001
2020-06-25,0.13
2020-06-26,0.133
2020-06-29,0.125
2020-06-30,0.13500001
2020-07-01,0.13
2020-07-02,0.133
2020-07-06,0.12800001
2020-07-07,0.14
2020-07-08,0.13500001
2020-07-09,0.123
2020-07-10,0.12
2020-07-13,0.125
2020-07-14,0.133
2020-07-15,0.125
2020-07-16,0.103
2020-07-17,0.105
2020-07-20,0.105
2020-07-21,0.11
2020-07-22,0.1
2020-07-23,0.103
2020-07-24,0.097999997
2020-07-27,0.093000002
2020-07-28,0.103
2020-07-29,0.090000004
2020-07-30,0.085000001
2020-07-31,0.082999997
2020-08-03,0.078000002
2020-08-04,0.090000004
2020-08-05,0.094999999
2020-08-06,0.088
2020-08-07,0.088
2020-08-10,0.088
2020-08-11,0.1
2020-08-12,0.1
2020-08-13,0.090000004
2020-08-14,0.088
2020-08-17,0.085000001
2020-08-18,0.1
2020-08-19,0.094999999
2020-08-20,0.088
2020-08-21,0.088
2020-08-24,0.085000001
2020-08-25,0.094999999
2020-08-26,0.093000002
2020-08-27,0.094999999
2020-08-28,0.094999999
2020-08-31,0.094999999
2020-09-01,0.1
2020-09-02,0.1
2020-09-03,0.1
2020-09-04,0.103
2020-09-08,0.108
2020-09-09,0.105
2020-09-10,0.103
2020-09-11,0.103
2020-09-14,0.1
2020-09-15,0.1
2020-09-16,0.1
2020-09-17,0.085000001
2020-09-18,0.082999997
2020-09-21,0.079999998
2020-09-22,0.088
2020-09-23,0.088
2020-09-24,0.093000002
2020-09-25,0.090000004
2020-09-28,0.088
2020-09-29,0.085000001
2020-09-30,0.085000001
2020-10-01,0.082999997
2020-10-02,0.085000001
2020-10-05,0.085000001
2020-10-06,0.088
2020-10-07,0.088
2020-10-08,0.088
2020-10-09,0.093000002
2020-10-12,0.090000004
2020-10-13,0.093000002
2020-10-14,0.1
2020-10-15,0.094999999
2020-10-16,0.090000004
2020-10-19,0.090000004
2020-10-20,0.094999999
2020-10-21,0.090000004
2020-10-22,0.085000001
2020-10-23,0.082999997
2020-10-26,0.079999998
2020-10-27,0.090000004
2020-10-28,0.090000004
2020-10-29,0.082999997
2020-10-30,0.082999997
2020-11-02,0.082999997
2020-11-03,0.090000004
2020-11-04,0.082999997
2020-11-05,0.085000001
2020-11-06,0.082999997
2020-11-09,0.088
2020-11-10,0.090000004
2020-11-11,0.090000004
2020-11-12,0.085000001
2020-11-13,0.082999997
2020-11-16,0.075000003
2020-11-17,0.079999998
2020-11-18,0.075000003
2020-11-19,0.059999999
2020-11-20,0.057999998
2020-11-23,0.07
2020-11-24,0.079999998
2020-11-25,0.079999998
2020-11-27,0.072999999
2020-11-30,0.075000003
2020-12-01,0.079999998
2020-12-02,0.075000003
2020-12-03,0.075000003
2020-12-04,0.075000003
2020-12-07,0.07
2020-12-08,0.068000004
2020-12-09,0.07
2020-12-10,0.07
2020-12-11,0.064999998
2020-12-14,0.059999999
2020-12-15,0.07
2020-12-16,0.075000003
2020-12-17,0.079999998
2020-12-18,0.079999998
2020-12-21,0.078000002
2020-12-22,0.078000002
2020-12-23,0.075000003
2020-12-24,0.075000003
2020-12-28,0.079999998
2020-12-29,0.090000004
2020-12-30,0.07
2020-12-31,0.064999998
2021-01-04,0.068000004
2021-01-05,0.078000002
2021-01-06,0.078000002
2021-01-07,0.079999998
2021-01-08,0.079999998
2021-01-11,0.079999998
2021-01-12,0.079999998
2021-01-13,0.079999998
2021-01-14,0.075000003
2021-01-15,0.075000003
2021-01-19,0.072999999
2021-01-20,0.075000003
2021-01-21,0.072999999
2021-01-22,0.07
2021-01-25,0.07
2021-01-26,0.068000004
2021-01-27,0.059999999
2021-01-28,0.055
2021-01-29,0.048
2021-02-01,0.048
2021-02-02,0.050000001
2021-02-03,0.039999999
2021-02-04,0.029999999
2021-02-05,0.023
2021-02-08,0.02
2021-02-09,0.033
2021-02-10,0.035
2021-02-11,0.035
2021-02-12,0.035
2021-02-16,0.035
2021-02-17,0.035
2021-02-18,0.023
2021-02-19,0.023
2021-02-22,0.025
2021-02-23,0.023
2021-02-24,0.028000001
2021-02-25,0.033
2021-02-26,0.035
2021-03-01,0.028000001
2021-03-02,0.035
2021-03-03,0.035
2021-03-04,0.028000001
2021-03-05,0.028000001
2021-03-08,0.035
2021-03-09,0.035
2021-03-10,0.029999999
2021-03-11,0.028000001
2021-03-12,0.025
2021-03-15,0.015
2021-03-16,0.0080000004
2021-03-17,0.0080000004
2021-03-18,0.003
2021-03-19,0.0049999999
2021-03-22,0.0049999999
2021-03-23,0.0099999998
2021-03-24,0.015
2021-03-25,0.015
2021-03-26,0.015
2021-03-29,0.0080000004
2021-03-30,0.013
2021-03-31,0.013
2021-04-01,0.0080000004
2021-04-05,0.015
2021-04-06,0.015
2021-04-07,0.0099999998
2021-04-08,0.0049999999
2021-04-09,0.003
2021-04-12,0.0099999998
2021-04-13,0.015
2021-04-14,0.015
2021-04-15,0.0099999998
2021-04-16,0.0080000004
2021-04-19,0.015
2021-04-20,0.015
2021-04-21,0.013
2021-04-22,0.015
2021-04-23,0.015
2021-04-26,0.0080000004
2021-04-27,0.0099999998
2021-04-28,0.0080000004
2021-04-29,0.0080000004
2021-04-30,0.003
2021-05-03,0.0049999999
2021-05-04,0.0099999998
2021-05-05,0.0080000004
2021-05-06,0.0080000004
2021-05-07,0.0080000004
2021-05-10,0.0049999999
2021-05-11,0.0099999998
2021-05-12,0.0099999998
2021-05-13,0.0080000004
2021-05-14,0.0049999999
2021-05-17,0.0049999999
2021-05-18,0.0099999998
2021-05-19,0.0049999999
2021-05-20,0.003
2021-05-21,0.003
2021-05-24,0.003
2021-05-25,0.0099999998
2021-05-26,0.0049999999
2021-05-27,0.0049999999
2021-05-28,0.0080000004
2021-06-01,0.0099999998
2021-06-02,0.015
2021-06-03,0.015
2021-06-04,0.015
2021-06-07,0.017999999
2021-06-08,0.02
2021-06-09,0.02
2021-06-10,0.02
2021-06-11,0.017999999
2021-06-14,0.015
2021-06-15,0.02
2021-06-16,0.028000001
2021-06-17,0.028000001
2021-06-18,0.028000001
2021-06-21,0.029999999
2021-06-22,0.037999999
2021-06-23,0.039999999
2021-06-24,0.043000001
2021-06-25,0.043000001
2021-06-28,0.039999999
2021-06-29,0.039999999
2021-06-30,0.039999999
2021-07-01,0.039999999
2021-07-02,0.037999999
2021-07-06,0.039999999
2021-07-07,0.043000001
2021-07-08,0.043000001
2021-07-09,0.043000001
2021-07-12,0.043000001
2021-07-13,0.045000002
2021-07-14,0.045000002
2021-07-15,0.037999999
2021-07-16,0.037999999
2021-07-19,0.039999999
2021-07-20,0.045000002
2021-07-21,0.045000002
2021-07-22,0.043000001
2021-07-23,0.045000002
2021-07-26,0.039999999
2021-07-27,0.045000002
2021-07-28,0.045000002
2021-07-29,0.039999999
2021-07-30,0.039999999
2021-08-02,0.037999999
2021-08-03,0.045000002
2021-08-04,0.045000002
2021-08-05,0.043000001
2021-08-06,0.043000001
2021-08-09,0.045000002
2021-08-10,0.050000001
2021-08-11,0.045000002
2021-08-12,0.043000001
2021-08-13,0.045000002
2021-08-16,0.057999998
2021-08-17,0.063000001
2021-08-18,0.055
2021-08-19,0.043000001
2021-08-20,0.043000001
2021-08-23,0.039999999
2021-08-24,0.048
2021-08-25,0.045000002
2021-08-26,0.043000001
2021-08-27,0.043000001
2021-08-30,0.037999999
2021-08-31,0.039999999
2021-09-01,0.039999999
2021-09-02,0.039999999
2021-09-03,0.039999999
2021-09-07,0.035
2021-09-08,0.039999999
2021-09-09,0.037999999
2021-09-10,0.037999999
2021-09-13,0.037999999
2021-09-14,0.035
2021-09-15,0.035
2021-09-16,0.029999999
2021-09-17,0.028000001
2021-09-20,0.025
2021-09-21,0.02
2021-09-22,0.025
2021-09-23,0.025
2021-09-24,0.025
2021-09-27,0.025
2021-09-28,0.029999999
2021-09-29,0.029999999
2021-09-30,0.028000001
2021-10-01,0.028000001
2021-10-04,0.028000001
2021-10-05,0.035
2021-10-06,0.039999999
2021-10-07,0.039999999
2021-10-08,0.039999999
2021-10-11,0.039999999
2021-10-12,0.039999999
2021-10-13,0.045000002
2021-10-14,0.039999999
2021-10-15,0.037999999
2021-10-18,0.043000001
2021-10-19,0.050000001
2021-10-20,0.050000001
2021-10-21,0.050000001
2021-10-22,0.050000001
2021-10-25,0.050000001
2021-10-26,0.050000001
2021-10-27,0.050000001
2021-10-28,0.048
2021-10-29,0.048
2021-11-01,0.039999999
2021-11-02,0.045000002
2021-11-03,0.045000002
2021-11-04,0.035
2021-11-05,0.039999999
2021-11-08,0.035
2021-11-09,0.039999999
2021-11-10,0.045000002
2021-11-11,0.039999999
2021-11-12,0.043000001
2021-11-15,0.037999999
2021-11-16,0.039999999
2021-11-17,0.045000002
2021-11-18,0.045000002
2021-11-19,0.045000002
2021-11-22,0.039999999
2021-11-23,0.045000002
2021-11-24,0.050000001
2021-11-26,0.043000001
2021-11-29,0.037999999
2021-11-30,0.048
2021-12-01,0.050000001
2021-12-02,0.043000001
2021-12-03,0.043000001
2021-12-06,0.043000001
2021-12-07,0.057999998
2021-12-08,0.059999999
2021-12-09,0.052999999
2021-12-10,0.050000001
2021-12-13,0.043000001
2021-12-14,0.048
2021-12-15,0.045000002
2021-12-16,0.035
2021-12-17,0.029999999
2021-12-20,0.037999999
2021-12-21,0.064999998
2021-12-22,0.064999998
2021-12-23,0.057999998
2021-12-27,0.043000001
2021-12-28,0.050000001
2021-12-29,0.045000002
2021-12-30,0.025
2021-12-31,0.033
2022-01-03,0.052999999
2022-01-04,0.079999998
2022-01-05,0.085000001
2022-01-06,0.090000004
2022-01-07,0.088
2022-01-10,0.090000004
2022-01-11,0.118
2022-01-12,0.115
2022-01-13,0.11
2022-01-14,0.118
2022-01-18,0.13
2022-01-19,0.16500001
2022-01-20,0.168
2022-01-21,0.15800001
2022-01-24,0.155
2022-01-25,0.185
2022-01-26,0.178
2022-01-27,0.185
2022-01-28,0.17299999
2022-01-31,0.17299999
2022-02-01,0.20299999
2022-02-02,0.185
2022-02-03,0.193
2022-02-04,0.223
2022-02-07,0.20299999
2022-02-08,0.27500001
2022-02-09,0.27000001
2022-02-10,0.37
2022-02-11,0.338
2022-02-14,0.36000001
2022-02-15,0.40000001
2022-02-16,0.373
2022-02-17,0.345
2022-02-18,0.31799999
2022-02-22,0.33000001
2022-02-23,0.34
2022-02-24,0.28299999
2022-02-25,0.29800001
2022-02-28,0.28799999
2022-03-01,0.31299999
2022-03-02,0.32499999
2022-03-03,0.33500001
2022-03-04,0.30500001
2022-03-07,0.30500001
2022-03-08,0.36000001
2022-03-09,0.37
2022-03-10,0.36000001
2022-03-11,0.36500001
2022-03-14,0.37799999
2022-03-15,0.44800001
2022-03-16,0.433
2022-03-17,0.36000001
2022-03-18,0.38299999
2022-03-21,0.45500001
2022-03-22,0.51999998
2022-03-23,0.47999999
2022-03-24,0.48300001
2022-03-25,0.51999998
2022-03-28,0.50800002
2022-03-29,0.55500001
2022-03-30,0.52499998
2022-03-31,0.493
2022-04-01,0.5
2022-04-04,0.53799999
2022-04-05,0.66799998
2022-04-06,0.66299999
2022-04-07,0.66000003
2022-04-08,0.66799998
2022-04-11,0.68000001
2022-04-12,0.73799998
2022-04-13,0.74000001
2022-04-14,0.74800003
2022-04-18,0.755
2022-04-19,0.833
2022-04-20,0.79500002
2022-04-21,0.80000001
2022-04-22,0.77999997
2022-04-25,0.79799998
2022-04-26,0.833
2022-04-27,0.80800003
2022-04-28,0.78500003
2022-04-29,0.80800003
2022-05-02,0.76499999
2022-05-03,0.89499998
2022-05-04,0.833
2022-05-05,0.80299997
2022-05-06,0.815
2022-05-09,0.80000001
2022-05-10,0.87800002
2022-05-11,0.88300002
2022-05-12,0.90499997
2022-05-13,0.94300002
2022-05-16,0.98000002
2022-05-17,1.038
2022-05-18,1.003
2022-05-19,1
2022-05-20,0.97799999
2022-05-23,0.99299997
2022-05-24,1.043
2022-05-25,1.045
2022-05-26,1.028
2022-05-27,1.025
2022-05-31,1.03
2022-06-01,1.103
2022-06-02,1.113
2022-06-03,1.135
2022-06-06,1.16
2022-06-07,1.225
2022-06-08,1.233
2022-06-09,1.238
2022-06-10,1.288
2022-06-13,1.498
2022-06-14,1.743
2022-06-15,1.6950001
2022-06-16,1.483
2022-06-17,1.51
2022-06-21,1.488
2022-06-22,1.545
2022-06-23,1.5599999
2022-06-24,1.598
2022-06-27,1.633
2022-06-28,1.738
2022-06-29,1.705
2022-06-30,1.6
2022-07-01,1.603
2022-07-05,1.63
2022-07-06,1.84
2022-07-07,1.853
2022-07-08,1.8430001
2022-07-11,1.9529999
2022-07-12,2.1129999
2022-07-13,2.323
2022-07-14,2.273
2022-07-15,2.24
2022-07-18,2.26
2022-07-19,2.45
2022-07-20,2.378
2022-07-21,2.3599999
2022-07-22,2.355
2022-07-25,2.3929999
2022-07-26,2.4749999
2022-07-27,2.3829999
2022-07-28,2.3080001
2022-07-29,2.2980001
2022-08-01,2.2650001
2022-08-02,2.4630001
2022-08-03,2.428
2022-08-04,2.378
2022-08-05,2.4100001
2022-08-08,2.46
2022-08-09,2.5699999
2022-08-10,2.5350001
2022-08-11,2.49
2022-08-12,2.5
2022-08-15,2.513
2022-08-16,2.598
2022-08-17,2.5680001
2022-08-18,2.5650001
2022-08-19,2.5799999
2022-08-22,2.648
2022-08-23,2.7030001
2022-08-24,2.7130001
2022-08-25,2.73
2022-08-26,2.7550001
2022-08-29,2.7980001
2022-08-30,2.8729999
2022-08-31,2.8599999
2022-09-01,2.8629999
2022-09-02,2.8199999
2022-09-06,2.845
2022-09-07,2.9330001
2022-09-08,2.95
2022-09-09,2.9679999
2022-09-12,2.9949999
2022-09-13,3.1530001
2022-09-14,3.128
2022-09-15,3.095
2022-09-16,3.0699999
2022-09-19,3.0350001
2022-09-20,3.243
2022-09-21,3.1900001
2022-09-22,3.1300001
2022-09-23,3.108
2022-09-26,3.165
2022-09-27,3.25
2022-09-28,3.23
2022-09-29,3.2179999
2022-09-30,3.1800001
2022-10-03,3.1500001
2022-10-04,3.3150001
2022-10-05,3.293
2022-10-06,3.2880001
2022-10-07,3.293
2022-10-10,3.2850001
2022-10-11,3.3399999
2022-10-12,3.533
2022-10-13,3.5829999
2022-10-14,3.628
2022-10-17,3.688
2022-10-18,3.8329999
2022-10-19,3.8929999
2022-10-20,3.8900001
2022-10-21,3.885
2022-10-24,3.9130001
2022-10-25,3.9649999
2022-10-26,3.9300001
2022-10-27,3.9300001
2022-10-28,3.97
2022-10-31,3.9749999
2022-11-01,4.0500002
2022-11-02,4.0250001
2022-11-03,4.0250001
2022-11-04,4.013
2022-11-07,3.983
2022-11-08,4.0900002
2022-11-09,4.0929999
2022-11-10,4.0549998
2022-11-11,4.0630002
2022-11-14,4.0679998
2022-11-15,4.1300001
2022-11-16,4.125
2022-11-17,4.1129999
2022-11-18,4.1350002
2022-11-21,4.098
2022-11-22,4.198
2022-11-23,4.1999998
2022-11-25,4.1750002
2022-11-28,4.1830001
2022-11-29,4.2529998
2022-11-30,4.2529998
2022-12-01,4.1929998
2022-12-02,4.2080002
2022-12-05,4.158
2022-12-06,4.2199998
2022-12-07,4.1830001
2022-12-08,4.1500001
2022-12-09,4.1729999
2022-12-12,4.1680002
2022-12-13,4.2480001
2022-12-14,4.2199998
2022-12-15,4.2129998
2022-12-16,4.1630001
2022-12-19,4.1630001
2022-12-20,4.23
2022-12-21,4.2049999
2022-12-22,4.2080002
2022-12-23,4.1929998
2022-12-27,4.1950002
2022-12-28,4.3379998
2022-12-29,4.2950001
2022-12-30,4.2600002
2023-01-03,4.2550001
2023-01-04,4.4000001
2023-01-05,4.4980001
2023-01-06,4.493
2023-01-09,4.4829998
2023-01-10,4.5650001
2023-01-11,4.5549998
2023-01-12,4.4749999
2023-01-13,4.4879999
2023-01-17,4.493
2023-01-18,4.5300002
2023-01-19,4.5250001
2023-01-20,4.5380001
2023-01-23,4.5349998
2023-01-24,4.573
2023-01-25,4.5450001
2023-01-26,4.5430002
2023-01-27,4.5479999
2023-01-30,4.5349998
2023-01-31,4.5700002
2023-02-01,4.52
2023-02-02,4.5100002
2023-02-03,4.5229998
2023-02-06,4.533
2023-02-07,4.5700002
2023-02-08,4.585
2023-02-09,4.6129999
2023-02-10,4.6350002
2023-02-13,4.645
2023-02-14,4.6599998
2023-02-15,4.6430001
2023-02-16,4.665
2023-02-17,4.6799998
2023-02-21,4.6880002
2023-02-22,4.6950002
2023-02-23,4.6900001
2023-02-24,4.7030001
2023-02-27,4.665
2023-02-28,4.71
2023-03-01,4.7249999
2023-03-02,4.723
2023-03-03,4.7179999
2023-03-06,4.7280002
2023-03-07,4.8449998
2023-03-08,4.8829999
2023-03-09,4.848
2023-03-10,4.803
2023-03-13,4.658
2023-03-14,4.6799998
2023-03-15,4.5580001
2023-03-16,4.5300002
2023-03-17,4.2930002
2023-03-20,4.4650002
2023-03-21,4.605
2023-03-22,4.5630002
2023-03-23,4.5029998
2023-03-24,4.5029998
2023-03-27,4.5830002
2023-03-28,4.6279998
2023-03-29,4.6300001
2023-03-30,4.665
2023-03-31,4.585
2023-04-03,4.5700002
2023-04-04,4.7280002
2023-04-05,4.7049999
2023-04-06,4.71
2023-04-10,4.8379998
2023-04-11,4.8800001
2023-04-12,4.8600001
2023-04-13,4.855
2023-04-14,4.9029999
2023-04-17,4.9229999
2023-04-18,5.0300002
2023-04-19,4.9949999
2023-04-20,4.9450002
2023-04-21,4.9499998
2023-04-24,4.8730001
2023-04-25,4.9530001
2023-04-26,4.9850001
2023-04-27,5
2023-04-28,4.9229999
2023-05-01,4.8649998
2023-05-02,5.04
2023-05-03,5.0949998
2023-05-04,5.0549998
2023-05-05,5.0799999
2023-05-08,5.0830002
2023-05-09,5.1230001
2023-05-10,5.0650001
2023-05-11,5.0149999
2023-05-12,5.0279999
2023-05-15,5
2023-05-16,5.0580001
2023-05-17,5.0879998
2023-05-18,5.125
2023-05-19,5.085
2023-05-22,5.0949998
2023-05-23,5.1529999
2023-05-24,5.1849999
2023-05-25,5.1630001
2023-05-26,5.1149998
2023-05-30,5.1430001
2023-05-31,5.2480001
2023-06-01,5.2030001
2023-06-02,5.2150002
2023-06-05,5.1430001
2023-06-06,5.158
2023-06-07,5.1529999
2023-06-08,5.0999999
2023-06-09,5.0949998
2023-06-12,5.0949998
2023-06-13,5.0999999
2023-06-14,5.0799999
2023-06-15,5.0549998
2023-06-16,5.0650001
2023-06-20,5.0749998
2023-06-21,5.1350002
2023-06-22,5.1350002
2023-06-23,5.138
2023-06-26,5.1550002
2023-06-27,5.1799998
2023-06-28,5.1700001
2023-06-29,5.1750002
2023-06-30,5.1529999
2023-07-03,5.145
2023-07-05,5.1929998
2023-07-06,5.2129998
2023-07-07,5.2129998
2023-07-10,5.2249999
2023-07-11,5.243
2023-07-12,5.23
2023-07-13,5.223
2023-07-14,5.2150002
2023-07-17,5.2329998
2023-07-18,5.2480001
2023-07-19,5.2449999
2023-07-20,5.243
2023-07-21,5.2480001
2023-07-24,5.25
2023-07-25,5.2649999
2023-07-26,5.2680001
2023-07-27,5.2680001
2023-07-28,5.2550001
2023-07-31,5.2480001
2023-08-01,5.2600002
2023-08-02,5.2600002
2023-08-03,5.2579999
2023-08-04,5.2529998
2023-08-07,5.2600002
2023-08-08,5.2750001
2023-08-09,5.2800002
2023-08-10,5.2680001
2023-08-11,5.2649999
2023-08-14,5.27
2023-08-15,5.2800002
2023-08-16,5.2849998
2023-08-17,5.2779999
2023-08-18,5.2779999
2023-08-21,5.2800002
2023-08-22,5.2950001
2023-08-23,5.2950001
2023-08-24,5.303
2023-08-25,5.3150001
2023-08-28,5.323
2023-08-29,5.3200002
2023-08-30,5.3150001
2023-08-31,5.2979999
2023-09-01,5.2680001
2023-09-05,5.2779999
2023-09-06,5.3000002
2023-09-07,5.283
2023-09-08,5.2930002
2023-09-11,5.2930002
2023-09-12,5.3049998
2023-09-13,5.3049998
2023-09-14,5.2950001
2023-09-15,5.2979999
2023-09-18,5.3000002
2023-09-19,5.3099999
2023-09-20,5.3150001
2023-09-21,5.3049998
2023-09-22,5.3049998
2023-09-25,5.3130002
2023-09-26,5.3249998
2023-09-27,5.3299999
2023-09-28,5.3080001
2023-09-29,5.3000002
2023-10-02,5.3150001
2023-10-03,5.3400002
2023-10-04,5.335
2023-10-05,5.3249998
2023-10-06,5.348
2023-10-09,5.348
2023-10-10,5.323
2023-10-11,5.335
2023-10-12,5.335
2023-10-13,5.3280001
2023-10-16,5.3280001
2023-10-17,5.3400002
2023-10-18,5.3299999
2023-10-19,5.3099999
2023-10-20,5.3000002
2023-10-23,5.2930002
2023-10-24,5.3080001
2023-10-25,5.3150001
2023-10-26,5.3000002
2023-10-27,5.3049998
2023-10-30,5.3130002
2023-10-31,5.3200002
2023-11-01,5.3000002
2023-11-02,5.27
2023-11-03,5.2529998
2023-11-06,5.2600002
2023-11-07,5.2729998
2023-11-08,5.2680001
2023-11-09,5.263
2023-11-10,5.25
2023-11-13,5.2600002
2023-11-14,5.2529998
2023-11-15,5.2550001
2023-11-16,5.243
2023-11-17,5.2329998
2023-11-20,5.2379999
2023-11-21,5.2550001
2023-11-22,5.2649999
2023-11-24,5.2529998
2023-11-27,5.2579999
2023-11-28,5.2600002
2023-11-29,5.2399998
2023-11-30,5.2379999
2023-12-01,5.2150002
2023-12-04,5.223
2023-12-05,5.243
2023-12-06,5.243
2023-12-07,5.2329998
2023-12-08,5.2329998
2023-12-11,5.2329998
2023-12-12,5.2480001
2023-12-13,5.223
2023-12-14,5.2150002
2023-12-15,5.2249999
2023-12-18,5.2249999
2023-12-19,5.2379999
2023-12-20,5.23
2023-12-21,5.21
2023-12-22,5.2080002
2023-12-26,5.2030001
2023-12-27,5.2350001
2023-12-28,5.2179999
2023-12-29,5.1799998
2024-01-02,5.2129998
2024-01-03,5.2350001
2024-01-04,5.2280002
2024-01-05,5.2199998
2024-01-08,5.2199998
2024-01-09,5.23
2024-01-10,5.2249999
2024-01-11,5.2179999
2024-01-12,5.198
2024-01-16,5.2030001
2024-01-17,5.2150002
2024-01-18,5.1999998
2024-01-19,5.198
2024-01-22,5.1999998
2024-01-23,5.21
2024-01-24,5.21
2024-01-25,5.1950002
2024-01-26,5.1999998
2024-01-29,5.1999998
2024-01-30,5.2030001
2024-01-31,5.1880002
2024-02-01,5.1999998
2024-02-02,5.21
2024-02-05,5.2280002
2024-02-06,5.223
2024-02-07,5.223
2024-02-08,5.2179999
2024-02-09,5.2199998
2024-02-12,5.2280002
2024-02-13,5.2329998
2024-02-14,5.2179999
2024-02-15,5.2179999
2024-02-16,5.223
2024-02-20,5.2129998
2024-02-21,5.2350001
2024-02-22,5.2329998
2024-02-23,5.2399998
2024-02-26,5.25
2024-02-27,5.2449999
2024-02-28,5.2399998
2024-02-29,5.223
2024-03-01,5.2150002
2024-03-04,5.223
2024-03-05,5.2249999
2024-03-06,5.23
2024-03-07,5.2280002
2024-03-08,5.2280002
2024-03-11,5.2399998
2024-03-12,5.2399998
2024-03-13,5.2379999
2024-03-14,5.2379999
2024-03-15,5.2379999
2024-03-18,5.2379999
2024-03-19,5.2379999
2024-03-20,5.2280002
2024-03-21,5.2280002
2024-03-22,5.2199998
2024-03-25,5.2179999
2024-03-26,5.2179999
2024-03-27,5.2150002
2024-03-28,5.2030001
2024-04-01,5.2179999
2024-04-02,5.2129998
2024-04-03,5.21
2024-04-04,5.2030001
2024-04-05,5.2150002
2024-04-08,5.223
2024-04-09,5.2199998
2024-04-10,5.243
2024-04-11,5.2379999
2024-04-12,5.23
2024-04-15,5.2379999
2024-04-16,5.2329998
2024-04-17,5.2399998
2024-04-18,5.243
2024-04-19,5.2449999
2024-04-22,5.2449999
2024-04-23,5.2449999
2024-04-24,5.2550001
2024-04-25,5.2449999
2024-04-26,5.2379999
2024-04-29,5.243
2024-04-30,5.2449999
2024-05-01,5.25
2024-05-02,5.2379999
2024-05-03,5.2350001
2024-05-06,5.2399998
2024-05-07,5.243
2024-05-08,5.2449999
2024-05-09,5.2399998
2024-05-10,5.243
2024-05-13,5.2399998
2024-05-14,5.2350001
2024-05-15,5.2399998
2024-05-16,5.243
2024-05-17,5.2399998
2024-05-20,5.2399998
2024-05-21,5.2399998
2024-05-22,5.2449999
2024-05-23,5.2449999
2024-05-24,5.2449999
2024-05-28,5.2480001
2024-05-29,5.25
2024-05-30,5.2480001
2024-05-31,5.2449999
2024-06-03,5.243
2024-06-04,5.2399998
2024-06-05,5.2399998
2024-06-06,5.2329998
2024-06-07,5.2379999
2024-06-10,5.2329998
2024-06-11,5.2449999
2024-06-12,5.243
2024-06-13,5.2399998
2024-06-14,5.2399998
2024-06-17,5.243
2024-06-18,5.2350001
2024-06-20,5.2249999
2024-06-21,5.2150002
2024-06-24,5.21
2024-06-25,5.223
2024-06-26,5.23
2024-06-27,5.223
2024-06-28,5.2129998
2024-07-01,5.2179999
2024-07-02,5.2280002
2024-07-03,5.23
2024-07-05,5.2249999
2024-07-08,5.2179999
2024-07-09,5.2249999
2024-07-10,5.2249999
2024-07-11,5.198
2024-07-12,5.198
2024-07-15,5.1929998
2024-07-16,5.1929998
2024-07-17,5.1950002
2024-07-18,5.1929998
2024-07-19,5.1929998
2024-07-22,5.1900001
2024-07-23,5.1729999
2024-07-24,5.1700001
2024-07-25,5.1599998
2024-07-26,5.1550002
2024-07-29,5.1469998
2024-07-30,5.1350002
2024-07-31,5.1350002
2024-08-01,5.1149998
2024-08-02,5.0300002
2024-08-05,5.0599999
2024-08-06,5.0799999
2024-08-07,5.0799999
2024-08-08,5.0830002
2024-08-09,5.0749998
2024-08-12,5.073
2024-08-13,5.053
2024-08-14,5.0630002
2024-08-15,5.0799999
2024-08-16,5.0749998
2024-08-19,5.0630002
2024-08-20,5.033
2024-08-21,5.0050001
2024-08-22,5.0250001
2024-08-23,5
2024-08-26,4.9980001
2024-08-27,4.9679999
2024-08-28,4.9549999
2024-08-29,4.9650002
2024-08-30,4.9679999
2024-09-03,4.9699998
2024-09-04,4.948
2024-09-05,4.9320002
2024-09-06,4.908
2024-09-09,4.895
2024-09-10,4.835
2024-09-11,4.875
2024-09-12,4.8400002
2024-09-13,4.763
2024-09-16,4.7449999
2024-09-17,4.7350001
2024-09-18,4.6149998
2024-09-19,4.5929999
2024-09-20,4.5450001
2024-09-23,4.5029998
2024-09-24,4.4949999
2024-09-25,4.487
2024-09-26,4.4679999
2024-09-27,4.4819999
2024-09-30,4.4980001
2024-10-01,4.4819999
2024-10-02,4.473
2024-10-03,4.4650002
2024-10-04,4.5050001
2024-10-07,4.5250001
2024-10-08,4.5279999
2024-10-09,4.5349998
2024-10-10,4.5300002
2024-10-11,4.5149999
2024-10-14,4.5180001
2024-10-15,4.5149999
2024-10-16,4.5029998
2024-10-17,4.5149999
2024-10-18,4.513
2024-10-21,4.5180001
2024-10-22,4.5
2024-10-23,4.5050001
2024-10-24,4.487
2024-10-25,4.5100002
2024-10-28,4.4819999
2024-10-29,4.48
2024-10-30,4.4629998
2024-10-31,4.4320002
2024-11-01,4.4000001
2024-11-04,4.4180002
2024-11-05,4.4229999
2024-11-06,4.4299998
2024-11-07,4.4200001
2024-11-08,4.4229999
2024-11-11,4.415
2024-11-12,4.4229999
2024-11-13,4.3899999
2024-11-14,4.3829999
2024-11-15,4.3930001
2024-11-18,4.4029999
2024-11-19,4.408
2024-11-20,4.4099998
2024-11-21,4.4130001
2024-11-22,4.415
2024-11-25,4.4050002
2024-11-26,4.395
2024-11-27,4.3850002
2024-11-29,4.3730001
2024-12-02,4.3800001
2024-12-03,4.3569999
2024-12-04,4.3449998
2024-12-05,4.3299999
2024-12-06,4.2950001
2024-12-09,4.2930002
2024-12-10,4.2849998
2024-12-11,4.2550001
2024-12-12,4.223
2024-12-13,4.2179999
2024-12-16,4.2280002
2024-12-17,4.2399998
2024-12-18,4.2319999
2024-12-19,4.2199998
2024-12-20,4.2150002
2024-12-23,4.2150002
2024-12-24,4.1999998
2024-12-26,4.2150002
2024-12-27,4.178
2024-12-30,4.1820002
2024-12-31,4.2080002
2025-01-02,4.2080002
2025-01-03,4.1929998
2025-01-06,4.1900001
2025-01-07,4.2030001
2025-01-08,4.2049999
2025-01-10,4.2129998
2025-01-13,4.2179999
2025-01-14,4.2129998
2025-01-15,4.2049999
2025-01-16,4.1950002
2025-01-17,4.1929998
2025-01-21,4.197
2025-01-22,4.2150002
2025-01-23,4.2129998
2025-01-24,4.2049999
2025-01-27,4.1880002
2025-01-28,4.1900001
2025-01-29,4.1880002
2025-01-30,4.1820002
2025-01-31,4.1880002
2025-02-03,4.1900001
2025-02-04,4.2129998
2025-02-05,4.21
2025-02-06,4.2129998
2025-02-07,4.2280002
2025-02-10,4.2280002
2025-02-11,4.2249999
2025-02-12,4.2280002
2025-02-13,4.2129998
2025-02-14,4.2129998
2025-02-18,4.2129998
2025-02-19,4.2179999
2025-02-20,4.2049999
2025-02-21,4.197
2025-02-24,4.1900001
2025-02-25,4.1820002
2025-02-26,4.1929998
2025-02-27,4.1950002
2025-02-28,4.1929998
2025-03-03,4.1929998
2025-03-04,4.1950002
2025-03-05,4.2049999
2025-03-06,4.197
2025-03-07,4.197
2025-03-10,4.1849999
2025-03-11,4.1950002
2025-03-12,4.197
2025-03-13,4.1880002
2025-03-14,4.1880002
2025-03-17,4.1880002
2025-03-18,4.1950002
2025-03-19,4.1900001
2025-03-20,4.1820002
2025-03-21,4.1849999
2025-03-24,4.1820002
2025-03-25,4.1820002
2025-03-26,4.1900001
2025-03-27,4.1880002
2025-03-28,4.1880002
2025-03-31,4.1929998
2025-04-01,4.1999998
2025-04-02,4.2030001
2025-04-03,4.1849999
2025-04-04,4.1550002
2025-04-07,4.1500001
2025-04-08,4.178
2025-04-09,4.2280002
2025-04-10,4.197
2025-04-11,4.2129998
2025-04-14,4.1950002
2025-04-15,4.1999998
2025-04-16,4.2080002
2025-04-17,4.2049999
2025-04-21,4.21
2025-04-22,4.2129998
2025-04-23,4.2080002
2025-04-24,4.197
2025-04-25,4.1929998
2025-04-28,4.1929998
2025-04-29,4.1900001
2025-04-30,4.1900001
2025-05-01,4.1849999
2025-05-02,4.2080002
2025-05-05,4.2080002
2025-05-06,4.21
2025-05-07,4.2150002
2025-05-08,4.2150002
2025-05-09,4.2150002
2025-05-12,4.2800002
2025-05-13,4.2849998
2025-05-14,4.2849998
2025-05-15,4.2579999
2025-05-16,4.237
2025-05-19,4.2399998
2025-05-20,4.2480001
2025-05-21,4.2350001
2025-05-22,4.2319999
2025-05-23,4.23
2025-05-27,4.2030001
2025-05-28,4.2249999
2025-05-29,4.23
2025-05-30,4.2319999
2025-06-02,4.2319999
2025-06-03,4.2350001
2025-06-04,4.2399998
2025-06-05,4.2319999
2025-06-06,4.2319999
2025-06-09,4.2399998
2025-06-10,4.25
2025-06-11,4.25
2025-06-12,4.2579999
2025-06-13,4.2399998
2025-06-16,4.2480001
2025-06-17,4.2179999
2025-06-18,4.223
2025-06-20,4.1950002
2025-06-23,4.158
2025-06-24,4.1820002
2025-06-25,4.1880002
2025-06-26,4.1929998
2025-06-27,4.197
2025-06-30,4.1900001
2025-07-01,4.2249999
2025-07-02,4.223
2025-07-03,4.2399998
2025-07-07,4.2449999
2025-07-08,4.25
2025-07-09,4.2449999
2025-07-10,4.2399998
2025-07-11,4.237
2025-07-14,4.2280002
2025-07-15,4.2319999
2025-07-16,4.2249999
2025-07-17,4.2350001
2025-07-18,4.23
2025-07-21,4.223
2025-07-22,4.23
2025-07-23,4.2399998
2025-07-24,4.2449999
2025-07-25,4.2449999
2025-07-28,4.2350001
2025-07-29,4.23
2025-07-30,4.2319999
2025-07-31,4.2350001
2025-08-01,4.1820002
2025-08-04,4.1529999
2025-08-05,4.1500001
2025-08-06,4.1329999
2025-08-07,4.138
2025-08-08,4.1329999
2025-08-11,4.1430001
2025-08-12,4.1300001
2025-08-13,4.1100001
2025-08-14,4.112
2025-08-15,4.112
2025-08-18,4.1230001
2025-08-19,4.1100001
2025-08-20,4.1149998
2025-08-21,4.1279998
2025-08-22,4.0879998
2025-08-25,4.0929999
2025-08-26,4.0879998
2025-08-27,4.0599999
2025-08-28,4.072
2025-08-29,4.0430002
2025-09-02,4.0320001
2025-09-03,4.0180001
2025-09-04,3.9979999
2025-09-05,3.9100001
2025-09-08,3.928
2025-09-09,3.9430001
2025-09-10,3.9300001
2025-09-11,3.928
2025-09-12,3.928
2025-09-15,3.9000001
2025-09-16,3.8900001
2025-09-17,3.868
2025-09-18,3.8800001
2025-09-19,3.878
2025-09-22,3.848
2025-09-23,3.845
2025-09-24,3.858
2025-09-25,3.8829999
2025-09-26,3.8599999
2025-09-29,3.8629999
2025-09-30,3.845
2025-10-01,3.845
2025-10-02,3.848
2025-10-03,3.858
2025-10-06,3.8599999
2025-10-07,3.8429999
2025-10-08,3.8429999
2025-10-09,3.8529999
2025-10-10,3.8529999
2025-10-13,3.8529999
2025-10-14,3.8529999
2025-10-15,3.858
2025-10-16,3.8529999
2025-10-17,3.832
2025-10-20,3.7980001
2025-10-21,3.7850001
2025-10-22,3.7880001
2025-10-23,3.7880001
2025-10-24,3.763
2025-10-27,3.7179999
2025-10-28,3.72
2025-10-29,3.73
2025-10-30,3.757
2025-10-31,3.7179999
2025-11-03,3.783
2025-11-04,3.793
2025-11-05,3.7880001
2025-11-06,3.763
2025-11-07,3.757
2025-11-10,3.783
2025-11-11,3.783
2025-11-12,3.7780001
2025-11-13,3.793
2025-11-14,3.7880001
2025-11-17,3.7720001
2025-11-18,3.7720001
2025-11-19,3.7720001
2025-11-20,3.7750001
2025-11-21,3.74
2025-11-24,3.73
2025-11-25,3.7320001
2025-11-26,3.753
2025-11-28,3.697
2025-12-01,3.6930001
2025-12-02,3.6719999
2025-12-03,3.635
2025-12-04,3.612
2025-12-05,3.6029999
2025-12-08,3.618
2025-12-09,3.632
2025-12-10,3.5929999
2025-12-11,3.5680001
2025-12-12,3.5250001
2025-12-15,3.5380001
2025-12-16,3.5450001
2025-12-17,3.543
2025-12-18,3.5220001
2025-12-19,3.5220001
2025-12-22,3.5280001
2025-12-23,3.5469999
2025-12-24,3.5550001
2025-12-26,3.543
2025-12-29,3.5380001
2025-12-30,3.54
2025-12-31,3.5469999
2026-01-02,3.533
2026-01-05,3.5150001
2026-01-06,3.52
2026-01-07,3.5150001
2026-01-08,3.507
2026-01-09,3.513
2026-01-12,3.533
2026-01-13,3.5599999
2026-01-14,3.5599999
2026-01-15,3.5650001
2026-01-16,3.5569999
2026-01-20,3.572
2026-01-21,3.5880001
2026-01-22,3.5880001
2026-01-23,3.582
2026-01-26,3.575
2026-01-27,3.5699999
2026-01-28,3.582
2026-01-29,3.5799999
2026-01-30,3.572
2026-02-02,3.5780001
2026-02-03,3.5899999
2026-02-04,3.595
2026-02-05,3.5780001
2026-02-06,3.5899999
2026-02-09,3.5929999
2026-02-10,3.5899999
2026-02-11,3.5999999
2026-02-12,3.598
2026-02-13,3.5929999
2026-02-17,3.5929999
2026-02-18,3.6029999
2026-02-19,3.595
2026-02-20,3.595
2026-02-23,3.5880001
2026-02-24,3.5880001
2026-02-25,3.5880001
2026-02-26,3.5880001
2026-02-27,3.5780001
2026-03-02,3.5899999
2026-03-03,3.595
2026-03-04,3.595
2026-03-05,3.5880001
2026-03-06,3.5699999
2026-03-09,3.5929999
2026-03-10,3.595
2026-03-11,3.5999999
2026-03-12,3.605
2026-03-13,3.6029999
2026-03-16,3.605
2026-03-17,3.605
2026-03-18,3.6099999
2026-03-19,3.612
2026-03-20,3.618
2026-03-23,3.612
2026-03-24,3.6199999
2026-03-25,3.6199999
2026-03-26,3.6199999
2026-03-27,3.6070001
2026-03-30,3.598
2026-03-31,3.5999999
2026-04-01,3.605
2026-04-02,3.6070001
2026-04-06,3.6229999
2026-04-07,3.615
2026-04-08,3.5999999
2026-04-09,3.5880001
2026-04-10,3.5929999
2026-04-13,3.6029999
2026-04-14,3.612
2026-04-15,3.612
2026-04-16,3.6099999
2026-04-17,3.5999999
2026-04-20,3.598
2026-04-21,3.598
2026-04-22,3.595
2026-04-23,3.595
2026-04-24,3.5929999
2026-04-27,3.5899999
2026-04-28,3.5899999
2026-04-29,3.5899999
2026-04-30,3.585
2026-05-01,3.575
2026-05-04,3.5899999
2026-05-05,3.5999999
2026-05-06,3.5999999
2026-05-07,3.598
2026-05-08,3.595
2026-05-11,3.5999999
2026-05-12,3.6029999
2026-05-13,3.5999999
2026-05-14,3.5880001
2026-05-15,3.5880001
2026-05-18,3.5680001
2026-05-19,3.575
2026-05-20,3.5569999
2026-05-21,3.582
2026-05-22,3.585
2026-05-26,3.582
2026-05-27,3.585
2026-05-28,3.5899999
2026-05-29,3.5880001
2026-06-01,3.6199999
2026-06-02,3.618
2026-06-03,3.6229999
2026-06-04,3.6199999
2026-06-05,3.625
2026-06-08,3.628
2026-06-09,3.635
2026-06-10,3.635
2026-06-11,3.6229999
2026-06-12,3.618
2026-06-15,3.618
2026-06-16,3.6300001
2026-06-17,3.6470001
2026-06-18,3.658
2026-06-22,3.6800001
2026-06-23,3.6900001
2026-06-24,3.6900001
2026-06-25,3.6800001
2026-06-26,3.6630001
2026-06-29,3.6800001
2026-06-30,3.7320001
2026-07-01,3.7
2026-07-02,3.668
2026-07-06,3.6900001
2026-07-07,3.7249999
2026-07-08,3.723
2026-07-09,3.6819999
2026-07-10,3.6949999
2026-07-13,3.7279999
2026-07-14,3.7
2026-07-15,3.688
2026-07-16,3.697
2026-07-17,3.707
2026-07-20,3.7049999
2026-07-21,3.73
2026-07-22,3.7449999
2026-07-23,3.8
2026-07-24,3.8050001
2026-07-27,3.7969999
2026-07-28,3.76
2026-07-29,3.658
2026-07-30,3.675
2026-07-31,3.6819999
2026-08-03,3.7
2026-08-04,3.73
2026-08-05,3.7249999
2026-08-06,3.7320001
2026-08-07,3.71
2026-08-10,3.7179999
2026-08-11,3.73
2026-08-12,3.707
2026-08-13,3.7049999
2026-08-14,3.697
2026-08-17,3.7030001
2026-08-18,3.7049999
2026-08-19,3.7
2026-08-20,3.7030001
2026-08-21,3.71
2026-08-24,3.7030001
2026-08-25,3.7049999
2026-08-26,3.6900001
2026-08-27,3.678
2026-08-28,3.73
2026-08-31,3.7320001
2026-09-01,3.7720001
2026-09-02,3.7720001
2026-09-03,3.74
2026-09-04,3.757
2026-09-08,3.7750001
2026-09-09,3.8050001
2026-09-10,3.845
2026-09-11,3.9130001
2026-09-14,3.9349999
2026-09-15,3.96
2026-09-16,3.97
2026-09-17,3.9649999
2026-09-18,3.9779999
2026-09-21,3.9820001
2026-09-22,4.0050001
2026-09-23,4.0279999
2026-09-24,4.0679998
2026-09-25,4.0700002
