Date,Close
2005-01-03,80.9735107421875
2005-01-04,79.98407745361328
2005-01-05,79.43215942382812
2005-01-06,79.83599090576172
2005-01-07,79.72156524658203
2005-01-10,80.0984878540039
2005-01-11,79.54654693603516
2005-01-12,79.8090591430664
2005-01-13,79.16963195800781
2005-01-14,79.58696746826172
2005-01-18,80.41486358642578
2005-01-19,79.57347869873047
2005-01-20,79.08885192871094
2005-01-21,78.60423278808594
2005-01-24,78.44944763183594
2005-01-25,78.67151641845703
2005-01-26,78.9071273803711
2005-01-27,79.041748046875
2005-01-28,79.041748046875
2005-01-31,79.53311920166016
2005-02-01,80.03793334960938
2005-02-02,80.28026580810547
2005-02-03,80.07159423828125
2005-02-04,80.92642974853516
2005-02-07,80.8187026977539
2005-02-08,80.9129409790039
2005-02-09,80.30716705322266
2005-02-10,80.59660339355469
2005-02-11,81.28987884521484
2005-02-14,81.22930145263672
2005-02-15,81.5322265625
2005-02-16,81.58602905273438
2005-02-17,80.92642974853516
2005-02-18,81.03409576416016
2005-02-22,79.82928466796875
2005-02-23,80.40135955810547
2005-02-24,80.93316650390625
2005-02-25,81.73411560058594
2005-02-28,81.19564056396484
2005-03-01,81.59952545166016
2005-03-02,81.55912780761719
2005-03-03,81.5927734375
2005-03-04,82.60912322998047
2005-03-07,82.64955139160156
2005-03-08,82.33989715576172
2005-03-09,81.42450714111328
2005-03-10,81.60624694824219
2005-03-11,81.03409576416016
2005-03-14,81.53893280029297
2005-03-15,80.8658218383789
2005-03-16,80.17929077148438
2005-03-17,80.34082794189453
2005-03-18,80.1022720336914
2005-03-21,79.8049545288086
2005-03-22,78.9940414428711
2005-03-23,79.0616226196289
2005-03-24,79.15623474121094
2005-03-28,79.2711181640625
2005-03-29,78.74403381347656
2005-03-30,79.85900115966797
2005-03-31,79.7103500366211
2005-04-01,79.35221099853516
2005-04-04,79.4873275756836
2005-04-05,79.86573791503906
2005-04-06,80.14285278320312
2005-04-07,80.57527923583984
2005-04-08,79.73735046386719
2005-04-11,79.79817199707031
2005-04-12,80.21040344238281
2005-04-13,79.26436614990234
2005-04-14,78.2304916381836
2005-04-15,77.13577270507812
2005-04-18,77.3722915649414
2005-04-19,77.98721313476562
2005-04-20,76.89927673339844
2005-04-21,78.39266967773438
2005-04-22,78.0953369140625
2005-04-25,78.60888671875
2005-04-26,77.84528350830078
2005-04-27,78.14936828613281
2005-04-28,77.16958618164062
2005-04-29,78.21694946289062
2005-05-02,78.65621185302734
2005-05-03,78.79132080078125
2005-05-04,79.3995132446289
2005-05-05,79.37251281738281
2005-05-06,79.12245178222656
2005-05-09,79.6157455444336
2005-05-10,78.79132080078125
2005-05-11,79.22383117675781
2005-05-12,78.35211181640625
2005-05-13,78.19668579101562
2005-05-16,78.92650604248047
2005-05-17,79.4535903930664
2005-05-18,80.27117919921875
2005-05-19,80.60908508300781
2005-05-20,80.49423217773438
2005-05-23,80.94020080566406
2005-05-24,80.75099182128906
2005-05-25,80.69017791748047
2005-05-26,81.1226577758789
2005-05-27,81.25780487060547
2005-05-31,80.73748779296875
2005-06-01,81.42671203613281
2005-06-02,81.60240173339844
2005-06-03,81.19024658203125
2005-06-06,81.11588287353516
2005-06-07,81.17668914794922
2005-06-08,81.02803802490234
2005-06-09,81.4132308959961
2005-06-10,81.2240219116211
2005-06-13,81.48079681396484
2005-06-14,81.66999816894531
2005-06-15,81.8254165649414
2005-06-16,82.03492736816406
2005-06-17,82.3388671875
2005-06-20,82.36599731445312
2005-06-21,82.41351318359375
2005-06-22,82.48136138916016
2005-06-23,81.32112121582031
2005-06-24,80.7240982055664
2005-06-27,80.83946228027344
2005-06-28,81.5179214477539
2005-06-29,81.3008041381836
2005-06-30,80.85978698730469
2005-07-01,81.09722900390625
2005-07-05,81.74858856201172
2005-07-06,81.0633544921875
2005-07-07,81.38220977783203
2005-07-08,82.31169128417969
2005-07-11,82.73236846923828
2005-07-12,82.94947814941406
2005-07-13,83.06482696533203
2005-07-14,83.39051055908203
2005-07-15,83.34297180175781
2005-07-18,83.01052856445312
2005-07-19,83.46512603759766
2005-07-20,83.75003814697266
2005-07-21,83.26158142089844
2005-07-22,83.81790161132812
2005-07-25,83.5804214477539
2005-07-26,83.68219757080078
2005-07-27,83.98750305175781
2005-07-28,84.5167236328125
2005-07-29,83.95362091064453
2005-08-01,83.89253234863281
2005-08-02,84.39459228515625
2005-08-03,84.61849212646484
2005-08-04,83.94001770019531
2005-08-05,83.3701171875
2005-08-08,83.21406555175781
2005-08-09,83.71613311767578
2005-08-10,83.6754379272461
2005-08-11,84.00788879394531
2005-08-12,83.49225616455078
2005-08-15,84.00788879394531
2005-08-16,82.91555786132812
2005-08-17,82.90875244140625
2005-08-18,82.90198516845703
2005-08-19,83.09192657470703
2005-08-22,83.09192657470703
2005-08-23,82.93592834472656
2005-08-24,82.19638061523438
2005-08-25,82.49492645263672
2005-08-26,81.93175506591797
2005-08-29,82.56275177001953
2005-08-30,82.12853240966797
2005-08-31,83.1666030883789
2005-09-01,83.10551452636719
2005-09-02,82.95626068115234
2005-09-06,83.92643737792969
2005-09-07,84.0689468383789
2005-09-08,83.790771484375
2005-09-09,84.53707885742188
2005-09-12,84.3674545288086
2005-09-13,83.89933776855469
2005-09-14,83.59403991699219
2005-09-15,83.55331420898438
2005-09-16,84.1474609375
2005-09-19,83.86808013916016
2005-09-20,83.15950012207031
2005-09-21,82.38278198242188
2005-09-22,82.67573547363281
2005-09-23,82.74384307861328
2005-09-26,82.8392562866211
2005-09-27,82.81880950927734
2005-09-28,82.9006118774414
2005-09-29,83.5750961303711
2005-09-30,83.83399963378906
2005-10-03,83.53424835205078
2005-10-04,82.59396362304688
2005-10-05,81.51061248779297
2005-10-06,81.21764373779297
2005-10-07,81.49700164794922
2005-10-10,80.80880737304688
2005-10-11,80.69297790527344
2005-10-12,80.05931091308594
2005-10-13,80.0116195678711
2005-10-14,80.85650634765625
2005-10-17,81.15630340576172
2005-10-18,80.27735900878906
2005-10-19,81.6128158569336
2005-10-20,80.17514038085938
2005-10-21,80.48856353759766
2005-10-24,81.73548126220703
2005-10-25,81.57194519042969
2005-10-26,81.33345794677734
2005-10-27,80.4681396484375
2005-10-28,81.62644958496094
2005-10-31,81.85127258300781
2005-11-01,82.0965805053711
2005-11-02,82.95509338378906
2005-11-03,83.30937957763672
2005-11-04,83.20037841796875
2005-11-07,83.28213500976562
2005-11-08,83.28213500976562
2005-11-09,83.39114379882812
2005-11-10,84.03841400146484
2005-11-11,84.3246078491211
2005-11-14,84.27690887451172
2005-11-15,83.9703140258789
2005-11-16,84.140625
2005-11-17,84.92422485351562
2005-11-18,85.25804138183594
2005-11-21,85.68730163574219
2005-11-22,86.05523681640625
2005-11-23,86.5526123046875
2005-11-25,86.6207504272461
2005-11-28,86.0075454711914
2005-11-29,85.91216278076172
2005-11-30,85.44881439208984
2005-12-01,86.32100677490234
2005-12-02,86.42998504638672
2005-12-05,86.24602508544922
2005-12-06,86.40953826904297
2005-12-07,85.90536499023438
2005-12-08,85.8508071899414
2005-12-09,86.07568359375
2005-12-12,86.15746307373047
2005-12-13,86.743408203125
2005-12-14,87.08409118652344
2005-12-15,86.83202362060547
2005-12-16,86.55249786376953
2005-12-19,86.1072998046875
2005-12-20,86.18948364257812
2005-12-21,86.32645416259766
2005-12-22,86.778564453125
2005-12-23,86.82653045654297
2005-12-27,85.94288635253906
2005-12-28,86.13469696044922
2005-12-29,85.7510986328125
2005-12-30,85.28533935546875
2006-01-03,86.7854232788086
2006-01-04,87.19642639160156
2006-01-05,87.25119018554688
2006-01-06,87.97726440429688
2006-01-09,88.20330047607422
2006-01-10,88.29234313964844
2006-01-11,88.57317352294922
2006-01-12,88.22386932373047
2006-01-13,88.14166259765625
2006-01-17,87.90189361572266
2006-01-18,87.55258178710938
2006-01-19,87.88819122314453
2006-01-20,86.28539276123047
2006-01-23,86.59362030029297
2006-01-24,86.68264770507812
2006-01-25,86.75801849365234
2006-01-26,87.23750305175781
2006-01-27,88.04574584960938
2006-01-30,87.97726440429688
2006-01-31,87.33338928222656
2006-02-01,87.9430160522461
2006-02-02,86.92243194580078
2006-02-03,86.4908676147461
2006-02-06,86.71692657470703
2006-02-07,85.94973754882812
2006-02-08,86.73059844970703
2006-02-09,86.58674621582031
2006-02-10,86.74433135986328
2006-02-13,86.58674621582031
2006-02-14,87.50464630126953
2006-02-15,87.81285858154297
2006-02-16,88.47042846679688
2006-02-17,88.23067474365234
2006-02-21,88.01151275634766
2006-02-22,88.54579162597656
2006-02-23,88.41561889648438
2006-02-24,88.64168548583984
2006-02-27,88.67593383789062
2006-02-28,87.8333969116211
2006-03-01,88.61426544189453
2006-03-02,88.607421875
2006-03-03,88.19646453857422
2006-03-06,87.79232025146484
2006-03-07,87.65533447265625
2006-03-08,87.84024810791016
2006-03-09,87.25119018554688
2006-03-10,88.08000183105469
2006-03-13,88.2444076538086
2006-03-14,89.16909790039062
2006-03-15,89.56639099121094
2006-03-16,89.75138092041016
2006-03-17,89.8262710571289
2006-03-20,89.68187713623047
2006-03-21,89.1179428100586
2006-03-22,89.6612319946289
2006-03-23,89.47554779052734
2006-03-24,89.54434204101562
2006-03-27,89.41368103027344
2006-03-28,88.86349487304688
2006-03-29,89.42054748535156
2006-03-30,89.26236724853516
2006-03-31,89.28302001953125
2006-04-03,89.21426391601562
2006-04-04,89.78499603271484
2006-04-05,90.0945053100586
2006-04-06,89.9981918334961
2006-04-07,89.08358001708984
2006-04-10,89.2210922241211
2006-04-11,88.46464538574219
2006-04-12,88.62972259521484
2006-04-13,88.5127944946289
2006-04-17,88.4784164428711
2006-04-18,89.88131713867188
2006-04-19,90.05321502685547
2006-04-20,90.17700958251953
2006-04-21,90.19076538085938
2006-04-24,90.02571105957031
2006-04-25,89.65432739257812
2006-04-26,89.67498016357422
2006-04-27,90.10826873779297
2006-04-28,90.41082000732422
2006-05-01,89.67498016357422
2006-05-02,90.34895324707031
2006-05-03,90.0119400024414
2006-05-04,90.33515930175781
2006-05-05,91.13289642333984
2006-05-08,91.02285766601562
2006-05-09,91.20166778564453
2006-05-10,91.15351867675781
2006-05-11,90.05321502685547
2006-05-12,88.87725830078125
2006-05-15,89.0560531616211
2006-05-16,88.92537689208984
2006-05-17,87.23367309570312
2006-05-18,86.79353332519531
2006-05-19,87.40560913085938
2006-05-22,86.73851776123047
2006-05-23,86.0783462524414
2006-05-24,86.76603698730469
2006-05-25,87.8388442993164
2006-05-26,88.28584289550781
2006-05-30,86.7178955078125
2006-05-31,87.6875228881836
2006-06-01,88.52654266357422
2006-06-02,88.71221160888672
2006-06-05,87.41936492919922
2006-06-06,87.20616149902344
2006-06-07,86.55287170410156
2006-06-08,86.47722625732422
2006-06-09,86.20216369628906
2006-06-12,85.26689910888672
2006-06-13,84.27659606933594
2006-06-14,84.9299087524414
2006-06-15,86.73168182373047
2006-06-16,86.09962463378906
2006-06-19,85.42273712158203
2006-06-20,85.71283721923828
2006-06-21,86.34831237792969
2006-06-22,85.96839141845703
2006-06-23,85.9546127319336
2006-06-26,86.33448791503906
2006-06-27,85.58851623535156
2006-06-28,86.16871643066406
2006-06-29,87.90935516357422
2006-06-30,87.9162826538086
2006-07-03,88.27548217773438
2006-07-05,87.7712173461914
2006-07-06,88.02677154541016
2006-07-07,87.4534912109375
2006-07-10,87.6192398071289
2006-07-11,88.00603485107422
2006-07-12,87.066650390625
2006-07-13,85.65071105957031
2006-07-14,85.31910705566406
2006-07-17,85.19478607177734
2006-07-18,85.62994384765625
2006-07-19,86.8180160522461
2006-07-20,86.22398376464844
2006-07-21,85.61614227294922
2006-07-24,87.17715454101562
2006-07-25,87.48805236816406
2006-07-26,87.60546112060547
2006-07-27,87.5225830078125
2006-07-28,88.39977264404297
2006-07-31,88.30999755859375
2006-08-01,87.87483215332031
2006-08-02,88.46890258789062
2006-08-03,88.70368194580078
2006-08-04,88.55176544189453
2006-08-07,88.34453582763672
2006-08-08,88.00603485107422
2006-08-09,87.70904541015625
2006-08-10,87.9784164428711
2006-08-11,87.72974395751953
2006-08-14,87.7988510131836
2006-08-15,88.8487548828125
2006-08-16,89.58786010742188
2006-08-17,89.81578063964844
2006-08-18,90.27165222167969
2006-08-21,89.88484191894531
2006-08-22,89.87796020507812
2006-08-23,89.62928009033203
2006-08-24,89.55329895019531
2006-08-25,89.663818359375
2006-08-28,90.09207153320312
2006-08-29,90.19567108154297
2006-08-30,90.25092315673828
2006-08-31,90.23713684082031
2006-09-01,90.7759017944336
2006-09-05,90.94859313964844
2006-09-06,90.14735412597656
2006-09-07,89.73289489746094
2006-09-08,89.98847198486328
2006-09-11,90.0782699584961
2006-09-12,90.96240234375
2006-09-13,91.32846069335938
2006-09-14,91.33541107177734
2006-09-15,91.5497817993164
2006-09-18,91.67463684082031
2006-09-19,91.4456787109375
2006-09-20,91.93135833740234
2006-09-21,91.48731231689453
2006-09-22,91.2098159790039
2006-09-25,91.91050720214844
2006-09-26,92.67371368408203
2006-09-27,92.7846908569336
2006-09-28,92.74996948242188
2006-09-29,92.67371368408203
2006-10-02,92.3268051147461
2006-10-03,92.52100372314453
2006-10-04,93.60333251953125
2006-10-05,93.78372955322266
2006-10-06,93.66576385498047
2006-10-09,93.7212142944336
2006-10-10,93.84611511230469
2006-10-11,93.73516845703125
2006-10-12,94.54682159423828
2006-10-13,94.7896728515625
2006-10-16,94.93537139892578
2006-10-17,94.63704681396484
2006-10-18,94.76190185546875
2006-10-19,94.91451263427734
2006-10-20,94.93537139892578
2006-10-23,95.3724365234375
2006-10-24,95.6568832397461
2006-10-25,95.98292541503906
2006-10-26,96.2812728881836
2006-10-27,95.67768859863281
2006-10-30,95.60830688476562
2006-10-31,95.59442138671875
2006-11-01,94.9492416381836
2006-11-02,94.89373016357422
2006-11-03,94.72724914550781
2006-11-06,95.79564666748047
2006-11-07,96.16332244873047
2006-11-08,96.3714599609375
2006-11-09,95.86502075195312
2006-11-10,95.90662384033203
2006-11-13,96.14253234863281
2006-11-14,96.86404418945312
2006-11-15,97.14154052734375
2006-11-16,97.39130401611328
2006-11-17,97.41905212402344
2006-11-20,97.47456359863281
2006-11-21,97.5716781616211
2006-11-22,97.76594543457031
2006-11-24,97.3705062866211
2006-11-27,96.03148651123047
2006-11-28,96.44780731201172
2006-11-29,97.45376586914062
2006-11-30,97.49536895751953
2006-12-01,97.28030395507812
2006-12-04,98.02263641357422
2006-12-05,98.44580841064453
2006-12-06,98.36261749267578
2006-12-07,97.93246459960938
2006-12-08,98.11283111572266
2006-12-11,98.39725494384766
2006-12-12,98.32091522216797
2006-12-13,98.42501068115234
2006-12-14,99.2922592163086
2006-12-15,99.30126190185547
2006-12-18,99.02922058105469
2006-12-19,99.21759033203125
2006-12-20,99.16178894042969
2006-12-21,98.79896545410156
2006-12-22,98.19205474853516
2006-12-26,98.7710952758789
2006-12-27,99.41987609863281
2006-12-28,99.21061706542969
2006-12-29,98.79896545410156
2007-01-03,98.62458801269531
2007-01-04,98.83393096923828
2007-01-05,98.04553985595703
2007-01-08,98.49898529052734
2007-01-09,98.41531372070312
2007-01-10,98.74317932128906
2007-01-11,99.17575073242188
2007-01-12,99.92916870117188
2007-01-16,99.73383331298828
2007-01-17,99.77566528320312
2007-01-18,99.4407958984375
2007-01-19,99.63616180419922
2007-01-22,99.32920837402344
2007-01-23,99.62220764160156
2007-01-24,100.42446899414062
2007-01-25,99.2454833984375
2007-01-26,99.15476989746094
2007-01-29,99.09896087646484
2007-01-30,99.6152114868164
2007-01-31,100.28494262695312
2007-02-01,100.88489532470703
2007-02-02,101.02445983886719
2007-02-05,101.05236053466797
2007-02-06,101.08025360107422
2007-02-07,101.30355072021484
2007-02-08,101.1709976196289
2007-02-09,100.41751098632812
2007-02-12,100.07569885253906
2007-02-13,100.91981506347656
2007-02-14,101.58255767822266
2007-02-15,101.71513366699219
2007-02-16,101.66624450683594
2007-02-20,101.88255310058594
2007-02-21,101.84068298339844
2007-02-22,101.76392364501953
2007-02-23,101.36627960205078
2007-02-26,101.27564239501953
2007-02-27,97.31999206542969
2007-02-28,98.31763458251953
2007-03-01,98.02462768554688
2007-03-02,96.74097442626953
2007-03-05,95.82010650634766
2007-03-06,97.45953369140625
2007-03-07,97.36186981201172
2007-03-08,98.18505859375
2007-03-09,98.2129898071289
2007-03-12,98.35948944091797
2007-03-13,96.44795989990234
2007-03-14,97.16653442382812
2007-03-15,97.29907989501953
2007-03-16,97.02661895751953
2007-03-19,98.19630432128906
2007-03-20,98.73561096191406
2007-03-21,100.36051177978516
2007-03-22,100.2834701538086
2007-03-23,100.43058013916016
2007-03-26,100.2975082397461
2007-03-27,100.05936431884766
2007-03-28,99.33097076416016
2007-03-29,99.43600463867188
2007-03-30,99.45701599121094
2007-04-02,99.56909942626953
2007-04-03,100.64070892333984
2007-04-04,100.75275421142578
2007-04-05,101.02589416503906
2007-04-09,101.16593933105469
2007-04-10,101.2850341796875
2007-04-11,100.87181091308594
2007-04-12,101.32009887695312
2007-04-13,101.7823486328125
2007-04-16,102.74886322021484
2007-04-17,103.02206420898438
2007-04-18,103.14820861816406
2007-04-19,103.12013244628906
2007-04-20,104.09369659423828
2007-04-23,103.70144653320312
2007-04-24,103.74349975585938
2007-04-25,104.6960220336914
2007-04-26,104.81510162353516
2007-04-27,104.73106384277344
2007-04-30,103.86251068115234
2007-05-01,104.12870788574219
2007-05-02,104.73804473876953
2007-05-03,105.30541229248047
2007-05-04,105.70459747314453
2007-05-07,105.7255859375
2007-05-08,105.58554077148438
2007-05-09,105.87273406982422
2007-05-10,104.76607513427734
2007-05-11,105.66262817382812
2007-05-14,105.43142700195312
2007-05-15,105.45946502685547
2007-05-16,106.18092346191406
2007-05-17,105.97077941894531
2007-05-18,106.89529418945312
2007-05-21,106.83924865722656
2007-05-22,106.75517272949219
2007-05-23,106.76914978027344
2007-05-24,105.80267333984375
2007-05-25,106.24388885498047
2007-05-29,106.62913513183594
2007-05-30,107.49759674072266
2007-05-31,107.3855972290039
2007-06-01,107.9178695678711
2007-06-04,107.93191528320312
2007-06-05,107.504638671875
2007-06-06,106.34894561767578
2007-06-07,104.42985534667969
2007-06-08,105.78861999511719
2007-06-11,105.97077941894531
2007-06-12,104.81510162353516
2007-06-13,106.38399505615234
2007-06-14,107.06338500976562
2007-06-15,107.67254638671875
2007-06-18,107.54591369628906
2007-06-19,107.813232421875
2007-06-20,106.31498718261719
2007-06-21,106.90579986572266
2007-06-22,105.89997100830078
2007-06-25,105.3934555053711
2007-06-26,104.31016540527344
2007-06-27,105.79439544677734
2007-06-28,105.78038787841797
2007-06-29,105.81543731689453
2007-07-02,106.77215576171875
2007-07-03,107.15904998779297
2007-07-05,107.0464859008789
2007-07-06,107.60919952392578
2007-07-09,107.69366455078125
2007-07-10,106.16014862060547
2007-07-11,106.912841796875
2007-07-12,108.60111236572266
2007-07-13,108.92466735839844
2007-07-16,108.91057586669922
2007-07-17,108.85429382324219
2007-07-18,108.65734100341797
2007-07-19,109.07940673828125
2007-07-20,107.97502136230469
2007-07-23,108.30557250976562
2007-07-24,106.42753601074219
2007-07-25,106.64558410644531
2007-07-26,104.12028503417969
2007-07-27,102.0733413696289
2007-07-30,103.67010498046875
2007-07-31,102.50236511230469
2007-08-01,103.0018310546875
2007-08-02,103.8248062133789
2007-08-03,101.15182495117188
2007-08-06,102.84708404541016
2007-08-07,103.9444351196289
2007-08-08,105.3934555053711
2007-08-09,102.27030944824219
2007-08-10,101.79196166992188
2007-08-13,102.1577377319336
2007-08-14,100.59610748291016
2007-08-15,99.21037292480469
2007-08-16,99.9560317993164
2007-08-17,101.79196166992188
2007-08-20,101.74270629882812
2007-08-21,101.94668579101562
2007-08-22,103.15655517578125
2007-08-23,103.065185546875
2007-08-24,104.33831787109375
2007-08-27,103.36759185791016
2007-08-28,101.09555053710938
2007-08-29,103.07915496826172
2007-08-30,102.80486297607422
2007-08-31,103.81780242919922
2007-09-04,104.86589050292969
2007-09-05,103.9584732055664
2007-09-06,104.19768524169922
2007-09-07,102.74861145019531
2007-09-10,102.5516128540039
2007-09-11,103.74742889404297
2007-09-12,104.01473236083984
2007-09-13,104.74632263183594
2007-09-14,104.7392807006836
2007-09-17,104.17656707763672
2007-09-18,107.24349975585938
2007-09-19,107.87652587890625
2007-09-20,107.11685180664062
2007-09-21,107.4058837890625
2007-09-24,107.2080078125
2007-09-25,106.99600219726562
2007-09-26,107.56138610839844
2007-09-27,108.19750213623047
2007-09-28,107.83705139160156
2007-10-01,109.05271911621094
2007-10-02,108.90425109863281
2007-10-03,108.68516540527344
2007-10-04,108.85475158691406
2007-10-05,110.14813232421875
2007-10-08,109.56149291992188
2007-10-09,110.59336853027344
2007-10-10,110.4095687866211
2007-10-11,109.87957763671875
2007-10-12,110.48738098144531
2007-10-15,109.55440521240234
2007-10-16,108.68516540527344
2007-10-17,109.01730346679688
2007-10-18,108.62155151367188
2007-10-19,105.78038787841797
2007-10-22,106.39524841308594
2007-10-23,107.25752258300781
2007-10-24,107.05962371826172
2007-10-25,107.31404876708984
2007-10-26,108.57209014892578
2007-10-29,108.93244934082031
2007-10-30,108.17626190185547
2007-10-31,109.30005645751953
2007-11-01,106.74156951904297
2007-11-02,106.86167907714844
2007-11-05,106.0489273071289
2007-11-06,107.47662353515625
2007-11-07,104.53649139404297
2007-11-08,104.00641632080078
2007-11-09,102.57878112792969
2007-11-12,101.56101989746094
2007-11-13,104.65663146972656
2007-11-14,104.36686706542969
2007-11-15,102.8614730834961
2007-11-16,103.03812408447266
2007-11-19,101.60340118408203
2007-11-20,102.22541809082031
2007-11-21,100.13336181640625
2007-11-23,101.86491394042969
2007-11-26,99.61744689941406
2007-11-27,100.76236724853516
2007-11-28,103.98523712158203
2007-11-29,104.02052307128906
2007-11-30,105.06656646728516
2007-12-03,104.37391662597656
2007-12-04,103.44100952148438
2007-12-05,105.17256164550781
2007-12-06,106.67792510986328
2007-12-07,106.65676879882812
2007-12-10,107.48362731933594
2007-12-11,104.53649139404297
2007-12-12,105.56830596923828
2007-12-13,105.34927368164062
2007-12-14,104.01345825195312
2007-12-17,102.52928924560547
2007-12-18,103.10176849365234
2007-12-19,103.10176849365234
2007-12-20,103.75199890136719
2007-12-21,105.24763488769531
2007-12-24,106.02913665771484
2007-12-26,106.25650024414062
2007-12-27,104.92076110839844
2007-12-28,104.65789031982422
2007-12-31,103.8834228515625
2008-01-02,102.97396850585938
2008-01-03,102.9241943359375
2008-01-04,100.40193939208984
2008-01-07,100.31666564941406
2008-01-08,98.69671630859375
2008-01-09,99.73403930664062
2008-01-10,100.38770294189453
2008-01-11,99.57771301269531
2008-01-14,100.380615234375
2008-01-15,98.17092895507812
2008-01-16,97.32540893554688
2008-01-17,94.80310821533203
2008-01-18,93.8297119140625
2008-01-22,92.87764739990234
2008-01-23,95.1086196899414
2008-01-24,95.9115219116211
2008-01-25,94.52600860595703
2008-01-28,96.08917236328125
2008-01-29,96.56519317626953
2008-01-30,95.85466766357422
2008-01-31,97.60253143310547
2008-02-01,99.17276763916016
2008-02-04,97.9222640991211
2008-02-05,95.30047607421875
2008-02-06,94.53312683105469
2008-02-07,95.1583480834961
2008-02-08,94.54732513427734
2008-02-11,95.03046417236328
2008-02-12,95.9115219116211
2008-02-13,96.89202880859375
2008-02-14,96.0394058227539
2008-02-15,96.01807403564453
2008-02-19,96.2880859375
2008-02-20,96.57227325439453
2008-02-21,95.76939392089844
2008-02-22,96.3591537475586
2008-02-25,97.57413482666016
2008-02-26,98.30593872070312
2008-02-27,98.20646667480469
2008-02-28,97.24727630615234
2008-02-29,95.08021545410156
2008-03-03,94.85285949707031
2008-03-04,94.49048614501953
2008-03-05,95.08732604980469
2008-03-06,93.11920928955078
2008-03-07,92.1600341796875
2008-03-10,90.94503784179688
2008-03-11,94.21341705322266
2008-03-12,93.33234405517578
2008-03-13,93.53841400146484
2008-03-14,92.08899688720703
2008-03-17,91.158203125
2008-03-18,94.94524383544922
2008-03-19,92.5934829711914
2008-03-20,94.30853271484375
2008-03-24,96.19358825683594
2008-03-25,96.28640747070312
2008-03-26,95.10823822021484
2008-03-27,94.80833435058594
2008-03-28,93.90155029296875
2008-03-31,94.2300033569336
2008-04-01,97.54307556152344
2008-04-02,97.60734558105469
2008-04-03,97.85011291503906
2008-04-04,97.74302673339844
2008-04-07,97.79296112060547
2008-04-08,97.69300842285156
2008-04-09,96.98612213134766
2008-04-10,97.12178039550781
2008-04-11,95.23677825927734
2008-04-14,94.91544342041016
2008-04-15,95.1368179321289
2008-04-16,97.71444702148438
2008-04-17,97.85723876953125
2008-04-18,98.87832641601562
2008-04-21,98.92828369140625
2008-04-22,98.49274444580078
2008-04-23,98.33560180664062
2008-04-24,98.76404571533203
2008-04-25,99.67803955078125
2008-04-28,99.69945526123047
2008-04-29,99.30671691894531
2008-04-30,98.72118377685547
2008-05-01,100.76332092285156
2008-05-02,101.04180908203125
2008-05-05,100.55625915527344
2008-05-06,101.4273452758789
2008-05-07,99.62091827392578
2008-05-08,99.36384582519531
2008-05-09,99.17820739746094
2008-05-12,100.29205322265625
2008-05-13,100.30632781982422
2008-05-14,100.5134048461914
2008-05-15,101.77012634277344
2008-05-16,101.8629379272461
2008-05-19,102.14139556884766
2008-05-20,101.31312561035156
2008-05-21,99.59947967529297
2008-05-22,99.61373901367188
2008-05-23,98.27851867675781
2008-05-27,99.0068359375
2008-05-28,99.46376037597656
2008-05-29,99.96359252929688
2008-05-30,100.21353149414062
2008-06-02,99.17820739746094
2008-06-03,98.5998306274414
2008-06-04,98.5498275756836
2008-06-05,100.52057647705078
2008-06-06,97.31456756591797
2008-06-09,97.55022430419922
2008-06-10,97.06466674804688
2008-06-11,95.63663482666016
2008-06-12,96.00077056884766
2008-06-13,97.21460723876953
2008-06-16,97.27175903320312
2008-06-17,96.80047607421875
2008-06-18,95.85795593261719
2008-06-19,95.97935485839844
2008-06-20,94.42145538330078
2008-06-23,94.32817077636719
2008-06-24,94.14159393310547
2008-06-25,94.58648681640625
2008-06-26,92.01749420166016
2008-06-27,91.51517486572266
2008-06-30,91.83809661865234
2008-07-01,92.12513732910156
2008-07-02,90.54643249511719
2008-07-03,90.63969421386719
2008-07-07,89.71397399902344
2008-07-08,91.30706024169922
2008-07-09,89.5489501953125
2008-07-10,89.91494750976562
2008-07-11,88.8672103881836
2008-07-14,88.06351470947266
2008-07-15,86.82209014892578
2008-07-16,88.9533462524414
2008-07-17,89.84317016601562
2008-07-18,90.40288543701172
2008-07-21,90.45314025878906
2008-07-22,91.47929382324219
2008-07-23,91.97441864013672
2008-07-24,90.0656509399414
2008-07-25,90.04410552978516
2008-07-28,88.72372436523438
2008-07-29,90.61820220947266
2008-07-30,92.2327880859375
2008-07-31,91.01285552978516
2008-08-01,90.53205108642578
2008-08-04,89.69247436523438
2008-08-05,92.11077880859375
2008-08-06,92.51981353759766
2008-08-07,91.14204406738281
2008-08-08,92.83553314208984
2008-08-11,93.79716491699219
2008-08-12,92.82120513916016
2008-08-13,92.26150512695312
2008-08-14,92.95755767822266
2008-08-15,93.40965270996094
2008-08-18,92.13231658935547
2008-08-19,91.12767028808594
2008-08-20,91.55106353759766
2008-08-21,91.70895385742188
2008-08-22,93.03650665283203
2008-08-25,91.14921569824219
2008-08-26,91.41470336914062
2008-08-27,92.3045654296875
2008-08-28,93.4239730834961
2008-08-29,92.41934967041016
2008-09-02,91.84528350830078
2008-09-03,91.7663345336914
2008-09-04,89.00360107421875
2008-09-05,89.28343963623047
2008-09-08,91.12767028808594
2008-09-09,88.4223403930664
2008-09-10,88.78116607666016
2008-09-11,90.0656509399414
2008-09-12,90.4818344116211
2008-09-15,86.17625427246094
2008-09-16,87.61864471435547
2008-09-17,83.67900085449219
2008-09-18,86.16191101074219
2008-09-19,89.583740234375
2008-09-22,87.55561828613281
2008-09-23,85.56356811523438
2008-09-24,85.83786010742188
2008-09-25,87.18031311035156
2008-09-26,87.22359466552734
2008-09-29,80.38861083984375
2008-09-30,83.71588897705078
2008-10-01,83.76642608642578
2008-10-02,80.72785186767578
2008-10-03,79.63797760009766
2008-10-06,75.581787109375
2008-10-07,72.19676971435547
2008-10-08,70.37793731689453
2008-10-09,65.46278381347656
2008-10-10,63.874977111816406
2008-10-13,73.14946746826172
2008-10-14,72.06682586669922
2008-10-15,64.97203063964844
2008-10-16,67.67855834960938
2008-10-17,67.27437591552734
2008-10-20,71.31619262695312
2008-10-21,69.18705749511719
2008-10-22,65.41951751708984
2008-10-23,66.1773452758789
2008-10-24,62.821189880371094
2008-10-27,60.590980529785156
2008-10-28,67.67137908935547
2008-10-29,67.18054962158203
2008-10-30,69.50462341308594
2008-10-31,69.88712310791016
2008-11-03,70.08924102783203
2008-11-04,72.47101593017578
2008-11-05,69.42523956298828
2008-11-06,65.57827758789062
2008-11-07,67.7435302734375
2008-11-10,66.85578155517578
2008-11-11,64.79158782958984
2008-11-12,61.94064712524414
2008-11-13,65.80203247070312
2008-11-14,62.51804733276367
2008-11-17,61.68804168701172
2008-11-18,62.850067138671875
2008-11-19,58.82270050048828
2008-11-20,54.45609664916992
2008-11-21,57.39364242553711
2008-11-24,61.3704833984375
2008-11-25,61.82517623901367
2008-11-26,64.21415710449219
2008-11-28,65.02253723144531
2008-12-01,59.26296615600586
2008-12-02,61.543704986572266
2008-12-03,63.023311614990234
2008-12-04,61.565372467041016
2008-12-05,63.463565826416016
2008-12-08,65.67932891845703
2008-12-09,64.59668731689453
2008-12-10,65.03699493408203
2008-12-11,63.47079849243164
2008-12-12,64.22859191894531
2008-12-15,63.33362579345703
2008-12-16,66.31444549560547
2008-12-17,65.67210388183594
2008-12-18,64.4451675415039
2008-12-19,64.1679458618164
2008-12-22,63.345680236816406
2008-12-23,62.69087600708008
2008-12-24,63.0546875
2008-12-26,63.41847610473633
2008-12-29,63.23657989501953
2008-12-30,64.73543548583984
2008-12-31,65.6595230102539
2009-01-02,67.63864135742188
2009-01-05,67.55856323242188
2009-01-06,68.00971221923828
2009-01-07,65.9723892211914
2009-01-08,66.24161529541016
2009-01-09,64.82274627685547
2009-01-12,63.265663146972656
2009-01-13,63.3820915222168
2009-01-14,61.38844299316406
2009-01-15,61.41028594970703
2009-01-16,61.89048767089844
2009-01-20,58.62353515625
2009-01-21,61.1556396484375
2009-01-22,60.209754943847656
2009-01-23,60.47167205810547
2009-01-26,60.886390686035156
2009-01-27,61.50486755371094
2009-01-28,63.58584213256836
2009-01-29,61.51944351196289
2009-01-30,60.2679443359375
2009-02-02,60.086055755615234
2009-02-03,60.930049896240234
2009-02-04,60.63174057006836
2009-02-05,61.53397750854492
2009-02-06,63.287498474121094
2009-02-09,63.374847412109375
2009-02-10,60.47167205810547
2009-02-11,60.82818603515625
2009-02-12,60.8718147277832
2009-02-13,60.21699142456055
2009-02-17,57.64124298095703
2009-02-18,57.503021240234375
2009-02-19,56.8845329284668
2009-02-20,56.331565856933594
2009-02-23,54.316097259521484
2009-02-24,56.37522506713867
2009-02-25,55.931365966796875
2009-02-26,55.02185821533203
2009-02-27,53.79220199584961
2009-03-02,51.3692626953125
2009-03-03,50.9836311340332
2009-03-04,52.191471099853516
2009-03-05,50.059566497802734
2009-03-06,50.146873474121094
2009-03-09,49.557498931884766
2009-03-10,52.511592864990234
2009-03-11,52.853572845458984
2009-03-12,54.93453598022461
2009-03-13,55.36384582519531
2009-03-16,55.196495056152344
2009-03-17,56.8845329284668
2009-03-18,58.157875061035156
2009-03-19,57.43757247924805
2009-03-20,56.21445083618164
2009-03-23,60.2523193359375
2009-03-24,59.06510925292969
2009-03-25,59.6879997253418
2009-03-26,60.904502868652344
2009-03-27,59.805259704589844
2009-03-30,57.73871612548828
2009-03-31,58.273681640625
2009-04-01,59.40220260620117
2009-04-02,61.13899612426758
2009-04-03,61.74722671508789
2009-04-06,61.26357650756836
2009-04-07,59.8345832824707
2009-04-08,60.47943115234375
2009-04-09,62.883079528808594
2009-04-13,62.897743225097656
2009-04-14,61.81318664550781
2009-04-15,62.47270965576172
2009-04-16,63.38875198364258
2009-04-17,63.81378173828125
2009-04-20,61.13899612426758
2009-04-21,62.333465576171875
2009-04-22,61.95240020751953
2009-04-23,62.56062698364258
2009-04-24,63.50600051879883
2009-04-27,62.90508270263672
2009-04-28,62.70722198486328
2009-04-29,64.04093170166016
2009-04-30,64.06294250488281
2009-05-01,64.40736389160156
2009-05-04,66.59848022460938
2009-05-05,66.37129974365234
2009-05-06,67.52179718017578
2009-05-07,66.58380126953125
2009-05-08,68.13740539550781
2009-05-11,66.86229705810547
2009-05-12,66.66441345214844
2009-05-13,64.98626708984375
2009-05-14,65.54322052001953
2009-05-15,65.00827026367188
2009-05-18,66.85498809814453
2009-05-19,66.77434539794922
2009-05-20,66.32733917236328
2009-05-21,65.37468719482422
2009-05-22,65.23544311523438
2009-05-26,66.90625762939453
2009-05-27,65.71176147460938
2009-05-28,66.62779235839844
2009-05-29,67.80760192871094
2009-06-01,69.44913482666016
2009-06-02,69.50778198242188
2009-06-03,68.62837219238281
2009-06-04,69.27326202392578
2009-06-05,69.28792572021484
2009-06-08,69.00212097167969
2009-06-09,69.3538818359375
2009-06-10,69.17798614501953
2009-06-11,69.48575592041016
2009-06-12,69.67631530761719
2009-06-15,68.07878875732422
2009-06-16,67.15542602539062
2009-06-17,67.08946228027344
2009-06-18,67.58049774169922
2009-06-19,67.82955169677734
2009-06-22,65.79554748535156
2009-06-23,65.84713745117188
2009-06-24,66.41460418701172
2009-06-25,67.85901641845703
2009-06-26,67.68213653564453
2009-06-29,68.31592559814453
2009-06-30,67.76322174072266
2009-07-01,68.04327392578125
2009-07-02,66.18612670898438
2009-07-06,66.17877960205078
2009-07-07,64.89644622802734
2009-07-08,64.85222625732422
2009-07-09,64.9775161743164
2009-07-10,64.82274627685547
2009-07-13,66.3998794555664
2009-07-14,66.77571105957031
2009-07-15,68.7286605834961
2009-07-16,68.61811065673828
2009-07-17,69.36981964111328
2009-07-20,70.10673522949219
2009-07-21,70.43102264404297
2009-07-22,70.41627502441406
2009-07-23,71.97126007080078
2009-07-24,72.2660140991211
2009-07-27,72.47976684570312
2009-07-28,72.1407699584961
2009-07-29,71.96385192871094
2009-07-30,72.7155532836914
2009-07-31,72.81876373291016
2009-08-03,74.0199966430664
2009-08-04,74.21160125732422
2009-08-05,73.99787902832031
2009-08-06,73.61463928222656
2009-08-07,74.5801010131836
2009-08-10,74.42530059814453
2009-08-11,73.49675750732422
2009-08-12,74.28528594970703
2009-08-13,74.85275268554688
2009-08-14,74.2779541015625
2009-08-17,72.45026397705078
2009-08-18,73.02508544921875
2009-08-19,73.666259765625
2009-08-20,74.42530059814453
2009-08-21,75.8844985961914
2009-08-24,75.87712860107422
2009-08-25,76.0245132446289
2009-08-26,76.03190612792969
2009-08-27,76.20140838623047
2009-08-28,76.18666076660156
2009-08-31,75.50865173339844
2009-09-01,73.8431167602539
2009-09-02,73.56307220458984
2009-09-03,74.17472076416016
2009-09-04,75.21385955810547
2009-09-08,75.86238098144531
2009-09-09,76.44456481933594
2009-09-10,77.22575378417969
2009-09-11,77.2110595703125
2009-09-14,77.5868911743164
2009-09-15,77.91111755371094
2009-09-16,79.09021759033203
2009-09-17,78.97235870361328
2009-09-18,79.02268981933594
2009-09-21,78.82279968261719
2009-09-22,79.28189086914062
2009-09-23,78.62286376953125
2009-09-24,77.75646209716797
2009-09-25,77.34183502197266
2009-09-28,78.72650909423828
2009-09-29,78.48956298828125
2009-09-30,78.18596649169922
2009-10-01,76.24595642089844
2009-10-02,75.89049530029297
2009-10-05,77.02342987060547
2009-10-06,78.1267318725586
2009-10-07,78.34147644042969
2009-10-08,78.94123077392578
2009-10-09,79.42256164550781
2009-10-12,79.73355102539062
2009-10-13,79.57064056396484
2009-10-14,80.9405288696289
2009-10-15,81.23670196533203
2009-10-16,80.62950134277344
2009-10-19,81.29595184326172
2009-10-20,80.86643981933594
2009-10-21,80.14080810546875
2009-10-22,80.95535278320312
2009-10-23,80.02975463867188
2009-10-26,79.16336059570312
2009-10-27,78.80056762695312
2009-10-28,77.31224060058594
2009-10-29,78.97087860107422
2009-10-30,76.68282318115234
2009-11-02,77.24562072753906
2009-11-03,77.48990631103516
2009-11-04,77.68987274169922
2009-11-05,79.11896514892578
2009-11-06,79.32628631591797
2009-11-09,81.1330337524414
2009-11-10,81.14784240722656
2009-11-11,81.5625228881836
2009-11-12,80.7331771850586
2009-11-13,81.17003631591797
2009-11-16,82.34736633300781
2009-11-17,82.44364929199219
2009-11-18,82.39186096191406
2009-11-19,81.31815338134766
2009-11-20,81.02936553955078
2009-11-23,82.05863189697266
2009-11-24,82.18449401855469
2009-11-25,82.47327423095703
2009-11-27,81.1330337524414
2009-11-30,81.40702819824219
2009-12-01,82.41404724121094
2009-12-02,82.37700653076172
2009-12-03,81.7328109741211
2009-12-04,82.1993179321289
2009-12-07,82.07341003417969
2009-12-08,81.16266632080078
2009-12-09,81.46626281738281
2009-12-10,81.92530822753906
2009-12-11,82.27333068847656
2009-12-14,82.83612823486328
2009-12-15,82.45105743408203
2009-12-16,82.57695007324219
2009-12-17,81.5846939086914
2009-12-18,82.04627227783203
2009-12-21,82.88005828857422
2009-12-22,83.17784118652344
2009-12-23,83.34161376953125
2009-12-24,83.7361831665039
2009-12-28,83.91488647460938
2009-12-29,83.79573059082031
2009-12-30,83.7659683227539
2009-12-31,82.96195220947266
2010-01-04,84.3689956665039
2010-01-05,84.59234619140625
2010-01-06,84.6518783569336
2010-01-07,85.00917053222656
2010-01-08,85.29206848144531
2010-01-11,85.41120147705078
2010-01-12,84.61465454101562
2010-01-13,85.32933044433594
2010-01-14,85.56008911132812
2010-01-15,84.59978485107422
2010-01-19,85.65687561035156
2010-01-20,84.78587341308594
2010-01-21,83.1554946899414
2010-01-22,81.30180358886719
2010-01-25,81.71871185302734
2010-01-26,81.37628936767578
2010-01-27,81.76339721679688
2010-01-28,80.8254165649414
2010-01-29,79.94692993164062
2010-02-01,81.19013977050781
2010-02-02,82.1728515625
2010-02-03,81.76339721679688
2010-02-04,79.23969268798828
2010-02-05,79.40348052978516
2010-02-08,78.83024597167969
2010-02-09,79.82037353515625
2010-02-10,79.66400146484375
2010-02-11,80.49781036376953
2010-02-12,80.4308090209961
2010-02-16,81.6963882446289
2010-02-17,82.08348083496094
2010-02-18,82.5674057006836
2010-02-19,82.7386474609375
2010-02-22,82.75347900390625
2010-02-23,81.74848937988281
2010-02-24,82.50037384033203
2010-02-25,82.38871002197266
2010-02-26,82.44085693359375
2010-03-01,83.29698181152344
2010-03-02,83.52772521972656
2010-03-03,83.60218811035156
2010-03-04,83.85530090332031
2010-03-05,85.05387878417969
2010-03-08,85.06877136230469
2010-03-09,85.210205078125
2010-03-10,85.58989715576172
2010-03-11,85.94720458984375
2010-03-12,85.95465850830078
2010-03-15,85.97698211669922
2010-03-16,86.66188049316406
2010-03-17,87.17558288574219
2010-03-18,87.13091278076172
2010-03-19,86.68986511230469
2010-03-22,87.1533203125
2010-03-23,87.76628112792969
2010-03-24,87.34021759033203
2010-03-25,87.19816589355469
2010-03-26,87.14583587646484
2010-03-29,87.69898986816406
2010-03-30,87.7587661743164
2010-03-31,87.45983123779297
2010-04-01,88.05782318115234
2010-04-05,88.77544403076172
2010-04-06,88.9847412109375
2010-04-07,88.47645568847656
2010-04-08,88.78292846679688
2010-04-09,89.36599731445312
2010-04-12,89.50802612304688
2010-04-13,89.57527160644531
2010-04-14,90.59190368652344
2010-04-15,90.66667938232422
2010-04-16,89.22399139404297
2010-04-19,89.56033325195312
2010-04-20,90.36017608642578
2010-04-21,90.19573211669922
2010-04-22,90.46480560302734
2010-04-23,91.0553970336914
2010-04-26,90.71151733398438
2010-04-27,88.5661392211914
2010-04-28,89.23888397216797
2010-04-29,90.34525299072266
2010-04-30,88.81282043457031
2010-05-03,89.96400451660156
2010-05-04,87.8484878540039
2010-05-05,87.32525634765625
2010-05-06,84.42487335205078
2010-05-07,83.16903686523438
2010-05-10,86.83187866210938
2010-05-11,86.5852279663086
2010-05-12,87.79620361328125
2010-05-13,86.704833984375
2010-05-14,85.13502502441406
2010-05-17,85.17985534667969
2010-05-18,84.02119445800781
2010-05-19,83.54280853271484
2010-05-20,80.38827514648438
2010-05-21,81.56187438964844
2010-05-24,80.5153579711914
2010-05-25,80.59761047363281
2010-05-26,80.11170196533203
2010-05-27,82.79528045654297
2010-05-28,81.75624084472656
2010-06-01,80.38081359863281
2010-06-02,82.47381591796875
2010-06-03,82.75788879394531
2010-06-04,79.8500747680664
2010-06-07,78.85584259033203
2010-06-08,79.70059204101562
2010-06-09,79.27447509765625
2010-06-10,81.59178161621094
2010-06-11,81.98796081542969
2010-06-14,81.86091613769531
2010-06-15,83.72224426269531
2010-06-16,83.69232177734375
2010-06-17,83.82687377929688
2010-06-18,83.91775512695312
2010-06-21,83.67741394042969
2010-06-22,82.29541015625
2010-06-23,82.04005432128906
2010-06-24,80.68063354492188
2010-06-25,81.01859283447266
2010-06-28,80.76321411132812
2010-06-29,78.2696762084961
2010-06-30,77.52609252929688
2010-07-01,77.18059539794922
2010-07-02,76.7599868774414
2010-07-06,77.26319122314453
2010-07-07,79.6966781616211
2010-07-08,80.48529052734375
2010-07-09,81.08619689941406
2010-07-12,81.1387710571289
2010-07-13,82.3630142211914
2010-07-14,82.35552978515625
2010-07-15,82.37803649902344
2010-07-16,80.10981750488281
2010-07-19,80.58296966552734
2010-07-20,81.47673797607422
2010-07-21,80.41770935058594
2010-07-22,82.2127914428711
2010-07-23,82.92633819580078
2010-07-26,83.79003143310547
2010-07-27,83.78252410888672
2010-07-28,83.24178314208984
2010-07-29,82.83619689941406
2010-07-30,82.82119750976562
2010-08-02,84.69137573242188
2010-08-03,84.28577423095703
2010-08-04,84.8490982055664
2010-08-05,84.7589340209961
2010-08-06,84.4134521484375
2010-08-09,84.86408233642578
2010-08-10,84.40594482421875
2010-08-11,82.09261322021484
2010-08-12,81.58940887451172
2010-08-13,81.34906005859375
2010-08-16,81.31151580810547
2010-08-17,82.31043243408203
2010-08-18,82.46063995361328
2010-08-19,81.02610778808594
2010-08-20,80.76321411132812
2010-08-23,80.45528411865234
2010-08-24,79.2610855102539
2010-08-25,79.56900787353516
2010-08-26,79.03575897216797
2010-08-27,80.2600326538086
2010-08-30,79.09581756591797
2010-08-31,79.09581756591797
2010-09-01,81.46173095703125
2010-09-02,82.22032928466797
2010-09-03,83.2868423461914
2010-09-07,82.34801483154297
2010-09-08,82.92633819580078
2010-09-09,83.30937194824219
2010-09-10,83.72997283935547
2010-09-13,84.66132354736328
2010-09-14,84.60871887207031
2010-09-15,84.93167877197266
2010-09-16,84.9091567993164
2010-09-17,84.9408950805664
2010-09-20,86.2396240234375
2010-09-21,86.06594848632812
2010-09-22,85.64313507080078
2010-09-23,84.94841003417969
2010-09-24,86.70026397705078
2010-09-27,86.28497314453125
2010-09-28,86.58702087402344
2010-09-29,86.43598937988281
2010-09-30,86.17924499511719
2010-10-01,86.54170989990234
2010-10-04,85.89228057861328
2010-10-05,87.62149047851562
2010-10-06,87.61390686035156
2010-10-07,87.50818634033203
2010-10-08,87.99905395507812
2010-10-11,88.08207702636719
2010-10-12,88.35393524169922
2010-10-13,89.04106140136719
2010-10-14,88.6937255859375
2010-10-15,88.87492370605469
2010-10-18,89.31289672851562
2010-10-19,88.14249420166016
2010-10-20,89.00331115722656
2010-10-21,89.19963073730469
2010-10-22,89.36571502685547
2010-10-25,89.6300048828125
2010-10-26,89.64515686035156
2010-10-27,89.388427734375
2010-10-28,89.40350341796875
2010-10-29,89.47145080566406
2010-11-01,89.50167083740234
2010-11-02,90.2114486694336
2010-11-03,90.57389831542969
2010-11-04,92.31817626953125
2010-11-05,92.66551208496094
2010-11-08,92.4918441772461
2010-11-09,91.82736206054688
2010-11-10,92.19735717773438
2010-11-11,91.84999084472656
2010-11-12,90.7626724243164
2010-11-15,90.6343002319336
2010-11-16,89.22225189208984
2010-11-17,89.26761627197266
2010-11-18,90.5814208984375
2010-11-19,90.8306655883789
2010-11-22,90.75514221191406
2010-11-23,89.44127655029297
2010-11-24,90.7626724243164
2010-11-26,89.7055435180664
2010-11-29,89.97736358642578
2010-11-30,89.47145080566406
2010-12-01,91.37432098388672
2010-12-02,92.5447006225586
2010-12-03,92.79391479492188
2010-12-06,92.69573974609375
2010-12-07,92.74860382080078
2010-12-08,93.08838653564453
2010-12-09,93.4508056640625
2010-12-10,93.99447631835938
2010-12-13,94.05489349365234
2010-12-14,94.13795471191406
2010-12-15,93.70756530761719
2010-12-16,94.25120544433594
2010-12-17,94.35220336914062
2010-12-20,94.57990264892578
2010-12-21,95.1795654296875
2010-12-22,95.47563171386719
2010-12-23,95.3389663696289
2010-12-27,95.3769302368164
2010-12-28,95.5135726928711
2010-12-29,95.58187103271484
2010-12-30,95.43003845214844
2010-12-31,95.45280456542969
2011-01-03,96.43962860107422
2011-01-04,96.386474609375
2011-01-05,96.8874740600586
2011-01-06,96.69770812988281
2011-01-07,96.5079345703125
2011-01-10,96.386474609375
2011-01-11,96.7280502319336
2011-01-12,97.60101318359375
2011-01-13,97.44158935546875
2011-01-14,98.14752197265625
2011-01-18,98.31452941894531
2011-01-19,97.35049438476562
2011-01-20,97.22145080566406
2011-01-21,97.44158935546875
2011-01-24,97.99571228027344
2011-01-25,98.0488510131836
2011-01-26,98.42838287353516
2011-01-27,98.6712646484375
2011-01-28,96.94822692871094
2011-01-31,97.6769027709961
2011-02-01,99.2406005859375
2011-02-02,99.05079650878906
2011-02-03,99.27095794677734
2011-02-04,99.55181884765625
2011-02-07,100.17422485351562
2011-02-08,100.62968444824219
2011-02-09,100.40196990966797
2011-02-10,100.43991088867188
2011-02-11,101.03958892822266
2011-02-14,101.28250885009766
2011-02-15,100.96366882324219
2011-02-16,101.60127258300781
2011-02-17,101.90489196777344
2011-02-18,102.11744689941406
2011-02-22,100.06796264648438
2011-02-23,99.45314025878906
2011-02-24,99.38481903076172
2011-02-25,100.447509765625
2011-02-28,101.0699462890625
2011-03-01,99.38481903076172
2011-03-02,99.59735870361328
2011-03-03,101.31283569335938
2011-03-04,100.55377960205078
2011-03-07,99.76434326171875
2011-03-08,100.63726043701172
2011-03-09,100.49303436279297
2011-03-10,98.6333236694336
2011-03-11,99.3165054321289
2011-03-14,98.71680450439453
2011-03-15,97.58580780029297
2011-03-16,95.77925872802734
2011-03-17,97.04685974121094
2011-03-18,97.39985656738281
2011-03-21,98.90934753417969
2011-03-22,98.56627655029297
2011-03-23,98.84834289550781
2011-03-24,99.79365539550781
2011-03-25,100.09861755371094
2011-03-28,99.85467529296875
2011-03-29,100.52555084228516
2011-03-30,101.21930694580078
2011-03-31,101.08207702636719
2011-04-01,101.5090103149414
2011-04-04,101.59284973144531
2011-04-05,101.57763671875
2011-04-06,101.89781188964844
2011-04-07,101.63861846923828
2011-04-08,101.2879409790039
2011-04-11,100.98296356201172
2011-04-12,100.22824096679688
2011-04-13,100.22061920166016
2011-04-14,100.29684448242188
2011-04-15,100.66280364990234
2011-04-18,99.53449249267578
2011-04-19,100.10621643066406
2011-04-20,101.47088623046875
2011-04-21,101.9892807006836
2011-04-25,101.882568359375
2011-04-26,102.75930786132812
2011-04-27,103.4301528930664
2011-04-28,103.7656021118164
2011-04-29,104.00953674316406
2011-05-02,103.8494873046875
2011-05-03,103.47592163085938
2011-05-04,102.7898178100586
2011-05-05,101.85966491699219
2011-05-06,102.30950927734375
2011-05-09,102.70592498779297
2011-05-10,103.58265686035156
2011-05-11,102.4924545288086
2011-05-12,102.9803466796875
2011-05-13,102.1875
2011-05-16,101.53947448730469
2011-05-17,101.52423858642578
2011-05-18,102.43144989013672
2011-05-19,102.67542266845703
2011-05-20,101.85966491699219
2011-05-23,100.67800903320312
2011-05-24,100.59416198730469
2011-05-25,100.92959594726562
2011-05-26,101.39463806152344
2011-05-27,101.78347778320312
2011-05-31,102.8431625366211
2011-06-01,100.53316497802734
2011-06-02,100.42642974853516
2011-06-03,99.42774200439453
2011-06-06,98.37567901611328
2011-06-07,98.31468963623047
2011-06-08,97.90298461914062
2011-06-09,98.650146484375
2011-06-10,97.27783203125
2011-06-13,97.35411071777344
2011-06-14,98.58914184570312
2011-06-15,96.835693359375
2011-06-16,97.04917907714844
2011-06-17,97.33876037597656
2011-06-20,97.8367691040039
2011-06-21,99.1775131225586
2011-06-22,98.57991790771484
2011-06-23,98.29642486572266
2011-06-24,97.15491485595703
2011-06-27,98.02064514160156
2011-06-28,99.30009460449219
2011-06-29,100.15052032470703
2011-06-30,101.10819244384766
2011-07-01,102.6021957397461
2011-07-05,102.51791381835938
2011-07-06,102.6405029296875
2011-07-07,103.70545959472656
2011-07-08,102.9699478149414
2011-07-11,101.10819244384766
2011-07-12,100.67153930664062
2011-07-13,101.00862884521484
2011-07-14,100.31141662597656
2011-07-15,100.89366149902344
2011-07-18,100.06626892089844
2011-07-19,101.69047546386719
2011-07-20,101.62915802001953
2011-07-21,103.03887939453125
2011-07-22,103.10784912109375
2011-07-25,102.53323364257812
2011-07-26,102.1501693725586
2011-07-27,100.05860137939453
2011-07-28,99.76744079589844
2011-07-29,99.08557891845703
2011-08-01,98.66422271728516
2011-08-02,96.14356231689453
2011-08-03,96.66455078125
2011-08-04,92.13665008544922
2011-08-05,91.99874877929688
2011-08-08,86.00749206542969
2011-08-09,90.00675201416016
2011-08-10,86.03047180175781
2011-08-11,89.89186096191406
2011-08-12,90.49708557128906
2011-08-15,92.41243743896484
2011-08-16,91.6233139038086
2011-08-17,91.68461608886719
2011-08-18,87.73129272460938
2011-08-19,86.29859161376953
2011-08-22,86.36756896972656
2011-08-23,89.2099838256836
2011-08-24,90.46644592285156
2011-08-25,89.0873794555664
2011-08-26,90.3821792602539
2011-08-29,92.97940826416016
2011-08-30,93.22457122802734
2011-08-31,93.63829040527344
2011-09-01,92.65763092041016
2011-09-02,90.29021453857422
2011-09-06,89.63135528564453
2011-09-07,92.1596450805664
2011-09-08,91.20195007324219
2011-09-09,88.81156921386719
2011-09-12,89.38619995117188
2011-09-13,90.20594024658203
2011-09-14,91.45472717285156
2011-09-15,93.03302764892578
2011-09-16,93.58367919921875
2011-09-19,92.65182495117188
2011-09-20,92.54402923583984
2011-09-21,89.81782531738281
2011-09-22,86.91449737548828
2011-09-23,87.4382095336914
2011-09-26,89.51746368408203
2011-09-27,90.5186538696289
2011-09-28,88.67035675048828
2011-09-29,89.37114715576172
2011-09-30,87.13786315917969
2011-10-03,84.6581039428711
2011-10-04,86.51405334472656
2011-10-05,88.11589050292969
2011-10-06,89.71002960205078
2011-10-07,89.10931396484375
2011-10-10,92.08966064453125
2011-10-11,92.18206787109375
2011-10-12,92.99065399169922
2011-10-13,92.80583190917969
2011-10-14,94.39228057861328
2011-10-17,92.5902099609375
2011-10-18,94.39997863769531
2011-10-19,93.2833251953125
2011-10-20,93.69147491455078
2011-10-21,95.4704360961914
2011-10-24,96.6409912109375
2011-10-25,94.76193237304688
2011-10-26,95.72455596923828
2011-10-27,99.05916595458984
2011-10-28,99.03605651855469
2011-10-31,96.648681640625
2011-11-01,93.95331573486328
2011-11-02,95.48584747314453
2011-11-03,97.2262954711914
2011-11-04,96.63331604003906
2011-11-07,97.23397064208984
2011-11-08,98.4815444946289
2011-11-09,94.8466567993164
2011-11-10,95.73994445800781
2011-11-11,97.54204559326172
2011-11-14,96.61790466308594
2011-11-15,97.09536743164062
2011-11-16,95.55513763427734
2011-11-17,94.03800964355469
2011-11-18,93.93791198730469
2011-11-21,92.15122985839844
2011-11-22,91.78929901123047
2011-11-23,89.76390838623047
2011-11-25,89.59449768066406
2011-11-28,92.18975830078125
2011-11-29,92.45159149169922
2011-11-30,96.25595092773438
2011-12-01,96.24052429199219
2011-12-02,96.15582275390625
2011-12-05,97.20319366455078
2011-12-06,97.23397064208984
2011-12-07,97.5959243774414
2011-12-08,95.4549789428711
2011-12-09,97.07225036621094
2011-12-12,95.6552505493164
2011-12-13,94.76193237304688
2011-12-14,93.7530746459961
2011-12-15,94.09193420410156
2011-12-16,94.23140716552734
2011-12-19,93.22396087646484
2011-12-20,96.04490661621094
2011-12-21,96.23091125488281
2011-12-22,97.08340454101562
2011-12-23,97.9513931274414
2011-12-27,98.02891540527344
2011-12-28,96.74240112304688
2011-12-29,97.74214935302734
2011-12-30,97.26164245605469
2012-01-03,98.81165313720703
2012-01-04,98.96662902832031
2012-01-05,99.2301025390625
2012-01-06,98.97442626953125
2012-01-09,99.21463775634766
2012-01-10,100.07489776611328
2012-01-11,100.12913513183594
2012-01-12,100.36940002441406
2012-01-13,99.85013580322266
2012-01-17,100.23763275146484
2012-01-18,101.34590148925781
2012-01-19,101.88062286376953
2012-01-20,102.26036071777344
2012-01-23,101.99686431884766
2012-01-24,101.88062286376953
2012-01-25,102.73310852050781
2012-01-26,102.20613098144531
2012-01-27,102.15962219238281
2012-01-30,101.81085205078125
2012-01-31,101.77215576171875
2012-02-01,102.6633529663086
2012-02-02,102.82611083984375
2012-02-03,104.26758575439453
2012-02-06,104.19783782958984
2012-02-07,104.4613265991211
2012-02-08,104.77131652832031
2012-02-09,104.90309143066406
2012-02-10,104.1280746459961
2012-02-13,104.90309143066406
2012-02-14,104.77131652832031
2012-02-15,104.2830581665039
2012-02-16,105.43785095214844
2012-02-17,105.71684265136719
2012-02-21,105.76333618164062
2012-02-22,105.4223403930664
2012-02-23,105.88733673095703
2012-02-24,106.11981201171875
2012-02-27,106.2980728149414
2012-02-28,106.60810089111328
2012-02-29,106.18955993652344
2012-03-01,106.73981475830078
2012-03-02,106.41434478759766
2012-03-05,105.98030853271484
2012-03-06,104.4303207397461
2012-03-07,105.15882873535156
2012-03-08,106.2051010131836
2012-03-09,106.61583709716797
2012-03-12,106.62356567382812
2012-03-13,108.54554748535156
2012-03-14,108.42929077148438
2012-03-15,109.05708312988281
2012-03-16,109.20806121826172
2012-03-19,109.63617706298828
2012-03-20,109.31702423095703
2012-03-21,109.13802337646484
2012-03-22,108.35182189941406
2012-03-23,108.70207214355469
2012-03-26,110.227783203125
2012-03-27,109.88522338867188
2012-03-28,109.34042358398438
2012-03-29,109.15354919433594
2012-03-30,109.60501861572266
2012-04-02,110.40675354003906
2012-04-03,109.95531463623047
2012-04-04,108.86555480957031
2012-04-05,108.81106567382812
2012-04-09,107.58901977539062
2012-04-10,105.78314971923828
2012-04-11,106.63935852050781
2012-04-12,108.03268432617188
2012-04-13,106.74835205078125
2012-04-16,106.67831420898438
2012-04-17,108.2584228515625
2012-04-18,107.8926010131836
2012-04-19,107.19979095458984
2012-04-20,107.37885284423828
2012-04-23,106.47592163085938
2012-04-24,106.88066864013672
2012-04-25,108.34405517578125
2012-04-26,109.09909057617188
2012-04-27,109.27814483642578
2012-04-30,108.87332153320312
2012-05-01,109.55057525634766
2012-05-02,109.22362518310547
2012-05-03,108.39077758789062
2012-05-04,106.63935852050781
2012-05-07,106.71723175048828
2012-05-08,106.28911590576172
2012-05-09,105.65860748291016
2012-05-10,105.87654113769531
2012-05-11,105.55741119384766
2012-05-14,104.38983917236328
2012-05-15,103.79045867919922
2012-05-16,103.39347839355469
2012-05-17,101.86004638671875
2012-05-18,100.98828125
2012-05-21,102.72409057617188
2012-05-22,102.90309143066406
2012-05-23,102.95760345458984
2012-05-24,103.15997314453125
2012-05-25,102.82526397705078
2012-05-29,104.07071685791016
2012-05-30,102.5606460571289
2012-05-31,102.33487701416016
2012-06-01,99.75843048095703
2012-06-04,99.71173095703125
2012-06-05,100.46676635742188
2012-06-06,102.72409057617188
2012-06-07,102.78633880615234
2012-06-08,103.60366821289062
2012-06-11,102.28816986083984
2012-06-12,103.46353149414062
2012-06-13,102.80191040039062
2012-06-14,103.89167785644531
2012-06-15,104.95421600341797
2012-06-18,105.15760803222656
2012-06-19,106.17477416992188
2012-06-20,106.00262451171875
2012-06-21,103.62406158447266
2012-06-22,104.42213439941406
2012-06-25,102.74778747558594
2012-06-26,103.26419067382812
2012-06-27,104.19525146484375
2012-06-28,103.89790344238281
2012-06-29,106.48773193359375
2012-07-02,106.80851745605469
2012-07-03,107.51274108886719
2012-07-05,107.02761840820312
2012-07-06,106.01046752929688
2012-07-09,105.87748718261719
2012-07-10,104.95421600341797
2012-07-11,104.96983337402344
2012-07-12,104.4612808227539
2012-07-13,106.2138900756836
2012-07-16,105.9635009765625
2012-07-17,106.69115447998047
2012-07-18,107.48140716552734
2012-07-19,107.7630844116211
2012-07-20,106.7772445678711
2012-07-23,105.69750213623047
2012-07-24,104.78988647460938
2012-07-25,104.81331634521484
2012-07-26,106.54246520996094
2012-07-27,108.50635528564453
2012-07-30,108.50635528564453
2012-07-31,107.74746704101562
2012-08-01,107.6535415649414
2012-08-02,106.91028594970703
2012-08-03,109.0306167602539
2012-08-06,109.24182891845703
2012-08-07,109.78955841064453
2012-08-08,109.92259979248047
2012-08-09,110.01649475097656
2012-08-10,110.19639587402344
2012-08-13,110.1416244506836
2012-08-14,110.1573257446289
2012-08-15,110.28250885009766
2012-08-16,111.09622192382812
2012-08-17,111.24488067626953
2012-08-20,111.25270080566406
2012-08-21,110.916259765625
2012-08-22,110.96319580078125
2012-08-23,110.05560302734375
2012-08-24,110.72063446044922
2012-08-27,110.74411010742188
2012-08-28,110.63459014892578
2012-08-29,110.72063446044922
2012-08-30,109.92259979248047
2012-08-31,110.44682312011719
2012-09-04,110.34505462646484
2012-09-05,110.25122833251953
2012-09-06,112.48889923095703
2012-09-07,112.9271011352539
2012-09-10,112.28548431396484
2012-09-11,112.59851837158203
2012-09-12,112.97405242919922
2012-09-13,114.69535827636719
2012-09-14,115.20392608642578
2012-09-17,114.81271362304688
2012-09-18,114.71879577636719
2012-09-19,114.78144073486328
2012-09-20,114.78923797607422
2012-09-21,114.7412338256836
2012-09-24,114.5682373046875
2012-09-25,113.3490219116211
2012-09-26,112.71180725097656
2012-09-27,113.77374267578125
2012-09-28,113.24675750732422
2012-10-01,113.5456314086914
2012-10-02,113.66360473632812
2012-10-03,114.12775421142578
2012-10-04,114.94578552246094
2012-10-05,114.95365905761719
2012-10-08,114.56037902832031
2012-10-09,113.42765808105469
2012-10-10,112.7039794921875
2012-10-11,112.76689147949219
2012-10-12,112.39715576171875
2012-10-15,113.3332748413086
2012-10-16,114.48167419433594
2012-10-17,115.00081634521484
2012-10-18,114.70196533203125
2012-10-19,112.79052734375
2012-10-22,112.80621337890625
2012-10-23,111.24093627929688
2012-10-24,110.9262466430664
2012-10-25,111.2487564086914
2012-10-26,111.18586730957031
2012-10-31,111.18586730957031
2012-11-01,112.35003662109375
2012-11-02,111.35102844238281
2012-11-05,111.57913970947266
2012-11-06,112.4522705078125
2012-11-07,109.90369415283203
2012-11-08,108.58218383789062
2012-11-09,108.67655944824219
2012-11-12,108.76311492919922
2012-11-13,108.38554382324219
2012-11-14,106.92247009277344
2012-11-15,106.74153900146484
2012-11-16,107.26854705810547
2012-11-19,109.4395980834961
2012-11-20,109.48680877685547
2012-11-21,109.69129180908203
2012-11-23,111.18586730957031
2012-11-26,110.9498519897461
2012-11-27,110.38350677490234
2012-11-28,111.27239990234375
2012-11-29,111.79153442382812
2012-11-30,111.81512451171875
2012-12-03,111.2645263671875
2012-12-04,111.107177734375
2012-12-05,111.3038101196289
2012-12-06,111.68138885498047
2012-12-07,112.01962280273438
2012-12-10,112.0668716430664
2012-12-11,112.82984161376953
2012-12-12,112.88488006591797
2012-12-13,112.19271087646484
2012-12-14,111.77574157714844
2012-12-17,113.08940124511719
2012-12-18,114.34794616699219
2012-12-19,113.49842071533203
2012-12-20,114.1512680053711
2012-12-21,113.11516571044922
2012-12-24,112.76658630371094
2012-12-26,112.2912826538086
2012-12-27,112.14073944091797
2012-12-28,110.92874145507812
2012-12-31,112.81409454345703
2013-01-02,115.70551300048828
2013-01-03,115.44412231445312
2013-01-04,115.95115661621094
2013-01-07,115.63426971435547
2013-01-08,115.30159759521484
2013-01-09,115.5946273803711
2013-01-10,116.51360321044922
2013-01-11,116.50572204589844
2013-01-14,116.42643737792969
2013-01-15,116.50572204589844
2013-01-16,116.48985290527344
2013-01-17,117.24238586425781
2013-01-18,117.50386047363281
2013-01-22,118.13756561279297
2013-01-23,118.32769775390625
2013-01-24,118.35938262939453
2013-01-25,119.02474975585938
2013-01-28,118.8821792602539
2013-01-29,119.349609375
2013-01-30,118.8821792602539
2013-01-31,118.5890884399414
2013-02-01,119.80908203125
2013-02-04,118.46235656738281
2013-02-05,119.65853881835938
2013-02-06,119.74567413330078
2013-02-07,119.58726501464844
2013-02-08,120.2527084350586
2013-02-11,120.22889709472656
2013-02-12,120.42698669433594
2013-02-13,120.5299301147461
2013-02-14,120.64083862304688
2013-02-15,120.49823760986328
2013-02-19,121.40130615234375
2013-02-20,119.88825225830078
2013-02-21,119.15946960449219
2013-02-22,120.32398986816406
2013-02-25,118.03460693359375
2013-02-26,118.84260559082031
2013-02-27,120.33979797363281
2013-02-28,120.10211944580078
2013-03-01,120.49823760986328
2013-03-04,121.13992309570312
2013-03-05,122.2251968383789
2013-03-06,122.3915786743164
2013-03-07,122.61331939697266
2013-03-08,123.13622283935547
2013-03-11,123.60365295410156
2013-03-12,123.3263168334961
2013-03-13,123.5006103515625
2013-03-14,124.15811920166016
2013-03-15,123.99419403076172
2013-03-18,123.30992889404297
2013-03-19,123.02342224121094
2013-03-20,123.8827896118164
2013-03-21,122.82454681396484
2013-03-22,123.81121063232422
2013-03-25,123.29398345947266
2013-03-26,124.28065490722656
2013-03-27,124.28065490722656
2013-03-28,124.66256713867188
2013-04-01,124.16925811767578
2013-04-02,124.78196716308594
2013-04-03,123.51679992675781
2013-04-04,124.0180892944336
2013-04-05,123.46107482910156
2013-04-08,124.29657745361328
2013-04-09,124.7261962890625
2013-04-10,126.25397491455078
2013-04-11,126.66776275634766
2013-04-12,126.35739135742188
2013-04-15,123.42922973632812
2013-04-16,125.25144958496094
2013-04-17,123.4212875366211
2013-04-18,122.64949035644531
2013-04-19,123.71566772460938
2013-04-22,124.26469421386719
2013-04-23,125.54582977294922
2013-04-24,125.62542724609375
2013-04-25,126.13463592529297
2013-04-26,125.91183471679688
2013-04-29,126.75529479980469
2013-04-30,127.05764770507812
2013-05-01,125.94364929199219
2013-05-02,127.11331176757812
2013-05-03,128.40235900878906
2013-05-06,128.7285919189453
2013-05-07,129.38113403320312
2013-05-08,129.96995544433594
2013-05-09,129.60389709472656
2013-05-10,130.02561950683594
2013-05-13,130.12904357910156
2013-05-14,131.47377014160156
2013-05-15,132.1819305419922
2013-05-16,131.56129455566406
2013-05-17,132.83445739746094
2013-05-20,132.82647705078125
2013-05-21,133.01744079589844
2013-05-22,132.03079223632812
2013-05-23,131.6488800048828
2013-05-24,131.5373992919922
2013-05-28,132.3251953125
2013-05-29,131.4658203125
2013-05-30,131.95123291015625
2013-05-31,130.0574188232422
2013-06-03,130.7736358642578
2013-06-04,130.14495849609375
2013-06-05,128.32284545898438
2013-06-06,129.48451232910156
2013-06-07,131.1316375732422
2013-06-10,131.1316375732422
2013-06-11,129.77894592285156
2013-06-12,128.70472717285156
2013-06-13,130.66221618652344
2013-06-14,129.8426513671875
2013-06-17,130.84518432617188
2013-06-18,131.87962341308594
2013-06-19,130.0574188232422
2013-06-20,126.8348617553711
2013-06-21,127.24201965332031
2013-06-24,125.63414001464844
2013-06-25,126.84207916259766
2013-06-26,128.09788513183594
2013-06-27,128.8497772216797
2013-06-28,128.3218994140625
2013-07-01,129.0738067626953
2013-07-02,128.95384216308594
2013-07-03,129.00982666015625
2013-07-05,130.4016571044922
2013-07-08,131.14556884765625
2013-07-09,132.08949279785156
2013-07-10,132.1375274658203
2013-07-11,133.93722534179688
2013-07-12,133.99322509765625
2013-07-15,134.5052032470703
2013-07-16,134.001220703125
2013-07-17,134.3451690673828
2013-07-18,135.0811309814453
2013-07-19,135.32113647460938
2013-07-22,135.58511352539062
2013-07-23,135.29713439941406
2013-07-24,134.80113220214844
2013-07-25,135.1291046142578
2013-07-26,135.27310180664062
2013-07-29,134.8571319580078
2013-07-30,134.8571319580078
2013-07-31,134.95310974121094
2013-08-01,136.51303100585938
2013-08-02,136.74497985839844
2013-08-05,136.54495239257812
2013-08-06,135.7691192626953
2013-08-07,135.3291015625
2013-08-08,135.82504272460938
2013-08-09,135.43312072753906
2013-08-12,135.27310180664062
2013-08-13,135.67308044433594
2013-08-14,134.97718811035156
2013-08-15,133.0894012451172
2013-08-16,132.64944458007812
2013-08-19,131.80152893066406
2013-08-20,132.44944763183594
2013-08-21,131.63351440429688
2013-08-22,132.8333740234375
2013-08-23,133.28131103515625
2013-08-26,132.785400390625
2013-08-27,130.649658203125
2013-08-28,131.11354064941406
2013-08-29,131.32156372070312
2013-08-30,130.90560913085938
2013-09-03,131.49754333496094
2013-09-04,132.58541870117188
2013-09-05,132.75341796875
2013-09-06,132.81744384765625
2013-09-09,134.0892791748047
2013-09-10,135.0811309814453
2013-09-11,135.50509643554688
2013-09-12,135.14512634277344
2013-09-13,135.4490203857422
2013-09-16,136.23306274414062
2013-09-17,136.8409881591797
2013-09-18,138.42477416992188
2013-09-19,138.1927947998047
2013-09-20,137.22659301757812
2013-09-23,136.5916748046875
2013-09-24,136.2700653076172
2013-09-25,135.87623596191406
2013-09-26,136.39869689941406
2013-09-27,135.77171325683594
2013-09-30,135.0482940673828
2013-10-01,136.11729431152344
2013-10-02,135.98876953125
2013-10-03,134.73477172851562
2013-10-04,135.7556915283203
2013-10-07,134.5820770263672
2013-10-08,133.01466369628906
2013-10-09,133.1111297607422
2013-10-10,135.98072814941406
2013-10-11,136.8568572998047
2013-10-14,137.40347290039062
2013-10-15,136.4066925048828
2013-10-16,138.31178283691406
2013-10-17,139.2361297607422
2013-10-18,140.17660522460938
2013-10-21,140.18466186523438
2013-10-22,140.99655151367188
2013-10-23,140.3213653564453
2013-10-24,140.7875213623047
2013-10-25,141.43055725097656
2013-10-28,141.65562438964844
2013-10-29,142.4111785888672
2013-10-30,141.703857421875
2013-10-31,141.3019256591797
2013-11-01,141.63955688476562
2013-11-04,142.137939453125
2013-11-05,141.68775939941406
2013-11-06,142.4111785888672
2013-11-07,140.6106414794922
2013-11-08,142.50770568847656
2013-11-11,142.53182983398438
2013-11-12,142.24241638183594
2013-11-13,143.38377380371094
2013-11-14,144.0991668701172
2013-11-15,144.72625732421875
2013-11-18,144.2197723388672
2013-11-19,143.9062957763672
2013-11-20,143.4561767578125
2013-11-21,144.6136474609375
2013-11-22,145.33705139160156
2013-11-25,145.19241333007812
2013-11-26,145.23257446289062
2013-11-27,145.5862579345703
2013-11-29,145.48977661132812
2013-12-02,145.112060546875
2013-12-03,144.4850616455078
2013-12-04,144.468994140625
2013-12-05,143.83396911621094
2013-12-06,145.44163513183594
2013-12-09,145.81130981445312
2013-12-10,145.28884887695312
2013-12-11,143.65713500976562
2013-12-12,143.182861328125
2013-12-13,143.16676330566406
2013-12-16,144.05897521972656
2013-12-17,143.600830078125
2013-12-18,146.052490234375
2013-12-19,145.88368225097656
2013-12-20,146.73228454589844
2013-12-23,147.51614379882812
2013-12-24,147.83946228027344
2013-12-26,148.59112548828125
2013-12-27,148.58299255371094
2013-12-30,148.55870056152344
2013-12-31,149.26182556152344
2014-01-02,147.83139038085938
2014-01-03,147.80712890625
2014-01-06,147.37876892089844
2014-01-07,148.28396606445312
2014-01-08,148.31631469726562
2014-01-09,148.41329956054688
2014-01-10,148.81729125976562
2014-01-13,146.8373260498047
2014-01-14,148.43756103515625
2014-01-15,149.2376251220703
2014-01-16,149.04364013671875
2014-01-17,148.41329956054688
2014-01-21,148.84967041015625
2014-01-22,148.94667053222656
2014-01-23,147.72634887695312
2014-01-24,144.57443237304688
2014-01-27,143.86318969726562
2014-01-28,144.71990966796875
2014-01-29,143.3298797607422
2014-01-30,144.84918212890625
2014-01-31,144.00062561035156
2014-02-03,140.7598419189453
2014-02-04,141.7458038330078
2014-02-05,141.56796264648438
2014-02-06,143.4349365234375
2014-02-07,145.21290588378906
2014-02-10,145.47958374023438
2014-02-11,147.0716094970703
2014-02-12,147.1444549560547
2014-02-13,147.90408325195312
2014-02-14,148.7203369140625
2014-02-18,148.8981475830078
2014-02-19,147.9122314453125
2014-02-20,148.78504943847656
2014-02-21,148.61534118652344
2014-02-24,149.4396514892578
2014-02-25,149.38307189941406
2014-02-26,149.3911895751953
2014-02-27,150.1750946044922
2014-02-28,150.5548858642578
2014-03-03,149.49623107910156
2014-03-04,151.59742736816406
2014-03-05,151.73487854003906
2014-03-06,152.0823516845703
2014-03-07,152.1470184326172
2014-03-10,152.06617736816406
2014-03-11,151.31466674804688
2014-03-12,151.35501098632812
2014-03-13,149.65782165527344
2014-03-14,149.2376251220703
2014-03-17,150.58726501464844
2014-03-18,151.66212463378906
2014-03-19,150.85401916503906
2014-03-20,151.73487854003906
2014-03-21,151.14627075195312
2014-03-24,150.5213623046875
2014-03-25,151.2356414794922
2014-03-26,150.1478729248047
2014-03-27,149.8313751220703
2014-03-28,150.57005310058594
2014-03-31,151.80381774902344
2014-04-01,152.81044006347656
2014-04-02,153.3218231201172
2014-04-03,153.11891174316406
2014-04-04,151.30865478515625
2014-04-07,149.63648986816406
2014-04-08,150.25344848632812
2014-04-09,151.86878967285156
2014-04-10,148.67869567871094
2014-04-11,147.3392791748047
2014-04-14,148.50006103515625
2014-04-15,149.5228271484375
2014-04-16,151.08953857421875
2014-04-17,151.3005828857422
2014-04-21,151.82818603515625
2014-04-22,152.51821899414062
2014-04-23,152.1610107421875
2014-04-24,152.46954345703125
2014-04-25,151.21937561035156
2014-04-28,151.6983184814453
2014-04-29,152.40452575683594
2014-04-30,152.859130859375
2014-05-01,152.87533569335938
2014-05-02,152.65618896484375
2014-05-05,152.94839477539062
2014-05-06,151.61720275878906
2014-05-07,152.5100860595703
2014-05-08,152.3477020263672
2014-05-09,152.5750274658203
2014-05-12,154.06048583984375
2014-05-13,154.19851684570312
2014-05-14,153.46791076660156
2014-05-15,152.12045288085938
2014-05-16,152.6481170654297
2014-05-19,153.2082061767578
2014-05-20,152.2421875
2014-05-21,153.52476501464844
2014-05-22,153.89813232421875
2014-05-23,154.51504516601562
2014-05-27,155.46478271484375
2014-05-28,155.35118103027344
2014-05-29,156.15476989746094
2014-05-30,156.40643310546875
2014-06-02,156.5850067138672
2014-06-03,156.5038299560547
2014-06-04,156.82041931152344
2014-06-05,157.8431854248047
2014-06-06,158.59814453125
2014-06-09,158.7604522705078
2014-06-10,158.77667236328125
2014-06-11,158.22476196289062
2014-06-12,157.1045684814453
2014-06-13,157.58346557617188
2014-06-16,157.71331787109375
2014-06-17,158.1516876220703
2014-06-18,159.3125
2014-06-19,159.49102783203125
2014-06-20,159.8148651123047
2014-06-23,159.7659454345703
2014-06-24,158.80343627929688
2014-06-25,159.52122497558594
2014-06-26,159.4070587158203
2014-06-27,159.71701049804688
2014-06-30,159.6354522705078
2014-07-01,160.7039031982422
2014-07-02,160.86703491210938
2014-07-03,161.65814208984375
2014-07-07,161.0953826904297
2014-07-08,160.0595245361328
2014-07-09,160.77728271484375
2014-07-10,160.14111328125
2014-07-11,160.36131286621094
2014-07-14,161.16883850097656
2014-07-15,160.86703491210938
2014-07-16,161.4624786376953
2014-07-17,159.62730407714844
2014-07-18,161.258544921875
2014-07-21,160.956787109375
2014-07-22,161.65814208984375
2014-07-23,162.0170440673828
2014-07-24,162.02523803710938
2014-07-25,161.26669311523438
2014-07-28,161.33193969726562
2014-07-29,160.63861083984375
2014-07-30,160.6631317138672
2014-07-31,157.49032592773438
2014-08-01,157.00904846191406
2014-08-04,158.14285278320312
2014-08-05,156.6094207763672
2014-08-06,156.65835571289062
2014-08-07,155.81011962890625
2014-08-08,157.61270141601562
2014-08-11,158.06939697265625
2014-08-12,157.84921264648438
2014-08-13,158.91761779785156
2014-08-14,159.6680908203125
2014-08-15,159.6354522705078
2014-08-18,160.97308349609375
2014-08-19,161.81321716308594
2014-08-20,162.24546813964844
2014-08-21,162.718505859375
2014-08-22,162.46563720703125
2014-08-25,163.28948974609375
2014-08-26,163.39544677734375
2014-08-27,163.33029174804688
2014-08-28,163.24050903320312
2014-08-29,163.7053985595703
2014-09-02,163.6238555908203
2014-09-03,163.53414916992188
2014-09-04,163.29757690429688
2014-09-05,164.03167724609375
2014-09-08,163.60751342773438
2014-09-09,162.57168579101562
2014-09-10,163.18345642089844
2014-09-11,163.3709716796875
2014-09-12,162.41668701171875
2014-09-15,162.29440307617188
2014-09-16,163.5177764892578
2014-09-17,163.73806762695312
2014-09-18,164.61077880859375
2014-09-19,164.46249389648438
2014-09-22,163.19227600097656
2014-09-23,162.2581787109375
2014-09-24,163.52825927734375
2014-09-25,160.88967895507812
2014-09-26,162.16798400878906
2014-09-29,161.8730010986328
2014-09-30,161.44692993164062
2014-10-01,159.259033203125
2014-10-02,159.28359985351562
2014-10-03,161.03720092773438
2014-10-06,160.84866333007812
2014-10-07,158.3657989501953
2014-10-08,161.13555908203125
2014-10-09,157.93972778320312
2014-10-10,156.13690185546875
2014-10-13,153.57203674316406
2014-10-14,153.80967712402344
2014-10-15,152.76901245117188
2014-10-16,152.63790893554688
2014-10-17,154.44065856933594
2014-10-20,155.94020080566406
2014-10-21,159.029541015625
2014-10-22,157.8987579345703
2014-10-23,159.73428344726562
2014-10-24,160.9634246826172
2014-10-27,160.74217224121094
2014-10-28,162.58592224121094
2014-10-29,162.34007263183594
2014-10-30,163.38076782226562
2014-10-31,165.24911499023438
2014-11-03,165.3392791748047
2014-11-04,164.76560974121094
2014-11-05,165.80636596679688
2014-11-06,166.47003173828125
2014-11-07,166.625732421875
2014-11-10,167.1502227783203
2014-11-11,167.3141326904297
2014-11-12,167.13389587402344
2014-11-13,167.32229614257812
2014-11-14,167.3633270263672
2014-11-17,167.4698486328125
2014-11-18,168.4367218017578
2014-11-19,168.16635131835938
2014-11-20,168.46131896972656
2014-11-21,169.3627166748047
2014-11-24,169.83804321289062
2014-11-25,169.71514892578125
2014-11-26,170.14938354492188
2014-11-28,169.78883361816406
2014-12-01,168.6088104248047
2014-12-02,169.69866943359375
2014-12-03,170.354248046875
2014-12-04,170.16578674316406
2014-12-05,170.44444274902344
2014-12-08,169.3053436279297
2014-12-09,169.190673828125
2014-12-10,166.47833251953125
2014-12-11,167.32229614257812
2014-12-12,164.6181640625
2014-12-15,163.48731994628906
2014-12-16,162.17623901367188
2014-12-17,165.3555908203125
2014-12-18,169.44468688964844
2014-12-19,170.1656951904297
2014-12-22,170.94842529296875
2014-12-23,171.17910766601562
2014-12-24,171.19561767578125
2014-12-26,171.7477569580078
2014-12-29,171.97840881347656
2014-12-30,171.05552673339844
2014-12-31,169.35812377929688
2015-01-02,169.26751708984375
2015-01-05,166.2105712890625
2015-01-06,164.6450653076172
2015-01-07,166.69671630859375
2015-01-08,169.65478515625
2015-01-09,168.2952880859375
2015-01-12,166.97689819335938
2015-01-13,166.5071563720703
2015-01-14,165.50198364257812
2015-01-15,163.9858856201172
2015-01-16,166.1365203857422
2015-01-20,166.49072265625
2015-01-21,167.3312225341797
2015-01-22,169.819580078125
2015-01-23,168.888427734375
2015-01-26,169.2840576171875
2015-01-27,167.05105590820312
2015-01-28,164.9087371826172
2015-01-29,166.43309020996094
2015-01-30,164.34017944335938
2015-02-02,166.37542724609375
2015-02-03,168.78143310546875
2015-02-04,168.13873291015625
2015-02-05,169.8360137939453
2015-02-06,169.3663787841797
2015-02-09,168.6083984375
2015-02-10,170.40457153320312
2015-02-11,170.50341796875
2015-02-12,172.14317321777344
2015-02-13,172.85174560546875
2015-02-17,173.12371826171875
2015-02-18,173.1401824951172
2015-02-19,173.01658630371094
2015-02-20,174.0547637939453
2015-02-23,174.03005981445312
2015-02-24,174.52447509765625
2015-02-25,174.3760986328125
2015-02-26,174.170166015625
2015-02-27,173.57687377929688
2015-03-02,174.6727294921875
2015-03-03,173.95584106445312
2015-03-04,173.22256469726562
2015-03-05,173.4120635986328
2015-03-06,170.97317504882812
2015-03-09,171.68173217773438
2015-03-10,168.89674377441406
2015-03-11,168.50123596191406
2015-03-12,170.64353942871094
2015-03-13,169.5970916748047
2015-03-16,171.86300659179688
2015-03-17,171.3521728515625
2015-03-18,173.4120635986328
2015-03-19,172.6210174560547
2015-03-20,174.14479064941406
2015-03-23,173.805419921875
2015-03-24,172.8288116455078
2015-03-25,170.29623413085938
2015-03-26,169.89065551757812
2015-03-27,170.2796630859375
2015-03-30,172.3571014404297
2015-03-31,170.85076904296875
2015-04-01,170.24655151367188
2015-04-02,170.85902404785156
2015-04-06,172.00949096679688
2015-04-07,171.5542755126953
2015-04-08,172.13356018066406
2015-04-09,172.89500427246094
2015-04-10,173.8385467529297
2015-04-13,173.05224609375
2015-04-14,173.38331604003906
2015-04-15,174.1613311767578
2015-04-16,174.1116943359375
2015-04-17,172.10877990722656
2015-04-20,173.68128967285156
2015-04-21,173.474365234375
2015-04-22,174.3268585205078
2015-04-23,174.7654571533203
2015-04-24,175.1710662841797
2015-04-27,174.44271850585938
2015-04-28,174.9972381591797
2015-04-29,174.27716064453125
2015-04-30,172.53091430664062
2015-05-01,174.40133666992188
2015-05-04,174.89794921875
2015-05-05,172.89500427246094
2015-05-06,172.18328857421875
2015-05-07,172.8701629638672
2015-05-08,175.1461944580078
2015-05-11,174.310302734375
2015-05-12,173.7888641357422
2015-05-13,173.822021484375
2015-05-14,175.634521484375
2015-05-15,175.8249053955078
2015-05-18,176.37109375
2015-05-19,176.31321716308594
2015-05-20,176.18905639648438
2015-05-21,176.70211791992188
2015-05-22,176.28009033203125
2015-05-26,174.38482666015625
2015-05-27,176.0400848388672
2015-05-28,175.84141540527344
2015-05-29,174.7489776611328
2015-06-01,175.1048583984375
2015-06-02,174.93106079101562
2015-06-03,175.39447021484375
2015-06-04,173.91307067871094
2015-06-05,173.61508178710938
2015-06-08,172.54745483398438
2015-06-09,172.52259826660156
2015-06-10,174.59170532226562
2015-06-11,175.15447998046875
2015-06-12,173.81369018554688
2015-06-15,173.06884765625
2015-06-16,174.01235961914062
2015-06-17,174.29379272460938
2015-06-18,176.10626220703125
2015-06-19,175.3245086669922
2015-06-22,176.2227783203125
2015-06-23,176.34750366210938
2015-06-24,175.0666961669922
2015-06-25,174.53445434570312
2015-06-26,174.50111389160156
2015-06-29,170.84176635742188
2015-06-30,171.19943237304688
2015-07-01,172.57167053222656
2015-07-02,172.41363525390625
2015-07-06,171.9229736328125
2015-07-07,173.00411987304688
2015-07-08,170.1016387939453
2015-07-09,170.40928649902344
2015-07-10,172.5550537109375
2015-07-13,174.45957946777344
2015-07-14,175.2163848876953
2015-07-15,175.15817260742188
2015-07-16,176.56369018554688
2015-07-17,176.71339416503906
2015-07-20,176.80491638183594
2015-07-21,176.10630798339844
2015-07-22,175.79022216796875
2015-07-23,174.80059814453125
2015-07-24,172.987548828125
2015-07-27,171.98121643066406
2015-07-28,174.09364318847656
2015-07-29,175.291259765625
2015-07-30,175.33287048339844
2015-07-31,175.0666961669922
2015-08-03,174.47618103027344
2015-08-04,174.1352081298828
2015-08-05,174.70904541015625
2015-08-06,173.278564453125
2015-08-07,172.94595336914062
2015-08-10,175.12490844726562
2015-08-11,173.54476928710938
2015-08-12,173.75265502929688
2015-08-13,173.53643798828125
2015-08-14,174.16847229003906
2015-08-17,175.14157104492188
2015-08-18,174.63421630859375
2015-08-19,173.25364685058594
2015-08-20,169.63583374023438
2015-08-21,164.5294647216797
2015-08-24,157.6016082763672
2015-08-25,155.7469940185547
2015-08-26,161.7267303466797
2015-08-27,165.72703552246094
2015-08-28,165.7353515625
2015-08-31,164.39630126953125
2015-09-01,159.48947143554688
2015-09-02,162.51681518554688
2015-09-03,162.63323974609375
2015-09-04,160.1714324951172
2015-09-08,164.1967315673828
2015-09-09,162.00111389160156
2015-09-10,162.8827362060547
2015-09-11,163.6228790283203
2015-09-14,163.01577758789062
2015-09-15,165.05337524414062
2015-09-16,166.48382568359375
2015-09-17,166.10955810546875
2015-09-18,163.39515686035156
2015-09-21,164.23948669433594
2015-09-22,162.1077117919922
2015-09-23,161.8485565185547
2015-09-24,161.26336669921875
2015-09-25,161.2215576171875
2015-09-28,157.17532348632812
2015-09-29,157.26730346679688
2015-09-30,160.20169067382812
2015-10-01,160.6196746826172
2015-10-02,163.01893615722656
2015-10-05,165.91983032226562
2015-10-06,165.3513641357422
2015-10-07,166.70565795898438
2015-10-08,168.21046447753906
2015-10-09,168.3107452392578
2015-10-12,168.4696044921875
2015-10-13,167.40794372558594
2015-10-14,166.6053466796875
2015-10-15,169.1634521484375
2015-10-16,169.93258666992188
2015-10-19,170.01620483398438
2015-10-20,169.798828125
2015-10-21,168.74545288085938
2015-10-22,171.59617614746094
2015-10-23,173.4772186279297
2015-10-26,173.0508575439453
2015-10-27,172.71649169921875
2015-10-28,174.6811065673828
2015-10-29,174.5806884765625
2015-10-30,173.82830810546875
2015-11-02,175.8848876953125
2015-11-03,176.39483642578125
2015-11-04,175.85980224609375
2015-11-05,175.6842498779297
2015-11-06,175.59228515625
2015-11-09,173.95372009277344
2015-11-10,174.35501098632812
2015-11-11,173.66949462890625
2015-11-12,171.24510192871094
2015-11-13,169.32232666015625
2015-11-16,171.89720153808594
2015-11-17,171.7718048095703
2015-11-18,174.49716186523438
2015-11-19,174.34664916992188
2015-11-20,174.9820098876953
2015-11-23,174.7813262939453
2015-11-24,175.01547241210938
2015-11-25,174.9903564453125
2015-11-27,175.19100952148438
2015-11-30,174.46363830566406
2015-12-01,176.1272735595703
2015-12-02,174.32997131347656
2015-12-03,171.8887939453125
2015-12-04,175.24111938476562
2015-12-07,174.17945861816406
2015-12-08,173.00906372070312
2015-12-09,171.66310119628906
2015-12-10,172.10617065429688
2015-12-11,168.77056884765625
2015-12-14,169.62327575683594
2015-12-15,171.40394592285156
2015-12-16,173.91192626953125
2015-12-17,171.26185607910156
2015-12-18,168.21083068847656
2015-12-21,169.59840393066406
2015-12-22,171.13734436035156
2015-12-23,173.2566375732422
2015-12-24,172.9706573486328
2015-12-28,172.57540893554688
2015-12-29,174.41712951660156
2015-12-30,173.1809539794922
2015-12-31,171.44854736328125
2016-01-04,169.0517578125
2016-01-05,169.3377227783203
2016-01-06,167.20169067382812
2016-01-07,163.1902313232422
2016-01-08,161.39892578125
2016-01-11,161.55880737304688
2016-01-12,162.86216735839844
2016-01-13,158.8003387451172
2016-01-14,161.4073486328125
2016-01-15,157.9425048828125
2016-01-19,158.15277099609375
2016-01-20,156.1260528564453
2016-01-21,157.0006561279297
2016-01-22,160.22161865234375
2016-01-25,157.7996063232422
2016-01-26,159.9524383544922
2016-01-27,158.21168518066406
2016-01-28,159.0358123779297
2016-01-29,162.91270446777344
2016-02-01,162.8538055419922
2016-02-02,159.9188232421875
2016-02-03,160.87753295898438
2016-02-04,161.12986755371094
2016-02-05,158.0603485107422
2016-02-08,155.93263244628906
2016-02-09,155.9410400390625
2016-02-10,155.8065185546875
2016-02-11,153.7797393798828
2016-02-12,156.95016479492188
2016-02-16,159.5992431640625
2016-02-17,162.20626831054688
2016-02-18,161.5419158935547
2016-02-19,161.4662322998047
2016-02-22,163.80410766601562
2016-02-23,161.73529052734375
2016-02-24,162.47543334960938
2016-02-25,164.44325256347656
2016-02-26,164.06480407714844
2016-02-29,162.7781524658203
2016-03-01,166.60455322265625
2016-03-02,167.3530731201172
2016-03-03,168.0089569091797
2016-03-04,168.5556182861328
2016-03-07,168.69017028808594
2016-03-08,166.84840393066406
2016-03-09,167.67257690429688
2016-03-10,167.80712890625
2016-03-11,170.5150604248047
2016-03-14,170.29640197753906
2016-03-15,170.01889038085938
2016-03-16,171.0028076171875
2016-03-17,172.087646484375
2016-03-18,172.7639617919922
2016-03-21,173.00904846191406
2016-03-22,172.91607666015625
2016-03-23,171.77488708496094
2016-03-24,171.6988067626953
2016-03-28,171.80027770996094
2016-03-29,173.38943481445312
2016-03-30,174.1502227783203
2016-03-31,173.72760009765625
2016-04-01,174.9109649658203
2016-04-04,174.3446044921875
2016-04-05,172.60328674316406
2016-04-06,174.48834228515625
2016-04-07,172.40040588378906
2016-04-08,172.86534118652344
2016-04-11,172.45960998535156
2016-04-12,174.06564331054688
2016-04-13,175.82394409179688
2016-04-14,175.8323516845703
2016-04-15,175.63792419433594
2016-04-18,176.87208557128906
2016-04-19,177.4300079345703
2016-04-20,177.5990753173828
2016-04-21,176.64385986328125
2016-04-22,176.64385986328125
2016-04-25,176.33956909179688
2016-04-26,176.60159301757812
2016-04-27,176.96507263183594
2016-04-28,175.35899353027344
2016-04-29,174.41224670410156
2016-05-02,175.79855346679688
2016-05-03,174.26856994628906
2016-05-04,173.2964324951172
2016-05-05,173.2626953125
2016-05-06,173.89662170410156
2016-05-09,174.04034423828125
2016-05-10,176.20428466796875
2016-05-11,174.55592346191406
2016-05-12,174.60667419433594
2016-05-13,173.08509826660156
2016-05-16,174.7926483154297
2016-05-17,173.1611785888672
2016-05-18,173.21194458007812
2016-05-19,172.6117706298828
2016-05-20,173.70216369628906
2016-05-23,173.46548461914062
2016-05-24,175.7140350341797
2016-05-25,176.90589904785156
2016-05-26,176.9566650390625
2016-05-27,177.7174072265625
2016-05-31,177.37921142578125
2016-06-01,177.74278259277344
2016-06-02,178.28375244140625
2016-06-03,177.75120544433594
2016-06-06,178.6557159423828
2016-06-07,178.93463134765625
2016-06-08,179.51791381835938
2016-06-09,179.2727813720703
2016-06-10,177.57374572753906
2016-06-13,176.20428466796875
2016-06-14,175.8577117919922
2016-06-15,175.6125946044922
2016-06-16,176.13668823242188
2016-06-17,175.48068237304688
2016-06-20,176.61083984375
2016-06-21,177.11216735839844
2016-06-22,176.82325744628906
2016-06-23,179.12594604492188
2016-06-24,172.69371032714844
2016-06-27,169.60076904296875
2016-06-28,172.6597137451172
2016-06-29,175.5996856689453
2016-06-30,177.9958038330078
2016-07-01,178.36965942382812
2016-07-05,177.08660888671875
2016-07-06,178.1488037109375
2016-07-07,178.038330078125
2016-07-08,180.6893768310547
2016-07-11,181.3267059326172
2016-07-12,182.6437225341797
2016-07-13,182.61822509765625
2016-07-14,183.63784790039062
2016-07-15,183.3914337158203
2016-07-18,183.88429260253906
2016-07-19,183.69735717773438
2016-07-20,184.46205139160156
2016-07-21,183.7653045654297
2016-07-22,184.58950805664062
2016-07-25,184.08816528320312
2016-07-26,184.1731719970703
2016-07-27,183.977783203125
2016-07-28,184.19020080566406
2016-07-29,184.487548828125
2016-08-01,184.33457946777344
2016-08-02,183.15353393554688
2016-08-03,183.68887329101562
2016-08-04,183.88429260253906
2016-08-05,185.3882293701172
2016-08-08,185.27772521972656
2016-08-09,185.3882293701172
2016-08-10,184.92945861816406
2016-08-11,185.78762817382812
2016-08-12,185.62620544433594
2016-08-15,186.16148376464844
2016-08-16,185.20132446289062
2016-08-17,185.5496826171875
2016-08-18,185.9660186767578
2016-08-19,185.6941375732422
2016-08-22,185.68563842773438
2016-08-23,186.05953979492188
2016-08-24,185.1078338623047
2016-08-25,184.98037719726562
2016-08-26,184.63204956054688
2016-08-29,185.5412139892578
2016-08-30,185.2353515625
2016-08-31,184.70851135253906
2016-09-01,184.71697998046875
2016-09-02,185.5496826171875
2016-09-06,186.1105194091797
2016-09-07,186.09352111816406
2016-09-08,185.66864013671875
2016-09-09,181.2247314453125
2016-09-12,183.82479858398438
2016-09-13,181.1822052001953
2016-09-14,181.11424255371094
2016-09-15,182.9241485595703
2016-09-16,182.2169952392578
2016-09-19,182.25119018554688
2016-09-20,182.25970458984375
2016-09-21,184.30929565429688
2016-09-22,185.470703125
2016-09-23,184.4544219970703
2016-09-26,182.9599609375
2016-09-27,184.09580993652344
2016-09-28,185.0095672607422
2016-09-29,183.3357391357422
2016-09-30,184.7191925048828
2016-10-03,184.27513122558594
2016-10-04,183.3357391357422
2016-10-05,184.14706420898438
2016-10-06,184.27513122558594
2016-10-07,183.64317321777344
2016-10-10,184.5996551513672
2016-10-11,182.26820373535156
2016-10-12,182.50735473632812
2016-10-13,181.90951538085938
2016-10-14,182.00350952148438
2016-10-17,181.37156677246094
2016-10-18,182.50735473632812
2016-10-19,182.9940948486328
2016-10-20,182.65257263183594
2016-10-21,182.7379150390625
2016-10-24,183.51507568359375
2016-10-25,182.90020751953125
2016-10-26,182.53294372558594
2016-10-27,182.04620361328125
2016-10-28,181.5081787109375
2016-10-31,181.51673889160156
2016-11-01,180.2015838623047
2016-11-02,179.11700439453125
2016-11-03,178.2971649169922
2016-11-04,178.10073852539062
2016-11-07,182.0291290283203
2016-11-08,182.84898376464844
2016-11-09,184.78753662109375
2016-11-10,185.2486572265625
2016-11-11,184.82168579101562
2016-11-14,184.96685791015625
2016-11-15,186.41012573242188
2016-11-16,186.05992126464844
2016-11-17,187.0164794921875
2016-11-18,186.59800720214844
2016-11-21,188.00706481933594
2016-11-22,188.37429809570312
2016-11-23,188.47677612304688
2016-11-25,189.1770782470703
2016-11-28,188.28890991210938
2016-11-29,188.6561737060547
2016-11-30,188.20352172851562
2016-12-01,187.51182556152344
2016-12-02,187.60568237304688
2016-12-05,188.7329559326172
2016-12-06,189.33078002929688
2016-12-07,191.807373046875
2016-12-08,192.27708435058594
2016-12-09,193.43850708007812
2016-12-12,193.21646118164062
2016-12-13,194.50599670410156
2016-12-14,192.90045166015625
2016-12-15,193.6947021484375
2016-12-16,193.3158416748047
2016-12-19,193.73678588867188
2016-12-20,194.48414611816406
2016-12-21,193.94297790527344
2016-12-22,193.60797119140625
2016-12-23,193.89141845703125
2016-12-27,194.3725128173828
2016-12-28,192.76612854003906
2016-12-29,192.72314453125
2016-12-30,192.01873779296875
2017-01-03,193.4877471923828
2017-01-04,194.63882446289062
2017-01-05,194.48414611816406
2017-01-06,195.17999267578125
2017-01-09,194.53573608398438
2017-01-10,194.53573608398438
2017-01-11,195.0854949951172
2017-01-12,194.59584045410156
2017-01-13,195.04249572753906
2017-01-17,194.3552703857422
2017-01-18,194.7848358154297
2017-01-19,194.06326293945312
2017-01-20,194.7762451171875
2017-01-23,194.26937866210938
2017-01-24,195.5150146484375
2017-01-25,197.20730590820312
2017-01-26,197.00108337402344
2017-01-27,196.69180297851562
2017-01-30,195.47198486328125
2017-01-31,195.45481872558594
2017-02-01,195.53216552734375
2017-02-02,195.66102600097656
2017-02-03,197.00970458984375
2017-02-06,196.65745544433594
2017-02-07,196.66610717773438
2017-02-08,196.92384338378906
2017-02-09,198.09207153320312
2017-02-10,198.87376403808594
2017-02-13,199.9561767578125
2017-02-14,200.75509643554688
2017-02-15,201.80308532714844
2017-02-16,201.63125610351562
2017-02-17,201.94911193847656
2017-02-21,203.1517333984375
2017-02-22,202.9713592529297
2017-02-23,203.1088409423828
2017-02-24,203.3665008544922
2017-02-27,203.68435668945312
2017-02-28,203.13455200195312
2017-03-01,205.9779815673828
2017-03-02,204.6808319091797
2017-03-03,204.80967712402344
2017-03-06,204.1998291015625
2017-03-07,203.58981323242188
2017-03-08,203.21188354492188
2017-03-09,203.46958923339844
2017-03-10,204.18252563476562
2017-03-13,204.28565979003906
2017-03-14,203.50392150878906
2017-03-15,205.2649688720703
2017-03-16,204.8611602783203
2017-03-17,204.5014190673828
2017-03-20,204.27708435058594
2017-03-21,201.65431213378906
2017-03-22,202.12881469726562
2017-03-23,201.9131622314453
2017-03-24,201.76644897460938
2017-03-27,201.55938720703125
2017-03-28,203.02615356445312
2017-03-29,203.21591186523438
2017-03-30,203.8629608154297
2017-03-31,203.38851928710938
2017-04-03,203.0347442626953
2017-04-04,203.1641845703125
2017-04-05,202.56024169921875
2017-04-06,203.12965393066406
2017-04-07,202.92257690429688
2017-04-10,203.0433807373047
2017-04-11,202.80178833007812
2017-04-12,201.9131622314453
2017-04-13,200.60179138183594
2017-04-17,202.3790283203125
2017-04-18,201.7751007080078
2017-04-19,201.40411376953125
2017-04-20,203.0433807373047
2017-04-21,202.3962860107422
2017-04-24,204.62220764160156
2017-04-25,205.81288146972656
2017-04-26,205.68345642089844
2017-04-27,205.85598754882812
2017-04-28,205.4073028564453
2017-05-01,205.92501831054688
2017-05-02,206.002685546875
2017-05-03,205.75244140625
2017-05-04,205.99398803710938
2017-05-05,206.8050079345703
2017-05-08,206.7705078125
2017-05-09,206.58071899414062
2017-05-10,206.95175170898438
2017-05-11,206.52891540527344
2017-05-12,206.18382263183594
2017-05-15,207.3227081298828
2017-05-16,207.1329345703125
2017-05-17,203.45751953125
2017-05-18,204.27708435058594
2017-05-19,205.60577392578125
2017-05-22,206.64974975585938
2017-05-23,207.1070556640625
2017-05-24,207.59017944335938
2017-05-25,208.5823211669922
2017-05-26,208.53919982910156
2017-05-30,208.35801696777344
2017-05-31,208.3062286376953
2017-06-01,209.96279907226562
2017-06-02,210.6615753173828
2017-06-05,210.5062713623047
2017-06-06,209.83331298828125
2017-06-07,210.22154235839844
2017-06-08,210.32510375976562
2017-06-09,210.00584411621094
2017-06-12,209.96279907226562
2017-06-13,210.98944091796875
2017-06-14,210.72198486328125
2017-06-15,210.31649780273438
2017-06-16,210.36241149902344
2017-06-19,212.11373901367188
2017-06-20,210.68319702148438
2017-06-21,210.6311798095703
2017-06-22,210.53582763671875
2017-06-23,210.7872772216797
2017-06-26,210.9259796142578
2017-06-27,209.22671508789062
2017-06-28,211.09939575195312
2017-06-29,209.2440185546875
2017-06-30,209.63417053222656
2017-07-03,209.98960876464844
2017-07-05,210.4751434326172
2017-07-06,208.5504913330078
2017-07-07,209.90292358398438
2017-07-10,210.1283416748047
2017-07-11,209.97230529785156
2017-07-12,211.5502166748047
2017-07-13,211.9056396484375
2017-07-14,212.89404296875
2017-07-17,212.86795043945312
2017-07-18,212.980712890625
2017-07-19,214.13377380371094
2017-07-20,214.2291717529297
2017-07-21,214.03842163085938
2017-07-24,213.98638916015625
2017-07-25,214.50656127929688
2017-07-26,214.51527404785156
2017-07-27,214.31582641601562
2017-07-28,214.0644073486328
2017-07-31,213.9430694580078
2017-08-01,214.419921875
2017-08-02,214.52391052246094
2017-08-03,214.10780334472656
2017-08-04,214.49790954589844
2017-08-07,214.89669799804688
2017-08-08,214.36782836914062
2017-08-09,214.35914611816406
2017-08-10,211.33340454101562
2017-08-11,211.64559936523438
2017-08-14,213.74363708496094
2017-08-15,213.71763610839844
2017-08-16,214.0904083251953
2017-08-17,210.75254821777344
2017-08-18,210.42312622070312
2017-08-21,210.58782958984375
2017-08-22,212.78997802734375
2017-08-23,212.02700805664062
2017-08-24,211.53289794921875
2017-08-25,212.02700805664062
2017-08-28,212.0357208251953
2017-08-29,212.27847290039062
2017-08-30,213.28411865234375
2017-08-31,214.5672607421875
2017-09-01,214.87069702148438
2017-09-05,213.32748413085938
2017-09-06,214.0557403564453
2017-09-07,214.02975463867188
2017-09-08,213.7783203125
2017-09-11,216.05845642089844
2017-09-12,216.78671264648438
2017-09-13,216.89080810546875
2017-09-14,216.82139587402344
2017-09-15,217.11329650878906
2017-09-18,217.57504272460938
2017-09-19,217.79286193847656
2017-09-20,217.87127685546875
2017-09-21,217.2875213623047
2017-09-22,217.3311004638672
2017-09-25,216.8867645263672
2017-09-26,217.0174560546875
2017-09-27,217.86260986328125
2017-09-28,218.12396240234375
2017-09-29,218.8906707763672
2017-10-02,219.8403778076172
2017-10-03,220.3108673095703
2017-10-04,220.57225036621094
2017-10-05,221.87913513183594
2017-10-06,221.62644958496094
2017-10-09,221.26052856445312
2017-10-10,221.84429931640625
2017-10-11,222.1928253173828
2017-10-12,221.86170959472656
2017-10-13,222.13182067871094
2017-10-16,222.42807006835938
2017-10-17,222.58486938476562
2017-10-18,222.80271911621094
2017-10-19,222.8636474609375
2017-10-20,224.01377868652344
2017-10-23,223.1425018310547
2017-10-24,223.53456115722656
2017-10-25,222.42807006835938
2017-10-26,222.71560668945312
2017-10-27,224.53652954101562
2017-10-30,223.7001190185547
2017-10-31,224.0486297607422
2017-11-01,224.34481811523438
2017-11-02,224.43197631835938
2017-11-03,225.18130493164062
2017-11-06,225.52980041503906
2017-11-07,225.3729705810547
2017-11-08,225.7563018798828
2017-11-09,224.93728637695312
2017-11-10,224.86764526367188
2017-11-13,225.07667541503906
2017-11-14,224.55398559570312
2017-11-15,223.43003845214844
2017-11-16,225.32937622070312
2017-11-17,224.667236328125
2017-11-20,225.0506134033203
2017-11-21,226.52308654785156
2017-11-22,226.3226776123047
2017-11-24,226.845458984375
2017-11-27,226.73219299316406
2017-11-28,229.0323028564453
2017-11-29,228.8929443359375
2017-11-30,230.89683532714844
2017-12-01,230.4176483154297
2017-12-04,230.13885498046875
2017-12-05,229.31114196777344
2017-12-06,229.35470581054688
2017-12-07,230.07789611816406
2017-12-08,231.3324737548828
2017-12-11,232.0294952392578
2017-12-12,232.43907165527344
2017-12-13,232.41290283203125
2017-12-14,231.46319580078125
2017-12-15,233.3907012939453
2017-12-18,234.8706512451172
2017-12-19,233.96861267089844
2017-12-20,233.84596252441406
2017-12-21,234.32774353027344
2017-12-22,234.26641845703125
2017-12-26,233.98617553710938
2017-12-27,234.1000213623047
2017-12-28,234.58169555664062
2017-12-29,233.69723510742188
2018-01-02,235.36981201171875
2018-01-03,236.85855102539062
2018-01-04,237.85693359375
2018-01-05,239.44200134277344
2018-01-08,239.8798370361328
2018-01-09,240.4228057861328
2018-01-10,240.05491638183594
2018-01-11,241.80641174316406
2018-01-12,243.3828125
2018-01-16,242.55081176757812
2018-01-17,244.8627471923828
2018-01-18,244.45114135742188
2018-01-19,245.56329345703125
2018-01-22,247.56005859375
2018-01-23,248.08543395996094
2018-01-24,247.9890594482422
2018-01-25,248.09414672851562
2018-01-26,250.96652221679688
2018-01-29,249.3026580810547
2018-01-30,246.7455291748047
2018-01-31,246.8681640625
2018-02-01,246.5879669189453
2018-02-02,241.21975708007812
2018-02-05,231.13128662109375
2018-02-06,235.68519592285156
2018-02-07,234.4065399169922
2018-02-08,225.61424255371094
2018-02-09,229.0032196044922
2018-02-12,232.3660430908203
2018-02-13,232.94406127929688
2018-02-14,236.08795166015625
2018-02-15,239.10044860839844
2018-02-16,239.17051696777344
2018-02-20,237.67300415039062
2018-02-21,236.49078369140625
2018-02-22,236.79725646972656
2018-02-23,240.57164001464844
2018-02-26,243.36520385742188
2018-02-27,240.32647705078125
2018-02-28,237.89195251464844
2018-03-01,234.43275451660156
2018-03-02,235.64126586914062
2018-03-05,238.36485290527344
2018-03-06,238.9690399169922
2018-03-07,238.88153076171875
2018-03-08,240.0374298095703
2018-03-09,244.2147216796875
2018-03-12,243.90814208984375
2018-03-13,242.33187866210938
2018-03-14,241.08828735351562
2018-03-15,240.8256378173828
2018-03-16,241.0867919921875
2018-03-19,237.8247528076172
2018-03-20,238.229248046875
2018-03-21,237.7720184326172
2018-03-22,231.82846069335938
2018-03-23,226.88702392578125
2018-03-26,233.09449768066406
2018-03-27,229.129150390625
2018-03-28,228.45208740234375
2018-03-29,231.3711700439453
2018-04-02,226.3771209716797
2018-04-03,229.27859497070312
2018-04-04,231.731689453125
2018-04-05,233.56048583984375
2018-04-06,228.35540771484375
2018-04-09,229.48081970214844
2018-04-10,233.12966918945312
2018-04-11,231.9075469970703
2018-04-12,233.8154296875
2018-04-13,233.12966918945312
2018-04-16,235.0464324951172
2018-04-17,237.56100463867188
2018-04-18,237.73684692382812
2018-04-19,236.41802978515625
2018-04-20,234.413330078125
2018-04-23,234.37815856933594
2018-04-24,231.22169494628906
2018-04-25,231.79319763183594
2018-04-26,234.14955139160156
2018-04-27,234.36941528320312
2018-04-30,232.5669708251953
2018-05-01,232.98020935058594
2018-05-02,231.41519165039062
2018-05-03,230.90518188476562
2018-05-04,233.89462280273438
2018-05-07,234.68594360351562
2018-05-08,234.68594360351562
2018-05-09,236.95431518554688
2018-05-10,239.16998291015625
2018-05-11,239.89981079101562
2018-05-14,240.01406860351562
2018-05-15,238.36111450195312
2018-05-16,239.36338806152344
2018-05-17,239.1612548828125
2018-05-18,238.56332397460938
2018-05-21,240.3569793701172
2018-05-22,239.6886749267578
2018-05-23,240.34820556640625
2018-05-24,239.8557891845703
2018-05-25,239.28427124023438
2018-05-29,236.5323486328125
2018-05-30,239.6886749267578
2018-05-31,238.22042846679688
2018-06-01,240.5592041015625
2018-06-04,241.70225524902344
2018-06-05,241.87802124023438
2018-06-06,243.90029907226562
2018-06-07,243.87387084960938
2018-06-08,244.594970703125
2018-06-11,244.92022705078125
2018-06-12,245.23675537109375
2018-06-13,244.45423889160156
2018-06-14,245.06964111328125
2018-06-15,244.7570343017578
2018-06-18,244.2535858154297
2018-06-19,243.31748962402344
2018-06-20,243.73257446289062
2018-06-21,242.2046661376953
2018-06-22,242.64625549316406
2018-06-25,239.3431396484375
2018-06-26,239.8730926513672
2018-06-27,237.88587951660156
2018-06-28,239.24600219726562
2018-06-29,239.5904541015625
2018-07-02,240.10263061523438
2018-07-03,239.2548370361328
2018-07-05,241.20664978027344
2018-07-06,243.24688720703125
2018-07-09,245.4370880126953
2018-07-10,246.32032775878906
2018-07-11,244.51864624023438
2018-07-12,246.73541259765625
2018-07-13,246.92967224121094
2018-07-16,246.7089080810547
2018-07-17,247.7069091796875
2018-07-18,248.22799682617188
2018-07-19,247.2918243408203
2018-07-20,247.00924682617188
2018-07-23,247.46849060058594
2018-07-24,248.7136993408203
2018-07-25,250.83334350585938
2018-07-26,250.2416534423828
2018-07-27,248.54586791992188
2018-07-30,247.24765014648438
2018-07-31,248.4664306640625
2018-08-01,248.05133056640625
2018-08-02,249.4026336669922
2018-08-03,250.4712677001953
2018-08-06,251.38980102539062
2018-08-07,252.22000122070312
2018-08-08,252.11398315429688
2018-08-09,251.76953125
2018-08-10,250.0826416015625
2018-08-13,249.1465606689453
2018-08-14,250.73619079589844
2018-08-15,248.86387634277344
2018-08-16,250.87753295898438
2018-08-17,251.7607421875
2018-08-20,252.2994842529297
2018-08-21,252.89117431640625
2018-08-22,252.74105834960938
2018-08-23,252.4054412841797
2018-08-24,253.92449951171875
2018-08-27,255.92941284179688
2018-08-28,256.0530090332031
2018-08-29,257.4307861328125
2018-08-30,256.38861083984375
2018-08-31,256.39739990234375
2018-09-04,255.95579528808594
2018-09-05,255.26695251464844
2018-09-06,254.49859619140625
2018-09-07,254.0040740966797
2018-09-10,254.44554138183594
2018-09-11,255.28456115722656
2018-09-12,255.3464813232422
2018-09-13,256.8565979003906
2018-09-14,256.9007568359375
2018-09-17,255.5407257080078
2018-09-18,256.9272766113281
2018-09-19,257.2010803222656
2018-09-20,259.28546142578125
2018-09-21,259.0485534667969
2018-09-24,258.1880798339844
2018-09-25,257.9483947753906
2018-09-26,257.1766662597656
2018-09-27,257.89520263671875
2018-09-28,257.9218444824219
2018-10-01,258.8179016113281
2018-10-02,258.6671142578125
2018-10-03,258.80902099609375
2018-10-04,256.7862854003906
2018-10-05,255.34902954101562
2018-10-08,255.34902954101562
2018-10-09,254.97637939453125
2018-10-10,246.90298461914062
2018-10-11,241.464599609375
2018-10-12,244.81809997558594
2018-10-15,243.4430389404297
2018-10-16,248.76611328125
2018-10-17,248.81045532226562
2018-10-18,245.21731567382812
2018-10-19,245.08424377441406
2018-10-22,243.98419189453125
2018-10-23,242.74217224121094
2018-10-24,235.38735961914062
2018-10-25,239.61038208007812
2018-10-26,235.39630126953125
2018-10-29,234.09210205078125
2018-10-30,237.56101989746094
2018-10-31,240.09832763671875
2018-11-01,242.65350341796875
2018-11-02,241.2162322998047
2018-11-05,242.5469970703125
2018-11-06,244.08181762695312
2018-11-07,249.30731201171875
2018-11-08,248.8547821044922
2018-11-09,246.42401123046875
2018-11-12,241.81948852539062
2018-11-13,241.36700439453125
2018-11-14,239.71685791015625
2018-11-15,242.2186737060547
2018-11-16,242.84872436523438
2018-11-19,238.74095153808594
2018-11-20,234.32278442382812
2018-11-21,235.1211700439453
2018-11-23,233.55091857910156
2018-11-26,237.32144165039062
2018-11-27,238.11990356445312
2018-11-28,243.6027069091797
2018-11-29,243.0703582763672
2018-11-30,244.55203247070312
2018-12-03,247.7902374267578
2018-12-04,239.76119995117188
2018-12-06,239.39743041992188
2018-12-07,233.83485412597656
2018-12-10,234.27842712402344
2018-12-11,234.33163452148438
2018-12-12,235.5115966796875
2018-12-13,235.43174743652344
2018-12-14,231.08450317382812
2018-12-17,226.55104064941406
2018-12-18,226.3026580810547
2018-12-19,222.91360473632812
2018-12-20,219.2850799560547
2018-12-21,214.7919464111328
2018-12-24,209.11651611328125
2018-12-26,219.68209838867188
2018-12-27,221.36868286132812
2018-12-28,221.08311462402344
2018-12-31,223.01954650878906
2019-01-02,223.25155639648438
2019-01-03,217.92416381835938
2019-01-04,225.22369384765625
2019-01-07,226.99954223632812
2019-01-08,229.13226318359375
2019-01-09,230.20310974121094
2019-01-10,231.01512145996094
2019-01-11,231.10435485839844
2019-01-14,229.6944580078125
2019-01-15,232.32687377929688
2019-01-16,232.8891143798828
2019-01-17,234.65599060058594
2019-01-18,237.7792510986328
2019-01-22,234.5667724609375
2019-01-23,235.0575714111328
2019-01-24,235.1824951171875
2019-01-25,237.1724395751953
2019-01-28,235.369873046875
2019-01-29,235.0575714111328
2019-01-30,238.77871704101562
2019-01-31,240.87570190429688
2019-02-01,240.99176025390625
2019-02-04,242.68722534179688
2019-02-05,243.70455932617188
2019-02-06,243.38331604003906
2019-02-07,241.0631866455078
2019-02-08,241.35760498046875
2019-02-11,241.49147033691406
2019-02-12,244.5969696044922
2019-02-13,245.39114379882812
2019-02-14,244.84678649902344
2019-02-15,247.51495361328125
2019-02-19,247.94322204589844
2019-02-20,248.44308471679688
2019-02-21,247.55960083007812
2019-02-22,249.09446716308594
2019-02-25,249.43350219726562
2019-02-26,249.2550811767578
2019-02-27,249.1479949951172
2019-02-28,248.68394470214844
2019-03-01,250.2366485595703
2019-03-04,249.32643127441406
2019-03-05,248.9873504638672
2019-03-06,247.47923278808594
2019-03-07,245.408935546875
2019-03-08,244.91819763183594
2019-03-11,248.46981811523438
2019-03-12,249.40675354003906
2019-03-13,251.0576629638672
2019-03-14,250.89700317382812
2019-03-15,252.1365966796875
2019-03-18,253.0508270263672
2019-03-19,253.1136016845703
2019-03-20,252.3516845703125
2019-03-21,255.2019500732422
2019-03-22,250.29017639160156
2019-03-25,250.1019744873047
2019-03-26,251.96624755859375
2019-03-27,250.64869689941406
2019-03-28,251.5988006591797
2019-03-29,253.18528747558594
2019-04-01,256.1878662109375
2019-04-02,256.3133850097656
2019-04-03,256.71673583984375
2019-04-04,257.3978576660156
2019-04-05,258.64373779296875
2019-04-08,258.84088134765625
2019-04-09,257.51434326171875
2019-04-10,258.39276123046875
2019-04-11,258.3210144042969
2019-04-12,260.06884765625
2019-04-15,259.8985290527344
2019-04-16,260.06884765625
2019-04-17,259.4325256347656
2019-04-18,259.9432678222656
2019-04-22,260.1673278808594
2019-04-23,262.5066833496094
2019-04-24,261.9241638183594
2019-04-25,261.7626953125
2019-04-26,262.98175048828125
2019-04-29,263.3939514160156
2019-04-30,263.5284729003906
2019-05-01,261.5476989746094
2019-05-02,260.98309326171875
2019-05-03,263.5374755859375
2019-05-06,262.4530029296875
2019-05-07,258.07000732421875
2019-05-08,257.7115478515625
2019-05-09,256.9317321777344
2019-05-10,258.2225341796875
2019-05-13,251.73324584960938
2019-05-14,254.00982666015625
2019-05-15,255.49771118164062
2019-05-16,257.8639221191406
2019-05-17,256.19683837890625
2019-05-20,254.5028076171875
2019-05-21,256.79736328125
2019-05-22,256.00860595703125
2019-05-23,252.88052368164062
2019-05-24,253.45413208007812
2019-05-28,251.09693908691406
2019-05-29,249.41184997558594
2019-05-30,250.0929718017578
2019-05-31,246.7229461669922
2019-06-03,246.09561157226562
2019-06-04,251.43740844726562
2019-06-05,253.61553955078125
2019-06-06,255.26466369628906
2019-06-07,257.8190612792969
2019-06-10,259.002197265625
2019-06-11,258.93951416015625
2019-06-12,258.4822998046875
2019-06-13,259.5489501953125
2019-06-14,259.2621765136719
2019-06-17,259.3607482910156
2019-06-18,262.076416015625
2019-06-19,262.6680908203125
2019-06-20,265.1776123046875
2019-06-21,264.7921447753906
2019-06-24,264.46795654296875
2019-06-25,261.87408447265625
2019-06-26,261.6129150390625
2019-06-27,262.5405578613281
2019-06-28,263.8914794921875
2019-07-01,266.2873229980469
2019-07-02,266.98077392578125
2019-07-03,269.1153259277344
2019-07-05,268.8091125488281
2019-07-08,267.3320617675781
2019-07-09,267.665283203125
2019-07-10,268.9441833496094
2019-07-11,269.57470703125
2019-07-12,270.7815856933594
2019-07-15,270.87164306640625
2019-07-16,269.9980163574219
2019-07-17,268.16070556640625
2019-07-18,269.1423645019531
2019-07-19,267.6472473144531
2019-07-22,268.3047180175781
2019-07-23,270.22320556640625
2019-07-24,271.4930419921875
2019-07-25,270.1961364746094
2019-07-26,272.0064392089844
2019-07-29,271.51104736328125
2019-07-30,270.8445739746094
2019-07-31,267.88134765625
2019-08-01,265.5486755371094
2019-08-02,263.5492248535156
2019-08-05,255.62353515625
2019-08-06,259.2080993652344
2019-08-07,259.361328125
2019-08-08,264.449951171875
2019-08-09,262.6486511230469
2019-08-12,259.4513854980469
2019-08-13,263.4862976074219
2019-08-14,255.69561767578125
2019-08-15,256.3711242675781
2019-08-16,260.15386962890625
2019-08-19,263.2881774902344
2019-08-20,261.2706298828125
2019-08-21,263.3961486816406
2019-08-22,263.3150939941406
2019-08-23,256.55120849609375
2019-08-26,259.3883056640625
2019-08-27,258.3705749511719
2019-08-28,260.1898498535156
2019-08-29,263.5131530761719
2019-08-30,263.3961486816406
2019-09-03,261.8559875488281
2019-09-04,264.8282775878906
2019-09-05,268.23272705078125
2019-09-06,268.43975830078125
2019-09-09,268.57501220703125
2019-09-10,268.511962890625
2019-09-11,270.42132568359375
2019-09-12,271.3580017089844
2019-09-13,271.17791748046875
2019-09-16,270.3402099609375
2019-09-17,271.0246887207031
2019-09-18,271.1869812011719
2019-09-19,271.1688232421875
2019-09-20,269.8875732421875
2019-09-23,269.8242492675781
2019-09-24,267.70703125
2019-09-25,269.29046630859375
2019-09-26,268.7294006347656
2019-09-27,267.28173828125
2019-09-30,268.5213317871094
2019-10-01,265.3272399902344
2019-10-02,260.6403503417969
2019-10-03,262.77581787109375
2019-10-04,266.3316650390625
2019-10-07,265.1825866699219
2019-10-08,261.0657653808594
2019-10-09,263.54486083984375
2019-10-10,265.3272399902344
2019-10-11,268.07806396484375
2019-10-14,267.7794189453125
2019-10-15,270.4305114746094
2019-10-16,269.9962158203125
2019-10-17,270.79241943359375
2019-10-18,269.6070861816406
2019-10-21,271.434814453125
2019-10-22,270.5481262207031
2019-10-23,271.33538818359375
2019-10-24,271.7786865234375
2019-10-25,272.89154052734375
2019-10-28,274.4297790527344
2019-10-29,274.348388671875
2019-10-30,275.1899108886719
2019-10-31,274.4569091796875
2019-11-01,276.9994812011719
2019-11-04,278.1123352050781
2019-11-05,277.8047180175781
2019-11-06,277.8680114746094
2019-11-07,278.8452453613281
2019-11-08,279.5328674316406
2019-11-11,278.9990234375
2019-11-12,279.58721923828125
2019-11-13,279.6777038574219
2019-11-14,280.0848693847656
2019-11-15,282.1116943359375
2019-11-18,282.3197021484375
2019-11-19,282.23834228515625
2019-11-20,281.1886901855469
2019-11-21,280.7362976074219
2019-11-22,281.360595703125
2019-11-25,283.54119873046875
2019-11-26,284.18365478515625
2019-11-27,285.4504089355469
2019-11-29,284.3917541503906
2019-12-02,281.9759521484375
2019-12-03,280.0848693847656
2019-12-04,281.8130187988281
2019-12-05,282.3197021484375
2019-12-06,284.8984680175781
2019-12-09,284.002685546875
2019-12-10,283.6860046386719
2019-12-11,284.4912414550781
2019-12-12,286.9433288574219
2019-12-13,287.115234375
2019-12-16,289.0877685546875
2019-12-17,289.151123046875
2019-12-18,289.1691589355469
2019-12-19,290.35455322265625
2019-12-20,291.6274108886719
2019-12-23,292.0730285644531
2019-12-24,292.0820617675781
2019-12-26,293.6369323730469
2019-12-27,293.5641174316406
2019-12-30,291.9456481933594
2019-12-31,292.65484619140625
2020-01-02,295.3917236328125
2020-01-03,293.1549987792969
2020-01-06,294.27337646484375
2020-01-07,293.4459533691406
2020-01-08,295.0099182128906
2020-01-09,297.0102233886719
2020-01-10,296.1554870605469
2020-01-13,298.1922912597656
2020-01-14,297.7377014160156
2020-01-15,298.4104919433594
2020-01-16,300.8929138183594
2020-01-17,301.8293151855469
2020-01-21,301.2383117675781
2020-01-22,301.27459716796875
2020-01-23,301.62017822265625
2020-01-24,298.9378356933594
2020-01-27,294.1460876464844
2020-01-28,297.2283935546875
2020-01-29,296.98297119140625
2020-01-30,297.9468078613281
2020-01-31,292.5366516113281
2020-02-03,294.7098388671875
2020-02-04,299.2015380859375
2020-02-05,302.65679931640625
2020-02-06,303.6752014160156
2020-02-07,302.0566711425781
2020-02-10,304.3116149902344
2020-02-11,304.8390197753906
2020-02-12,306.802978515625
2020-02-13,306.47564697265625
2020-02-14,306.9667053222656
2020-02-18,306.17559814453125
2020-02-19,307.6396179199219
2020-02-20,306.3756408691406
2020-02-21,303.22052001953125
2020-02-24,293.16412353515625
2020-02-25,284.2806091308594
2020-02-26,283.23492431640625
2020-02-27,270.51434326171875
2020-02-28,269.3777770996094
2020-03-02,281.0435791015625
2020-03-03,272.9966125488281
2020-03-04,284.47149658203125
2020-03-05,275.0152282714844
2020-03-06,270.4689025878906
2020-03-09,249.34683227539062
2020-03-10,262.24920654296875
2020-03-11,249.4649658203125
2020-03-12,225.59689331054688
2020-03-13,244.88226318359375
2020-03-16,218.08636474609375
2020-03-17,229.8612823486328
2020-03-18,218.22276306152344
2020-03-19,218.68643188476562
2020-03-20,209.26235961914062
2020-03-23,203.91188049316406
2020-03-24,222.38694763183594
2020-03-25,225.71612548828125
2020-03-26,238.8956756591797
2020-03-27,231.78001403808594
2020-03-30,239.3072052001953
2020-03-31,235.7402801513672
2020-04-01,225.1307830810547
2020-04-02,230.3257598876953
2020-04-03,226.99659729003906
2020-04-06,242.2431182861328
2020-04-07,242.489990234375
2020-04-08,250.63006591796875
2020-04-09,254.44403076171875
2020-04-13,252.120849609375
2020-04-14,259.556640625
2020-04-15,254.04161071777344
2020-04-16,255.26719665527344
2020-04-17,262.16326904296875
2020-04-20,257.54449462890625
2020-04-21,249.72459411621094
2020-04-22,255.26719665527344
2020-04-23,255.24888610839844
2020-04-24,258.8066101074219
2020-04-27,262.53826904296875
2020-04-28,261.3310546875
2020-04-29,268.17236328125
2020-04-30,265.67535400390625
2020-05-01,258.6420593261719
2020-05-04,259.35540771484375
2020-05-05,261.751708984375
2020-05-06,259.9774169921875
2020-05-07,263.1144714355469
2020-05-08,267.4679870605469
2020-05-11,267.5228271484375
2020-05-12,262.1907958984375
2020-05-13,257.5536193847656
2020-05-14,260.6358642578125
2020-05-15,261.83404541015625
2020-05-18,269.8094177246094
2020-05-19,267.0381164550781
2020-05-20,271.5745544433594
2020-05-21,269.6997375488281
2020-05-22,270.21185302734375
2020-05-26,273.5409851074219
2020-05-27,277.6109619140625
2020-05-28,277.0989074707031
2020-05-29,278.3335266113281
2020-06-01,279.4585876464844
2020-06-02,281.7724609375
2020-06-03,285.5223083496094
2020-06-04,284.7723388671875
2020-06-05,292.0709533691406
2020-06-08,295.6014099121094
2020-06-09,293.39715576171875
2020-06-10,291.760009765625
2020-06-11,274.9403381347656
2020-06-12,278.23291015625
2020-06-15,280.8304138183594
2020-06-16,286.2357177734375
2020-06-17,285.0467834472656
2020-06-18,285.15655517578125
2020-06-19,283.52685546875
2020-06-22,285.3457336425781
2020-06-23,286.659423828125
2020-06-24,279.3471374511719
2020-06-25,282.3418884277344
2020-06-26,275.6358642578125
2020-06-29,279.68695068359375
2020-06-30,283.2697448730469
2020-07-01,285.25396728515625
2020-07-02,286.8247985839844
2020-07-06,291.2525939941406
2020-07-07,288.24871826171875
2020-07-08,290.4533996582031
2020-07-09,288.7998352050781
2020-07-10,291.7486572265625
2020-07-13,289.22235107421875
2020-07-14,292.97039794921875
2020-07-15,295.6620178222656
2020-07-16,294.6882629394531
2020-07-17,295.5426025390625
2020-07-20,297.9310302734375
2020-07-21,298.5649108886719
2020-07-22,300.2643737792969
2020-07-23,296.681640625
2020-07-24,294.77099609375
2020-07-27,296.9205322265625
2020-07-28,295.03741455078125
2020-07-29,298.66595458984375
2020-07-30,297.6003723144531
2020-07-31,299.9520263671875
2020-08-03,302.037353515625
2020-08-04,303.2040710449219
2020-08-05,305.08721923828125
2020-08-06,307.12652587890625
2020-08-07,307.3470764160156
2020-08-10,308.26568603515625
2020-08-11,305.7210998535156
2020-08-12,309.9835510253906
2020-08-13,309.42315673828125
2020-08-14,309.4322509765625
2020-08-17,310.4151611328125
2020-08-18,311.08587646484375
2020-08-19,309.7905578613281
2020-08-20,310.75518798828125
2020-08-21,311.8575744628906
2020-08-24,315.017578125
2020-08-25,316.1199951171875
2020-08-26,319.28924560546875
2020-08-27,319.9874572753906
2020-08-28,322.0542907714844
2020-08-31,320.8876647949219
2020-09-01,323.9100341796875
2020-09-02,328.5950012207031
2020-09-03,317.28662109375
2020-09-04,314.6961669921875
2020-09-08,306.09765625
2020-09-09,312.142333984375
2020-09-10,306.7223815917969
2020-09-11,306.8785095214844
2020-09-14,310.92047119140625
2020-09-15,312.4913330078125
2020-09-16,311.2511901855469
2020-09-17,308.5137939453125
2020-09-18,304.9618835449219
2020-09-21,301.56787109375
2020-09-22,304.6390075683594
2020-09-23,297.57421875
2020-09-24,298.3673400878906
2020-09-25,303.1911315917969
2020-09-28,308.2268371582031
2020-09-29,306.5482177734375
2020-09-30,308.8724670410156
2020-10-01,310.8554992675781
2020-10-02,307.904052734375
2020-10-05,313.3641052246094
2020-10-06,308.9094543457031
2020-10-07,314.28643798828125
2020-10-08,317.07183837890625
2020-10-09,319.9033203125
2020-10-12,325.0498352050781
2020-10-13,322.928466796875
2020-10-14,320.8993835449219
2020-10-15,320.5028381347656
2020-10-16,320.30908203125
2020-10-19,315.4393005371094
2020-10-20,316.7029113769531
2020-10-21,316.1033630371094
2020-10-22,317.8373107910156
2020-10-23,318.91650390625
2020-10-26,313.02288818359375
2020-10-27,311.9437561035156
2020-10-28,301.28192138671875
2020-10-29,304.3438720703125
2020-10-30,301.1712341308594
2020-11-02,304.546875
2020-11-03,309.9238586425781
2020-11-04,316.8504333496094
2020-11-05,323.02984619140625
2020-11-06,322.9561767578125
2020-11-09,327.01434326171875
2020-11-10,326.5347595214844
2020-11-11,328.96038818359375
2020-11-12,325.76922607421875
2020-11-13,330.2793273925781
2020-11-16,334.40203857421875
2020-11-17,332.60357666015625
2020-11-18,328.6007080078125
2020-11-19,329.984130859375
2020-11-20,327.7244873046875
2020-11-23,329.68902587890625
2020-11-24,335.00152587890625
2020-11-25,334.485107421875
2020-11-27,335.41656494140625
2020-11-30,333.9317321777344
2020-12-01,337.5840759277344
2020-12-02,338.294189453125
2020-12-03,338.2019958496094
2020-12-04,341.11639404296875
2020-12-07,340.4154968261719
2020-12-08,341.4116516113281
2020-12-09,338.34954833984375
2020-12-10,338.23883056640625
2020-12-11,337.8422546386719
2020-12-14,336.3296203613281
2020-12-15,340.8766174316406
2020-12-16,341.4116516113281
2020-12-17,343.32073974609375
2020-12-18,341.94989013671875
2020-12-21,340.72735595703125
2020-12-22,340.153076171875
2020-12-23,340.4585876464844
2020-12-24,341.78314208984375
2020-12-28,344.7193908691406
2020-12-29,344.0617370605469
2020-12-30,344.5526123046875
2020-12-31,346.30322265625
2021-01-04,341.5887145996094
2021-01-05,343.9413757324219
2021-01-06,345.99755859375
2021-01-07,351.1382141113281
2021-01-08,353.138916015625
2021-01-11,350.75848388671875
2021-01-12,350.8326110839844
2021-01-13,351.7773742675781
2021-01-14,350.54541015625
2021-01-15,347.989013671875
2021-01-19,350.7214660644531
2021-01-20,355.5749206542969
2021-01-21,355.8991394042969
2021-01-22,354.6394958496094
2021-01-25,356.0380554199219
2021-01-26,355.48236083984375
2021-01-27,346.794189453125
2021-01-28,349.7765808105469
2021-01-29,342.7742919921875
2021-02-01,348.4799499511719
2021-02-02,353.40753173828125
2021-02-03,353.68548583984375
2021-02-04,357.7053527832031
2021-02-05,359.1131591796875
2021-02-08,361.7066650390625
2021-02-09,361.4657897949219
2021-02-10,361.30841064453125
2021-02-11,361.89190673828125
2021-02-12,363.67962646484375
2021-02-16,363.36456298828125
2021-02-17,363.4480285644531
2021-02-18,361.90118408203125
2021-02-19,361.2620544433594
2021-02-22,358.4833679199219
2021-02-23,358.918701171875
2021-02-24,362.87371826171875
2021-02-25,354.1299743652344
2021-02-26,352.3052673339844
2021-03-01,360.84527587890625
2021-03-02,358.029541015625
2021-03-03,353.2871398925781
2021-03-04,348.91522216796875
2021-03-05,355.3341369628906
2021-03-08,353.5650329589844
2021-03-09,358.613037109375
2021-03-10,360.84527587890625
2021-03-11,364.50390625
2021-03-12,364.9948425292969
2021-03-15,367.1715087890625
2021-03-16,366.7084045410156
2021-03-17,367.95880126953125
2021-03-18,362.6051330566406
2021-03-19,361.9342041015625
2021-03-22,364.82421875
2021-03-23,361.95281982421875
2021-03-24,360.11279296875
2021-03-25,362.1386413574219
2021-03-26,367.9744873046875
2021-03-29,367.7886047363281
2021-03-30,366.81292724609375
2021-03-31,368.2996826171875
2021-04-01,372.2770080566406
2021-04-05,377.6203918457031
2021-04-06,377.3973083496094
2021-04-07,377.8340759277344
2021-04-08,379.6275939941406
2021-04-09,382.387451171875
2021-04-12,382.5268859863281
2021-04-13,383.6606140136719
2021-04-14,382.35040283203125
2021-04-15,386.4577331542969
2021-04-16,387.74945068359375
2021-04-19,385.844482421875
2021-04-20,383.0195007324219
2021-04-21,386.64361572265625
2021-04-22,383.11236572265625
2021-04-23,387.26629638671875
2021-04-26,388.0747375488281
2021-04-27,387.9910583496094
2021-04-28,387.8795166015625
2021-04-29,390.35137939453125
2021-04-30,387.7866516113281
2021-05-03,388.62298583984375
2021-05-04,386.2254333496094
2021-05-05,386.3461608886719
2021-05-06,389.431396484375
2021-05-07,392.26568603515625
2021-05-10,388.3813781738281
2021-05-11,384.91510009765625
2021-05-12,376.737548828125
2021-05-13,381.2630615234375
2021-05-14,387.1175537109375
2021-05-17,386.1325378417969
2021-05-18,382.8056945800781
2021-05-19,381.8020324707031
2021-05-20,385.90948486328125
2021-05-21,385.593505859375
2021-05-24,389.5244140625
2021-05-25,388.6601867675781
2021-05-26,389.431396484375
2021-05-27,389.6359558105469
2021-05-28,390.3328552246094
2021-06-01,389.9889831542969
2021-06-02,390.60235595703125
2021-06-03,389.15264892578125
2021-06-04,392.71173095703125
2021-06-07,392.33087158203125
2021-06-08,392.4144287109375
2021-06-09,391.82904052734375
2021-06-10,393.6503601074219
2021-06-11,394.3008728027344
2021-06-14,395.1836853027344
2021-06-15,394.4588317871094
2021-06-16,392.2564392089844
2021-06-17,392.1263427734375
2021-06-18,386.8364562988281
2021-06-21,392.3742980957031
2021-06-22,394.4720458984375
2021-06-23,393.99652099609375
2021-06-24,396.3273620605469
2021-06-25,397.73516845703125
2021-06-28,398.5369873046875
2021-06-29,398.7514343261719
2021-06-30,399.0870361328125
2021-07-01,401.2966003417969
2021-07-02,404.3640441894531
2021-07-06,403.6274108886719
2021-07-07,405.0538330078125
2021-07-08,401.75347900390625
2021-07-09,406.04205322265625
2021-07-12,407.4964904785156
2021-07-13,406.10736083984375
2021-07-14,406.71331787109375
2021-07-15,405.32427978515625
2021-07-16,402.14501953125
2021-07-19,396.2061767578125
2021-07-20,401.8840026855469
2021-07-21,405.13775634765625
2021-07-22,405.9861755371094
2021-07-23,410.1629638671875
2021-07-26,411.1698303222656
2021-07-27,409.2958679199219
2021-07-28,409.1280517578125
2021-07-29,410.8247985839844
2021-07-30,408.8296813964844
2021-08-02,407.9719543457031
2021-08-03,411.291015625
2021-08-04,409.2679138183594
2021-08-05,411.8597412109375
2021-08-06,412.54034423828125
2021-08-09,412.2047424316406
2021-08-10,412.71746826171875
2021-08-11,413.7430114746094
2021-08-12,414.98297119140625
2021-08-13,415.7381896972656
2021-08-16,416.71710205078125
2021-08-17,413.9853820800781
2021-08-18,409.454345703125
2021-08-19,410.0882568359375
2021-08-20,413.35137939453125
2021-08-23,416.987548828125
2021-08-24,417.6493835449219
2021-08-25,418.52581787109375
2021-08-26,416.05517578125
2021-08-27,419.775146484375
2021-08-30,421.6211242675781
2021-08-31,420.9964599609375
2021-09-01,421.22015380859375
2021-09-02,422.5160827636719
2021-09-03,422.41357421875
2021-09-07,420.9031677246094
2021-09-08,420.39044189453125
2021-09-09,418.5910339355469
2021-09-10,415.2906494140625
2021-09-13,416.3534851074219
2021-09-14,414.1067199707031
2021-09-15,417.5655822753906
2021-09-16,416.903564453125
2021-09-17,412.8424987792969
2021-09-20,405.95867919921875
2021-09-21,405.5751953125
2021-09-22,409.53155517578125
2021-09-23,414.5072937011719
2021-09-24,415.19000244140625
2021-09-27,414.00225830078125
2021-09-28,405.6593933105469
2021-09-29,406.34210205078125
2021-09-30,401.37579345703125
2021-10-01,406.145751953125
2021-10-04,400.9079895019531
2021-10-05,405.0794982910156
2021-10-06,406.7630920410156
2021-10-07,410.27978515625
2021-10-08,409.53155517578125
2021-10-11,406.566650390625
2021-10-12,405.5658264160156
2021-10-13,407.0248107910156
2021-10-14,413.871337890625
2021-10-15,417.0233154296875
2021-10-18,418.25787353515625
2021-10-19,421.4846496582031
2021-10-20,423.1402282714844
2021-10-21,424.24383544921875
2021-10-22,423.8042297363281
2021-10-25,426.0770568847656
2021-10-26,426.4604797363281
2021-10-27,424.5711975097656
2021-10-28,428.66778564453125
2021-10-29,429.53765869140625
2021-11-01,430.2764892578125
2021-11-02,432.01629638671875
2021-11-03,434.65380859375
2021-11-04,436.7020263671875
2021-11-05,438.2172546386719
2021-11-08,438.5914001464844
2021-11-09,437.1416320800781
2021-11-10,433.62493896484375
2021-11-11,433.7652282714844
2021-11-12,437.0386962890625
2021-11-15,437.18841552734375
2021-11-16,438.9187316894531
2021-11-17,437.85247802734375
2021-11-18,439.3395690917969
2021-11-19,438.5539855957031
2021-11-22,437.3193664550781
2021-11-23,437.8992614746094
2021-11-24,439.0684509277344
2021-11-26,429.2757263183594
2021-11-29,434.54156494140625
2021-11-30,426.08636474609375
2021-12-01,421.3537902832031
2021-12-02,427.80731201171875
2021-12-03,424.08477783203125
2021-12-06,429.1074523925781
2021-12-07,437.98345947265625
2021-12-08,439.14324951171875
2021-12-09,436.1782531738281
2021-12-10,440.2843017578125
2021-12-13,436.3840026855469
2021-12-14,433.3816833496094
2021-12-15,440.1532897949219
2021-12-16,436.2718811035156
2021-12-17,431.628662109375
2021-12-20,427.0389099121094
2021-12-21,434.62274169921875
2021-12-22,438.9684143066406
2021-12-23,441.69970703125
2021-12-27,447.9507141113281
2021-12-28,447.5846252441406
2021-12-29,448.1572265625
2021-12-30,446.918212890625
2021-12-31,445.79193115234375
2022-01-03,448.373046875
2022-01-04,448.2228698730469
2022-01-05,439.6159973144531
2022-01-06,439.20306396484375
2022-01-07,437.4666442871094
2022-01-10,436.9222412109375
2022-01-11,440.9018249511719
2022-01-12,442.09393310546875
2022-01-13,436.00250244140625
2022-01-14,436.18084716796875
2022-01-18,428.4562072753906
2022-01-19,424.0072326660156
2022-01-20,419.3143005371094
2022-01-21,411.08294677734375
2022-01-24,412.82867431640625
2022-01-25,407.78851318359375
2022-01-26,406.76531982421875
2022-01-27,404.7568359375
2022-01-28,414.8091735839844
2022-01-31,422.2803039550781
2022-02-01,425.1336364746094
2022-02-02,429.263427734375
2022-02-03,419.1735534667969
2022-02-04,421.1446533203125
2022-02-07,419.7930908203125
2022-02-08,423.2469787597656
2022-02-09,429.4417724609375
2022-02-10,421.7265319824219
2022-02-11,413.4106750488281
2022-02-14,412.05902099609375
2022-02-15,418.70428466796875
2022-02-16,419.1735534667969
2022-02-17,410.21942138671875
2022-02-18,407.563232421875
2022-02-22,403.1894226074219
2022-02-23,396.037353515625
2022-02-24,401.9974060058594
2022-02-25,410.8670654296875
2022-02-28,409.8158874511719
2022-03-01,403.5741882324219
2022-03-02,410.9984436035156
2022-03-03,408.95233154296875
2022-03-04,405.6297912597656
2022-03-07,393.6721496582031
2022-03-08,390.6874694824219
2022-03-09,401.162109375
2022-03-10,399.3505859375
2022-03-11,394.2728271484375
2022-03-14,391.3913879394531
2022-03-15,399.9982604980469
2022-03-16,408.8677978515625
2022-03-17,413.9831237792969
2022-03-18,418.5174560546875
2022-03-21,418.3951416015625
2022-03-22,423.2908935546875
2022-03-23,417.839599609375
2022-03-24,424.13824462890625
2022-03-25,426.20947265625
2022-03-28,429.2412414550781
2022-03-29,434.5513000488281
2022-03-30,431.8680419921875
2022-03-31,425.2209777832031
2022-04-01,426.4261169433594
2022-04-04,430.0790710449219
2022-04-05,424.64666748046875
2022-04-06,420.40045166015625
2022-04-07,422.518798828125
2022-04-08,421.3890686035156
2022-04-11,414.1865234375
2022-04-12,412.6518859863281
2022-04-13,417.3781433105469
2022-04-14,412.1811218261719
2022-04-18,412.3506164550781
2022-04-19,419.00701904296875
2022-04-20,418.6963195800781
2022-04-21,412.4353332519531
2022-04-22,401.1184387207031
2022-04-25,403.44403076171875
2022-04-26,391.7598876953125
2022-04-27,392.8614807128906
2022-04-28,402.784912109375
2022-04-29,387.8997497558594
2022-05-02,390.23468017578125
2022-05-03,392.02349853515625
2022-05-04,403.9617614746094
2022-05-05,389.6038818359375
2022-05-06,387.2782897949219
2022-05-09,374.8787841796875
2022-05-10,375.744873046875
2022-05-11,369.7757873535156
2022-05-12,369.3897399902344
2022-05-13,378.2210388183594
2022-05-16,376.6864318847656
2022-05-17,384.4349060058594
2022-05-18,368.9378662109375
2022-05-19,366.6781921386719
2022-05-20,366.83831787109375
2022-05-23,373.70184326171875
2022-05-24,370.8490905761719
2022-05-25,374.1254577636719
2022-05-26,381.60107421875
2022-05-27,390.96905517578125
2022-05-31,388.7753601074219
2022-06-01,385.6306457519531
2022-06-02,392.9744873046875
2022-06-03,386.525146484375
2022-06-06,387.70208740234375
2022-06-07,391.4209289550781
2022-06-08,387.16546630859375
2022-06-09,377.9574279785156
2022-06-10,366.9983825683594
2022-06-13,353.0640869140625
2022-06-14,352.0002136230469
2022-06-15,357.0184326171875
2022-06-16,345.2024841308594
2022-06-17,345.9466247558594
2022-06-21,354.65545654296875
2022-06-22,354.0124206542969
2022-06-23,357.482666015625
2022-06-24,368.84844970703125
2022-06-27,367.4394836425781
2022-06-28,359.93170166015625
2022-06-29,359.6386413574219
2022-06-30,356.7167663574219
2022-07-01,360.4895935058594
2022-07-05,361.1703796386719
2022-07-06,362.3902282714844
2022-07-07,367.8177795410156
2022-07-08,367.5152282714844
2022-07-11,363.3169250488281
2022-07-12,360.1018981933594
2022-07-13,358.2107849121094
2022-07-14,357.3408203125
2022-07-15,364.1678771972656
2022-07-18,361.1609802246094
2022-07-19,370.919189453125
2022-07-20,373.28314208984375
2022-07-21,377.08441162109375
2022-07-22,373.585693359375
2022-07-25,374.03961181640625
2022-07-26,369.6143798828125
2022-07-27,379.21185302734375
2022-07-28,383.9681091308594
2022-07-29,389.56597900390625
2022-08-01,388.41229248046875
2022-08-02,385.8498229980469
2022-08-03,391.89202880859375
2022-08-04,391.6272277832031
2022-08-05,390.9653625488281
2022-08-08,390.511474609375
2022-08-09,388.960693359375
2022-08-10,397.1304626464844
2022-08-11,397.1304626464844
2022-08-12,403.85345458984375
2022-08-15,405.5176086425781
2022-08-16,406.3119812011719
2022-08-17,403.4280700683594
2022-08-18,404.6004943847656
2022-08-19,399.1634826660156
2022-08-22,390.85186767578125
2022-08-23,389.90631103515625
2022-08-24,391.1544189453125
2022-08-25,396.6766052246094
2022-08-26,383.24945068359375
2022-08-29,380.7153625488281
2022-08-30,376.535888671875
2022-08-31,373.67083740234375
2022-09-01,374.8433837890625
2022-09-02,370.890869140625
2022-09-06,369.49139404296875
2022-09-07,376.12933349609375
2022-09-08,378.58782958984375
2022-09-09,384.46923828125
2022-09-12,388.6014099121094
2022-09-13,371.7041320800781
2022-09-14,373.1224060058594
2022-09-15,368.88629150390625
2022-09-16,366.0721130371094
2022-09-19,368.9109191894531
2022-09-20,364.6763916015625
2022-09-21,358.31500244140625
2022-09-22,355.3052062988281
2022-09-23,349.3521423339844
2022-09-26,345.8960876464844
2022-09-27,345.01312255859375
2022-09-28,351.8017578125
2022-09-29,344.4529724121094
2022-09-30,339.1264953613281
2022-10-03,348.0798034667969
2022-10-04,358.86566162109375
2022-10-05,358.0301513671875
2022-10-06,354.33685302734375
2022-10-07,344.4529724121094
2022-10-10,341.822998046875
2022-10-11,339.65814208984375
2022-10-12,338.5378723144531
2022-10-13,347.4722595214844
2022-10-14,339.5538024902344
2022-10-17,348.2792663574219
2022-10-18,352.37139892578125
2022-10-19,349.8743896484375
2022-10-20,346.9405517578125
2022-10-21,355.3717346191406
2022-10-24,359.7201843261719
2022-10-25,365.4644470214844
2022-10-26,362.7109069824219
2022-10-27,360.7740478515625
2022-10-28,369.357177734375
2022-10-31,366.689208984375
2022-11-01,365.0846252441406
2022-11-02,355.9223937988281
2022-11-03,352.2574768066406
2022-11-04,357.32757568359375
2022-11-07,360.7456359863281
2022-11-08,362.6920166015625
2022-11-09,355.2198486328125
2022-11-10,374.74053955078125
2022-11-11,378.3675842285156
2022-11-14,375.1488037109375
2022-11-15,378.34857177734375
2022-11-16,375.462158203125
2022-11-17,374.3133544921875
2022-11-18,376.01287841796875
2022-11-21,374.6456298828125
2022-11-22,379.687255859375
2022-11-23,382.07989501953125
2022-11-25,381.9944152832031
2022-11-28,375.8988952636719
2022-11-29,375.2533264160156
2022-11-30,387.0740051269531
2022-12-01,386.7891845703125
2022-12-02,386.3429260253906
2022-12-05,379.3929443359375
2022-12-06,373.92401123046875
2022-12-07,373.28790283203125
2022-12-08,376.21221923828125
2022-12-09,373.4018249511719
2022-12-12,378.7852783203125
2022-12-13,381.6526184082031
2022-12-14,379.21246337890625
2022-12-15,369.9363098144531
2022-12-16,365.56884765625
2022-12-19,362.4689636230469
2022-12-20,362.9648742675781
2022-12-21,368.3921203613281
2022-12-22,363.1365966796875
2022-12-23,365.2254638671875
2022-12-27,363.7851867675781
2022-12-28,359.2641296386719
2022-12-29,365.73101806640625
2022-12-30,364.7676086425781
2023-01-03,363.2320251464844
2023-01-04,366.0361328125
2023-01-05,361.8585205078125
2023-01-06,370.1566467285156
2023-01-09,369.94683837890625
2023-01-10,372.54119873046875
2023-01-11,377.2530517578125
2023-01-12,378.62652587890625
2023-01-13,380.0954284667969
2023-01-17,379.3991394042969
2023-01-18,373.4092102050781
2023-01-19,370.6908264160156
2023-01-20,377.596435546875
2023-01-23,382.1270751953125
2023-01-24,381.7169494628906
2023-01-25,381.8600158691406
2023-01-26,386.05682373046875
2023-01-27,386.94384765625
2023-01-30,382.0888977050781
2023-01-31,387.70697021484375
2023-02-01,391.827392578125
2023-02-02,397.5312194824219
2023-02-03,393.3057556152344
2023-02-06,390.9021301269531
2023-02-07,396.01458740234375
2023-02-08,391.6842346191406
2023-02-09,388.2887268066406
2023-02-10,389.19482421875
2023-02-13,393.7635803222656
2023-02-14,393.5823974609375
2023-02-15,394.8604736328125
2023-02-16,389.42376708984375
2023-02-17,388.45086669921875
2023-02-21,380.65814208984375
2023-02-22,380.13360595703125
2023-02-23,382.15570068359375
2023-02-24,378.0733642578125
2023-02-27,379.36102294921875
2023-02-28,377.9588928222656
2023-03-01,376.50909423828125
2023-03-02,379.43731689453125
2023-03-03,385.5226745605469
2023-03-06,385.7897033691406
2023-03-07,379.8760681152344
2023-03-08,380.4960021972656
2023-03-09,373.47589111328125
2023-03-10,368.0868835449219
2023-03-13,367.56231689453125
2023-03-14,373.6380920410156
2023-03-15,371.30126953125
2023-03-16,377.8157958984375
2023-03-17,373.3981018066406
2023-03-20,376.98858642578125
2023-03-21,381.9386291503906
2023-03-22,375.4278869628906
2023-03-23,376.4428405761719
2023-03-24,378.9130859375
2023-03-27,379.6216125488281
2023-03-28,378.76947021484375
2023-03-29,384.2748718261719
2023-03-30,386.5248107910156
2023-03-31,391.9728088378906
2023-04-03,393.4664306640625
2023-04-04,391.2834167480469
2023-04-05,390.25897216796875
2023-04-06,391.78131103515625
2023-04-10,392.1834411621094
2023-04-11,392.28875732421875
2023-04-12,390.68975830078125
2023-04-13,395.8791809082031
2023-04-14,394.91217041015625
2023-04-17,396.3292236328125
2023-04-18,396.5876770019531
2023-04-19,396.5206604003906
2023-04-20,394.3568115234375
2023-04-21,394.6632995605469
2023-04-24,395.0749816894531
2023-04-25,388.8035888671875
2023-04-26,387.15679931640625
2023-04-27,394.8643493652344
2023-04-28,398.23455810546875
2023-05-01,397.8324279785156
2023-05-02,393.361083984375
2023-05-03,390.6609802246094
2023-05-04,387.8940124511719
2023-05-05,395.0749816894531
2023-05-08,395.1802673339844
2023-05-09,393.447265625
2023-05-10,395.28558349609375
2023-05-11,394.59613037109375
2023-05-12,394.07916259765625
2023-05-15,395.4387512207031
2023-05-16,392.796142578125
2023-05-17,397.5643310546875
2023-05-18,401.39410400390625
2023-05-19,400.8100891113281
2023-05-22,400.9729309082031
2023-05-23,396.4727783203125
2023-05-24,393.6004638671875
2023-05-25,397.0090026855469
2023-05-26,402.1504821777344
2023-05-30,402.3036804199219
2023-05-31,400.0729064941406
2023-06-01,403.8739929199219
2023-06-02,409.7143859863281
2023-06-05,408.9293212890625
2023-06-06,409.8197937011719
2023-06-07,408.4027099609375
2023-06-08,410.8729553222656
2023-06-09,411.6102294921875
2023-06-12,415.3442687988281
2023-06-13,418.0826110839844
2023-06-14,418.5804138183594
2023-06-15,423.7698974609375
2023-06-16,422.326416015625
2023-06-20,420.13531494140625
2023-06-21,417.982666015625
2023-06-22,419.491455078125
2023-06-23,416.3200378417969
2023-06-26,414.6191101074219
2023-06-27,419.1647033691406
2023-06-28,419.3760681152344
2023-06-29,421.02911376953125
2023-06-30,425.9975280761719
2023-07-03,426.4875793457031
2023-07-05,425.8533630371094
2023-07-06,422.51861572265625
2023-07-07,421.4518737792969
2023-07-10,422.51861572265625
2023-07-11,425.20947265625
2023-07-12,428.6306457519531
2023-07-13,432.0326232910156
2023-07-14,431.7635803222656
2023-07-17,433.2627258300781
2023-07-18,436.482177734375
2023-07-19,437.4527893066406
2023-07-20,434.5505065917969
2023-07-21,434.5505065917969
2023-07-24,436.4918212890625
2023-07-25,437.68341064453125
2023-07-26,437.75067138671875
2023-07-27,434.8484191894531
2023-07-28,439.1057434082031
2023-07-31,439.9417419433594
2023-08-01,438.682861328125
2023-08-02,432.58038330078125
2023-08-03,431.34075927734375
2023-08-04,429.38983154296875
2023-08-07,433.1377868652344
2023-08-08,431.25421142578125
2023-08-09,428.3711853027344
2023-08-10,428.5249328613281
2023-08-11,428.2750244140625
2023-08-14,430.6391296386719
2023-08-15,425.6227111816406
2023-08-16,422.4993591308594
2023-08-17,419.2799987792969
2023-08-18,419.48187255859375
2023-08-21,422.21112060546875
2023-08-22,421.0674743652344
2023-08-23,425.7572326660156
2023-08-24,419.856689453125
2023-08-25,422.81658935546875
2023-08-28,425.4977722167969
2023-08-29,431.6482849121094
2023-08-30,433.42608642578125
2023-08-31,432.7919006347656
2023-09-01,433.5990905761719
2023-09-05,431.7251281738281
2023-09-06,428.8229064941406
2023-09-07,427.50628662109375
2023-09-08,428.15020751953125
2023-09-11,430.9659729003906
2023-09-12,428.6018371582031
2023-09-13,429.1015930175781
2023-09-14,432.80145263671875
2023-09-15,427.5868835449219
2023-09-18,427.837646484375
2023-09-19,426.95037841796875
2023-09-20,423.0252685546875
2023-09-21,416.03338623046875
2023-09-22,415.0979309082031
2023-09-25,416.8434753417969
2023-09-26,410.71954345703125
2023-09-27,410.88348388671875
2023-09-28,413.2655029296875
2023-09-29,412.2626037597656
2023-10-02,412.0986633300781
2023-10-03,406.5822448730469
2023-10-04,409.5429382324219
2023-10-05,409.388671875
2023-10-06,414.24920654296875
2023-10-09,416.9013671875
2023-10-10,419.0712890625
2023-10-11,420.7878723144531
2023-10-12,418.22259521484375
2023-10-13,416.1394348144531
2023-10-16,420.5178527832031
2023-10-17,420.49859619140625
2023-10-18,414.8953857421875
2023-10-19,411.2499694824219
2023-10-20,406.1964416503906
2023-10-23,405.49249267578125
2023-10-24,408.54962158203125
2023-10-25,402.68603515625
2023-10-26,397.864013671875
2023-10-27,396.06060791015625
2023-10-30,400.79583740234375
2023-10-31,403.3128967285156
2023-11-01,407.6141662597656
2023-11-02,415.4258117675781
2023-11-03,419.21588134765625
2023-11-06,420.1803283691406
2023-11-07,421.3761291503906
2023-11-08,421.6847839355469
2023-11-09,418.3962097167969
2023-11-10,424.9251403808594
2023-11-13,424.5201416015625
2023-11-14,432.7560729980469
2023-11-15,433.6722717285156
2023-11-16,434.2027893066406
2023-11-17,434.7427978515625
2023-11-20,438.0893249511719
2023-11-21,437.134521484375
2023-11-22,438.82220458984375
2023-11-24,439.09222412109375
2023-11-27,438.30145263671875
2023-11-28,438.7353515625
2023-11-29,438.4267578125
2023-11-30,440.15313720703125
2023-12-01,442.7569885253906
2023-12-04,440.4327087402344
2023-12-05,440.34600830078125
2023-12-06,438.57147216796875
2023-12-07,441.91790771484375
2023-12-08,443.81781005859375
2023-12-11,445.5440368652344
2023-12-12,447.5789794921875
2023-12-13,453.75115966796875
2023-12-14,455.2074279785156
2023-12-15,454.4578857421875
2023-12-18,457.0142517089844
2023-12-19,459.7933044433594
2023-12-20,453.4218444824219
2023-12-21,457.7212219238281
2023-12-22,458.64105224609375
2023-12-26,460.5776672363281
2023-12-27,461.4104309082031
2023-12-28,461.58477783203125
2023-12-29,460.2484130859375
2024-01-02,457.6726989746094
2024-01-03,453.93505859375
2024-01-04,452.4729309082031
2024-01-05,453.09259033203125
2024-01-08,459.56097412109375
2024-01-09,458.8637390136719
2024-01-10,461.45880126953125
2024-01-11,461.2554931640625
2024-01-12,461.5750732421875
2024-01-16,459.88043212890625
2024-01-17,457.32415771484375
2024-01-18,461.3910217285156
2024-01-19,467.1427917480469
2024-01-22,468.1304931640625
2024-01-23,469.49578857421875
2024-01-24,470.0090637207031
2024-01-25,472.56536865234375
2024-01-26,471.9649963378906
2024-01-29,475.70269775390625
2024-01-30,475.3347473144531
2024-01-31,467.57861328125
2024-02-01,473.6982727050781
2024-02-02,478.68505859375
2024-02-05,476.9421081542969
2024-02-06,478.32684326171875
2024-02-07,482.3162841796875
2024-02-08,482.5293273925781
2024-02-09,485.31805419921875
2024-02-12,485.10504150390625
2024-02-13,478.4236755371094
2024-02-14,482.7713623046875
2024-02-15,486.1023864746094
2024-02-16,483.68157958984375
2024-02-20,481.0187683105469
2024-02-21,481.45440673828125
2024-02-22,491.4184265136719
2024-02-23,491.75732421875
2024-02-26,489.95623779296875
2024-02-27,490.866455078125
2024-02-28,490.21771240234375
2024-02-29,491.97998046875
2024-03-01,496.5988464355469
2024-03-04,496.0662841796875
2024-03-05,491.1085510253906
2024-03-06,493.5970764160156
2024-03-07,498.496826171875
2024-03-08,495.5047302246094
2024-03-11,495.0785827636719
2024-03-12,500.4043884277344
2024-03-13,499.6199645996094
2024-03-14,498.6322937011719
2024-03-15,495.2084045410156
2024-03-18,498.1515197753906
2024-03-19,500.91973876953125
2024-03-20,505.5530090332031
2024-03-21,507.2237548828125
2024-03-22,506.2620849609375
2024-03-25,504.8634033203125
2024-03-26,503.9309387207031
2024-03-27,508.1658630371094
2024-03-28,508.0687255859375
2024-04-01,507.18487548828125
2024-04-02,503.9601135253906
2024-04-03,504.5136413574219
2024-04-04,498.35552978515625
2024-04-05,503.5617980957031
2024-04-08,503.8433837890625
2024-04-09,504.42626953125
2024-04-10,499.3753967285156
2024-04-11,503.1440734863281
2024-04-12,496.1991271972656
2024-04-15,489.98272705078125
2024-04-16,489.0890808105469
2024-04-17,486.1945495605469
2024-04-18,485.194091796875
2024-04-19,480.95916748046875
2024-04-22,485.3883972167969
2024-04-23,491.14825439453125
2024-04-24,490.9151916503906
2024-04-25,489.05023193359375
2024-04-26,493.68353271484375
2024-04-29,495.4318542480469
2024-04-30,487.5835266113281
2024-05-01,486.0003356933594
2024-05-02,490.5461120605469
2024-05-03,496.6265563964844
2024-05-06,501.755126953125
2024-05-07,502.3087463378906
2024-05-08,502.35736083984375
2024-05-09,505.25189208984375
2024-05-10,505.9027099609375
2024-05-13,505.97064208984375
2024-05-14,508.29205322265625
2024-05-15,514.5863037109375
2024-05-16,513.527587890625
2024-05-17,514.2656860351562
2024-05-20,514.8582153320312
2024-05-21,516.1209716796875
2024-05-22,514.634765625
2024-05-23,510.8759460449219
2024-05-24,514.2559814453125
2024-05-28,514.6153564453125
2024-05-29,511.0118103027344
2024-05-30,507.621826171875
2024-05-31,512.245361328125
2024-06-03,512.6630859375
2024-06-04,513.2362670898438
2024-06-05,519.3361206054688
2024-06-06,519.3262329101562
2024-06-07,518.6950073242188
2024-06-10,520.2977294921875
2024-06-11,521.5505981445312
2024-06-12,525.8341674804688
2024-06-13,526.8928833007812
2024-06-14,527.2135009765625
2024-06-17,531.4095458984375
2024-06-18,532.7597045898438
2024-06-20,531.3123779296875
2024-06-21,530.6001586914062
2024-06-24,528.8753051757812
2024-06-25,530.9119262695312
2024-06-26,531.5745849609375
2024-06-27,532.4125366210938
2024-06-28,530.3174438476562
2024-07-01,531.408935546875
2024-07-02,534.9852294921875
2024-07-03,537.3726806640625
2024-07-05,540.4713134765625
2024-07-08,541.0950927734375
2024-07-09,541.6212158203125
2024-07-10,546.9806518554688
2024-07-11,542.2643432617188
2024-07-12,545.6845703125
2024-07-15,547.1853637695312
2024-07-16,550.4302368164062
2024-07-17,542.7125854492188
2024-07-18,538.5418701171875
2024-07-19,534.9656982421875
2024-07-22,540.4811401367188
2024-07-23,539.63330078125
2024-07-24,527.4038696289062
2024-07-25,524.6558227539062
2024-07-26,530.531982421875
2024-07-29,530.8436889648438
2024-07-30,528.1541137695312
2024-07-31,536.7392578125
2024-08-01,529.1384887695312
2024-08-02,519.2866821289062
2024-08-05,504.1631774902344
2024-08-06,508.811279296875
2024-08-07,505.4104309082031
2024-08-08,517.09423828125
2024-08-09,519.3743286132812
2024-08-12,519.6473388671875
2024-08-13,528.1931762695312
2024-08-14,529.8595581054688
2024-08-15,538.94140625
2024-08-16,540.1497802734375
2024-08-19,545.3143310546875
2024-08-20,544.4276733398438
2024-08-21,546.2985229492188
2024-08-22,542.0109252929688
2024-08-23,547.7700805664062
2024-08-26,546.4642333984375
2024-08-27,547.214599609375
2024-08-28,544.037841796875
2024-08-29,544.0865478515625
2024-08-30,549.2803344726562
2024-09-03,537.976806640625
2024-09-04,536.8756103515625
2024-09-05,535.56982421875
2024-09-06,526.5560302734375
2024-09-09,532.4515991210938
2024-09-10,534.7706909179688
2024-09-11,540.2568969726562
2024-09-12,544.8075561523438
2024-09-13,547.6530151367188
2024-09-16,548.4617919921875
2024-09-17,548.6858520507812
2024-09-18,547.0586547851562
2024-09-19,556.3938598632812
2024-09-20,555.4320678710938
2024-09-23,556.8200073242188
2024-09-24,558.413330078125
2024-09-25,557.1817626953125
2024-09-26,559.3907470703125
2024-09-27,558.5794067382812
2024-09-30,560.8178100585938
2024-10-01,555.7937622070312
2024-10-02,556.0282592773438
2024-10-03,555.0118408203125
2024-10-04,560.055419921875
2024-10-07,554.9922485351562
2024-10-08,560.2410278320312
2024-10-09,564.1215209960938
2024-10-10,563.1343994140625
2024-10-11,566.506591796875
2024-10-14,571.1396484375
2024-10-15,566.7019653320312
2024-10-16,569.1652221679688
2024-10-17,569.2139892578125
2024-10-18,571.403564453125
2024-10-21,570.4652709960938
2024-10-22,570.1621704101562
2024-10-23,564.952392578125
2024-10-24,566.1741943359375
2024-10-25,565.9786987304688
2024-10-28,567.7283935546875
2024-10-29,568.6470947265625
2024-10-30,566.9268188476562
2024-10-31,555.8132934570312
2024-11-01,558.1591186523438
2024-11-04,556.9569702148438
2024-11-05,563.6915283203125
2024-11-06,577.7080688476562
2024-11-07,582.1749877929688
2024-11-08,584.6966552734375
2024-11-11,585.2538452148438
2024-11-12,583.435791015625
2024-11-13,583.7193603515625
2024-11-14,579.9658203125
2024-11-15,572.5374145507812
2024-11-18,574.8832397460938
2024-11-19,576.9846801757812
2024-11-20,577.1802368164062
2024-11-21,580.2786865234375
2024-11-22,582.0772094726562
2024-11-25,584.0516357421875
2024-11-26,587.101318359375
2024-11-27,585.3223266601562
2024-11-29,588.9583740234375
2024-12-02,590.0140380859375
2024-12-03,590.2877197265625
2024-12-04,593.953125
2024-12-05,592.9756469726562
2024-12-06,594.0997314453125
2024-12-09,591.0404052734375
2024-12-10,589.2027587890625
2024-12-11,593.7576904296875
2024-12-12,590.6983032226562
2024-12-13,590.5809326171875
2024-12-16,593.1027221679688
2024-12-17,590.6591796875
2024-12-18,573.055419921875
2024-12-19,572.8794555664062
2024-12-20,579.7603759765625
2024-12-23,583.2320556640625
2024-12-24,589.7147827148438
2024-12-26,589.7539672851562
2024-12-27,583.5459594726562
2024-12-30,576.88671875
2024-12-31,574.7880249023438
2025-01-02,573.3756713867188
2025-01-03,580.5447998046875
2025-01-06,583.88916015625
2025-01-07,577.2888793945312
2025-01-08,578.1322631835938
2025-01-10,569.3056640625
2025-01-13,570.1882934570312
2025-01-14,570.9728393554688
2025-01-15,581.35888671875
2025-01-16,580.2408447265625
2025-01-17,586.0664672851562
2025-01-21,591.4309692382812
2025-01-22,594.7557373046875
2025-01-23,598.0020141601562
2025-01-24,596.2562255859375
2025-01-27,587.8219604492188
2025-01-28,592.8726196289062
2025-01-29,590.21484375
2025-01-30,593.382568359375
2025-01-31,590.2247314453125
2025-02-03,586.252685546875
2025-02-04,590.1854248046875
2025-02-05,592.5784301757812
2025-02-06,594.6380004882812
2025-02-07,589.1949462890625
2025-02-10,593.1962890625
2025-02-11,593.6473999023438
2025-02-12,591.7350463867188
2025-02-13,597.9823608398438
2025-02-14,597.952880859375
2025-02-18,599.7083129882812
2025-02-19,601.12060546875
2025-02-20,598.6198120117188
2025-02-21,588.3809204101562
2025-02-24,585.7034912109375
2025-02-25,582.7906494140625
2025-02-26,583.0850219726562
2025-02-27,573.7778930664062
2025-02-28,582.73193359375
2025-03-03,572.5224609375
2025-03-04,565.74560546875
2025-03-05,571.8262329101562
2025-03-06,561.675537109375
2025-03-07,564.82373046875
2025-03-10,549.7792358398438
2025-03-11,545.208984375
2025-03-12,548.1022338867188
2025-03-13,540.7957153320312
2025-03-14,551.9662475585938
2025-03-17,556.2227783203125
2025-03-18,550.2107543945312
2025-03-19,556.2031860351562
2025-03-20,554.5946655273438
2025-03-21,554.777587890625
2025-03-24,564.7129516601562
2025-03-25,566.0703735351562
2025-03-26,559.3124389648438
2025-03-27,557.8271484375
2025-03-28,546.5933837890625
2025-03-31,550.2625732421875
2025-04-01,551.8168334960938
2025-04-02,555.3088989257812
2025-04-03,527.94287109375
2025-04-04,497.0354309082031
2025-04-07,496.150146484375
2025-04-08,488.3790283203125
2025-04-09,539.6682739257812
2025-04-10,516.0205688476562
2025-04-11,525.227783203125
2025-04-14,530.3233032226562
2025-04-15,528.837890625
2025-04-16,517.0828247070312
2025-04-17,517.8206787109375
2025-04-21,505.4951477050781
2025-04-22,518.6469116210938
2025-04-23,526.68359375
2025-04-24,537.769775390625
2025-04-25,541.6552734375
2025-04-28,541.86181640625
2025-04-29,545.2752685546875
2025-04-30,545.4916381835938
2025-05-01,549.3574829101562
2025-05-02,557.5122680664062
2025-05-05,554.3153686523438
2025-05-06,549.6821899414062
2025-05-07,551.993896484375
2025-05-08,555.840087890625
2025-05-09,555.1318359375
2025-05-12,573.4775390625
2025-05-13,577.2647705078125
2025-05-14,578.00244140625
2025-05-15,580.8256225585938
2025-05-16,584.5045776367188
2025-05-19,585.1439819335938
2025-05-20,583.176513671875
2025-05-21,573.3494873046875
2025-05-22,573.5758056640625
2025-05-23,569.6607666015625
2025-05-27,581.50439453125
2025-05-28,578.14013671875
2025-05-29,580.4221801757812
2025-05-30,579.7730712890625
2025-06-02,583.0388793945312
2025-06-03,586.3636474609375
2025-06-04,586.2063598632812
2025-06-05,583.373291015625
2025-06-06,589.364013671875
2025-06-09,589.8952026367188
2025-06-10,593.2396850585938
2025-06-11,591.5476684570312
2025-06-12,593.898681640625
2025-06-13,587.2587890625
2025-06-16,592.84619140625
2025-06-17,587.7802734375
2025-06-18,587.6917114257812
2025-06-20,586.3114624023438
2025-06-23,592.102783203125
2025-06-24,598.643798828125
2025-06-25,598.979248046875
2025-06-26,603.6655883789062
2025-06-27,606.6648559570312
2025-06-30,609.5653076171875
2025-07-01,609.3680419921875
2025-07-02,612.1305541992188
2025-07-03,616.9550170898438
2025-07-07,612.357421875
2025-07-08,612.0220336914062
2025-07-09,615.692138671875
2025-07-10,617.4285888671875
2025-07-11,615.2579956054688
2025-07-14,616.4320678710938
2025-07-15,613.7978515625
2025-07-16,615.8499145507812
2025-07-17,619.6187744140625
2025-07-18,619.1649169921875
2025-07-21,620.3389892578125
2025-07-22,620.427734375
2025-07-23,625.7060546875
2025-07-24,625.9132690429688
2025-07-25,628.5572509765625
2025-07-28,628.3994140625
2025-07-29,626.741943359375
2025-07-30,625.9526977539062
2025-07-31,623.6046752929688
2025-08-01,613.3834838867188
2025-08-04,622.7068481445312
2025-08-05,619.5496215820312
2025-08-06,624.2952270507812
2025-08-07,623.7723388671875
2025-08-08,628.63623046875
2025-08-11,627.3931884765625
2025-08-12,634.072265625
2025-08-13,636.2428588867188
2025-08-14,636.302001953125
2025-08-15,634.8123168945312
2025-08-18,634.6741333007812
2025-08-19,631.2308959960938
2025-08-20,629.5537719726562
2025-08-21,627.0280151367188
2025-08-22,636.6572265625
2025-08-25,633.8552856445312
2025-08-26,636.5092163085938
2025-08-27,637.95947265625
2025-08-28,640.21875
2025-08-29,636.4005737304688
2025-09-02,631.684814453125
2025-09-03,635.108154296875
2025-09-04,640.4160766601562
2025-09-05,638.5612182617188
2025-09-08,640.1300659179688
2025-09-09,641.6099243164062
2025-09-10,643.4647216796875
2025-09-11,648.81201171875
2025-09-12,648.5949096679688
2025-09-15,652.0479736328125
2025-09-16,651.1502685546875
2025-09-17,650.3411865234375
2025-09-18,653.3799438476562
2025-09-19,656.615966796875
2025-09-22,659.7225341796875
2025-09-23,656.1312255859375
2025-09-24,654.043701171875
2025-09-25,651.0263061523438
2025-09-26,654.756103515625
2025-09-29,656.59619140625
2025-09-30,659.0695190429688
2025-10-01,661.3153686523438
2025-10-02,662.0769653320312
2025-10-03,662.0672607421875
2025-10-06,664.4415283203125
2025-10-07,661.9780883789062
2025-10-08,665.925537109375
2025-10-09,663.9963989257812
2025-10-10,646.050048828125
2025-10-13,655.9630126953125
2025-10-14,655.1616821289062
2025-10-15,658.0703125
2025-10-16,653.5886840820312
2025-10-17,657.298583984375
2025-10-20,664.1348266601562
2025-10-21,664.1249389648438
2025-10-22,660.6721801757812
2025-10-23,664.5899658203125
2025-10-24,670.0213623046875
2025-10-27,677.926025390625
2025-10-28,679.7266235351562
2025-10-29,680.0531616210938
2025-10-30,672.5739135742188
2025-10-31,674.780029296875
2025-11-03,676.0463256835938
2025-11-04,668.0327758789062
2025-11-05,670.3478393554688
2025-11-06,663.1553955078125
2025-11-07,663.808349609375
2025-11-10,674.1665649414062
2025-11-11,675.7099609375
2025-11-12,676.0859985351562
2025-11-13,664.8670043945312
2025-11-14,664.758056640625
2025-11-17,658.56494140625
2025-11-18,653.0346069335938
2025-11-19,655.5574340820312
2025-11-20,645.5652465820312
2025-11-21,651.9959106445312
2025-11-24,661.59228515625
2025-11-25,667.8152465820312
2025-11-26,672.4254150390625
2025-11-28,676.0958251953125
2025-12-01,673.0091552734375
2025-12-02,674.2556762695312
2025-12-03,676.5905151367188
2025-12-04,677.085205078125
2025-12-05,678.3712768554688
2025-12-08,676.3333129882812
2025-12-09,675.7495727539062
2025-12-10,680.2312622070312
2025-12-11,681.8140869140625
2025-12-12,674.4832153320312
2025-12-15,673.4641723632812
2025-12-16,671.6240844726562
2025-12-17,664.23388671875
2025-12-18,669.2496337890625
2025-12-19,675.3153686523438
2025-12-22,679.5225219726562
2025-12-23,682.6282348632812
2025-12-24,685.0294799804688
2025-12-26,684.9600219726562
2025-12-29,682.51904296875
2025-12-30,681.685546875
2025-12-31,676.635009765625
2026-01-02,677.8753051757812
2026-01-05,682.3900756835938
2026-01-06,686.4484252929688
2026-01-07,684.2356567382812
2026-01-08,684.1661987304688
2026-01-09,688.69091796875
2026-01-12,689.7723999023438
2026-01-13,688.3931884765625
2026-01-14,685.009521484375
2026-01-15,686.875
2026-01-16,686.299560546875
2026-01-20,672.3286743164062
2026-01-21,680.088134765625
2026-01-22,683.6402587890625
2026-01-23,683.8883056640625
2026-01-26,687.3612060546875
2026-01-27,690.099853515625
2026-01-28,690.0303955078125
2026-01-29,688.6610717773438
2026-01-30,686.6071166992188
2026-02-02,690.0203857421875
2026-02-03,684.18603515625
2026-02-04,680.8719482421875
2026-02-05,672.3682861328125
2026-02-06,685.2676391601562
2026-02-09,688.5718383789062
2026-02-10,686.7559814453125
2026-02-11,686.5972290039062
2026-02-12,675.9900512695312
2026-02-13,676.4663696289062
2026-02-17,677.5578002929688
2026-02-18,680.9711303710938
2026-02-19,679.1751098632812
2026-02-20,684.0867919921875
2026-02-23,677.1013793945312
2026-02-24,682.02294921875
2026-02-25,687.7779541015625
2026-02-26,683.957763671875
2026-02-27,680.6734619140625
2026-03-02,681.0604858398438
2026-03-03,675.057373046875
2026-03-04,679.8201904296875
2026-03-05,676.0297241210938
2026-03-06,667.1690063476562
2026-03-09,673.0133056640625
2026-03-10,671.9317016601562
2026-03-11,671.08837890625
2026-03-12,660.89794921875
2026-03-13,657.1571655273438
2026-03-16,663.8449096679688
2026-03-17,665.5912475585938
2026-03-18,656.3038330078125
2026-03-19,654.6864624023438
2026-03-20,645.3009643554688
2026-03-23,652.07666015625
2026-03-24,649.8877563476562
2026-03-25,653.5094604492188
2026-03-26,641.838623046875
2026-03-27,630.89404296875
2026-03-30,628.78466796875
2026-03-31,647.0621337890625
2026-04-01,651.9373779296875
2026-04-02,652.5244750976562
2026-04-06,655.6087646484375
2026-04-07,655.8972778320312
2026-04-08,672.6027221679688
2026-04-09,676.4830322265625
2026-04-10,676.0353393554688
2026-04-13,682.6417846679688
2026-04-14,690.959716796875
2026-04-15,696.412109375
2026-04-16,698.1234130859375
2026-04-17,706.5607299804688
2026-04-20,705.1477661132812
2026-04-21,700.53125
2026-04-22,707.6253051757812
2026-04-23,704.8792114257812
2026-04-24,710.3414916992188
2026-04-27,711.5653686523438
2026-04-28,708.1029052734375
2026-04-29,707.993408203125
2026-04-30,715.0377197265625
2026-05-01,717.0177001953125
2026-05-04,714.3909912109375
2026-05-05,720.1220092773438
2026-05-06,730.1312866210938
2026-05-07,727.8926391601562
2026-05-08,733.9021606445312
2026-05-11,735.5736694335938
2026-05-12,734.4593505859375
2026-05-13,738.5685424804688
2026-05-14,744.3989868164062
2026-05-15,735.4443969726562
2026-05-18,734.927001953125
2026-05-19,730.03173828125
2026-05-20,737.5138549804688
2026-05-21,738.9764404296875
2026-05-22,741.8817749023438
2026-05-26,746.8068237304688
2026-05-27,746.6774291992188
2026-05-28,750.7965698242188
2026-05-29,752.6671142578125
2026-06-01,754.7166748046875
2026-06-02,755.7415771484375
2026-06-03,750.4384155273438
2026-06-04,753.2740478515625
2026-06-05,733.83251953125
2026-06-08,735.4940795898438
2026-06-09,733.3350830078125
2026-06-10,721.7736206054688
2026-06-11,734.04150390625
2026-06-12,738.0113525390625
2026-06-15,751.0254516601562
2026-06-16,746.5481567382812
2026-06-17,737.225341796875
2026-06-18,744.8902587890625
2026-06-22,742.546142578125
2026-06-23,731.7628784179688
2026-06-24,731.4237060546875
2026-06-25,732.4810791015625
2026-06-26,727.1842651367188
2026-06-29,739.1644897460938
2026-06-30,744.9202270507812
2026-07-01,743.9127197265625
2026-07-02,742.9351806640625
2026-07-06,749.4190673828125
2026-07-07,745.85791015625
2026-07-08,743.5536499023438
2026-07-09,749.8480224609375
2026-07-10,753.0799560546875
2026-07-13,747.3142700195312
2026-07-14,749.9677124023438
2026-07-15,752.9403076171875
2026-07-16,748.8604125976562
2026-07-17,741.4487915039062
2026-07-20,740.2518310546875
2026-07-21,746.426513671875
2026-07-22,745.55859375
2026-07-23,736.3515014648438
2026-07-24,737.099609375
2026-07-27,737.25927734375
2026-07-28,739.0248413085938
2026-07-29,727.6531372070312
2026-07-30,739.852783203125
2026-07-31,745.1796264648438
2026-08-03,755.793212890625
2026-08-04,769.4193725585938
2026-08-05,767.8831787109375
2026-08-06,766.65625
2026-08-07,771.3446044921875
2026-08-10,771.1151733398438
2026-08-11,768.6513061523438
2026-08-12,770.5764770507812
2026-08-13,775.9531860351562
2026-08-14,774.4169921875
2026-08-17,770.7560424804688
2026-08-18,765.5490112304688
2026-08-19,767.1549682617188
2026-08-20,760.7109985351562
2026-08-21,763.8232421875
2026-08-24,761.5787963867188
2026-08-25,764.0127563476562
2026-08-26,764.182373046875
2026-08-27,769.18994140625
2026-08-28,767.4442749023438
2026-08-31,765.1499633789062
2026-09-01,759.89306640625
2026-09-02,763.2646484375
2026-09-03,771.2548217773438
2026-09-04,768.2822265625
2026-09-08,764.0626831054688
2026-09-09,760.5115356445312
2026-09-10,755.9528198242188
2026-09-11,762.3967895507812
2026-09-14,758.9952392578125
2026-09-15,755.513916015625
2026-09-16,752.1821899414062
2026-09-17,760.7109985351562
2026-09-18,761.6900024414062
2026-09-21,773.5
2026-09-22,773.3800048828125
2026-09-23,767.8099975585938
2026-09-24,767.1799926757812
2026-09-25,771.3499755859375
