Date,Close
2005-01-04,7.2006354331970215
2005-01-05,7.1043620109558105
2005-01-06,7.141171932220459
2005-01-07,7.077460289001465
2005-01-10,7.091616153717041
2005-01-11,7.0972819328308105
2005-01-12,7.091616153717041
2005-01-13,7.078878879547119
2005-01-14,7.1227641105651855
2005-01-17,7.1071929931640625
2005-01-18,7.156744003295898
2005-01-19,7.1355085372924805
2005-01-20,7.11993408203125
2005-01-21,7.111438274383545
2005-01-24,7.101532459259033
2005-01-25,7.160994052886963
2005-01-26,7.179394245147705
2005-01-27,7.190726280212402
2005-01-28,7.149668216705322
2005-01-31,7.199222087860107
2005-02-01,7.2600998878479
2005-02-02,7.274254322052002
2005-02-03,7.267176628112793
2005-02-04,7.3053998947143555
2005-02-07,7.345039367675781
2005-02-08,7.315312385559082
2005-02-09,7.345039367675781
2005-02-10,7.42857551574707
2005-02-11,7.480955123901367
2005-02-14,7.499361515045166
2005-02-15,7.4965314865112305
2005-02-16,7.5659074783325195
2005-02-17,7.529092788696289
2005-02-18,7.5659074783325195
2005-02-21,7.584309101104736
2005-02-22,7.546082496643066
2005-02-23,7.589973449707031
2005-02-24,7.578648567199707
2005-02-25,7.649435043334961
2005-02-28,7.572981834411621
2005-03-01,7.616868495941162
2005-03-02,7.689073085784912
2005-03-03,7.737213134765625
2005-03-04,7.799508094787598
2005-03-07,7.751368999481201
2005-03-08,7.769776344299316
2005-03-09,7.680581569671631
2005-03-10,7.592805862426758
2005-03-11,7.589973449707031
2005-03-14,7.623952865600586
2005-03-15,7.616868495941162
2005-03-16,7.618287563323975
2005-03-17,7.680581569671631
2005-03-18,7.680581569671631
2005-03-21,7.6267805099487305
2005-03-22,7.598468780517578
2005-03-23,7.522012233734131
2005-03-24,7.5050272941589355
2005-03-28,7.477019786834717
2005-03-29,7.411635398864746
2005-03-30,7.498345375061035
2005-03-31,7.6134843826293945
2005-04-01,7.636228084564209
2005-04-04,7.633387088775635
2005-04-05,7.6134843826293945
2005-04-06,7.664658546447754
2005-04-07,7.616325855255127
2005-04-08,7.622015476226807
2005-04-11,7.643339157104492
2005-04-12,7.6319661140441895
2005-04-13,7.5509419441223145
2005-04-14,7.469917297363281
2005-04-15,7.35051155090332
2005-04-18,7.398838996887207
2005-04-19,7.459963321685791
2005-04-20,7.4073686599731445
2005-04-21,7.454280853271484
2005-04-22,7.430113792419434
2005-04-25,7.478442668914795
2005-04-26,7.464227199554443
2005-04-27,7.413054466247559
2005-04-28,7.36330509185791
2005-04-29,7.441483974456787
2005-05-02,7.509721279144287
2005-05-03,7.454280853271484
2005-05-04,7.546675205230713
2005-05-05,7.539566516876221
2005-05-06,7.592165946960449
2005-05-09,7.6177520751953125
2005-05-10,7.590738296508789
2005-05-11,7.559467792510986
2005-05-12,7.468496322631836
2005-05-13,7.427272319793701
2005-05-16,7.447171211242676
2005-05-17,7.5054521560668945
2005-05-18,7.533885478973389
2005-05-19,7.577943801879883
2005-05-20,7.559467792510986
2005-05-24,7.619173526763916
2005-05-25,7.60353422164917
2005-05-26,7.647596836090088
2005-05-27,7.691666603088379
2005-05-30,7.7257795333862305
2005-05-31,7.695929527282715
2005-06-01,7.704463958740234
2005-06-02,7.681718826293945
2005-06-03,7.7257795333862305
2005-06-06,7.721518039703369
2005-06-07,7.715832710266113
2005-06-08,7.75847864151001
2005-06-09,7.819602966308594
2005-06-10,7.836661338806152
2005-06-13,7.8778815269470215
2005-06-14,7.87219762802124
2005-06-15,7.900624752044678
2005-06-16,7.98591423034668
2005-06-17,7.974542617797852
2005-06-20,8.025716781616211
2005-06-21,7.978809356689453
2005-06-22,8.08115291595459
2005-06-23,8.031401634216309
2005-06-24,8.029977798461914
2005-06-27,8.035686492919922
2005-06-28,8.06709098815918
2005-06-29,8.06709098815918
2005-06-30,7.950052261352539
2005-07-04,7.971460819244385
2005-07-05,8.08564567565918
2005-07-06,8.121331214904785
2005-07-07,8.135600090026855
2005-07-08,8.181275367736816
2005-07-11,8.221240043640137
2005-07-12,8.221240043640137
2005-07-13,8.196980476379395
2005-07-14,8.137032508850098
2005-07-15,8.16129207611084
2005-07-18,8.166999816894531
2005-07-19,8.255491256713867
2005-07-20,8.301166534423828
2005-07-21,8.292600631713867
2005-07-22,8.335427284240723
2005-07-25,8.335427284240723
2005-07-26,8.353979110717773
2005-07-27,8.462450981140137
2005-07-28,8.476722717285156
2005-07-29,8.378244400024414
2005-08-02,8.536674499511719
2005-08-03,8.509549140930176
2005-08-04,8.523826599121094
2005-08-05,8.468160629272461
2005-08-08,8.543806076049805
2005-08-09,8.540952682495117
2005-08-10,8.58948040008545
2005-08-11,8.609467506408691
2005-08-12,8.603752136230469
2005-08-15,8.575211524963379
2005-08-16,8.481008529663086
2005-08-17,8.452459335327148
2005-08-18,8.379668235778809
2005-08-19,8.469589233398438
2005-08-22,8.476722717285156
2005-08-23,8.418205261230469
2005-08-24,8.462450981140137
2005-08-25,8.500988006591797
2005-08-26,8.425341606140137
2005-08-29,8.492427825927734
2005-08-30,8.523826599121094
2005-08-31,8.599474906921387
2005-09-01,8.719365119934082
2005-09-02,8.682255744934082
2005-09-06,8.699385643005371
2005-09-07,8.697955131530762
2005-09-08,8.659418106079102
2005-09-09,8.755049705505371
2005-09-12,8.756476402282715
2005-09-13,8.719365119934082
2005-09-14,8.780741691589355
2005-09-15,8.813570976257324
2005-09-16,8.814994812011719
2005-09-19,8.893497467041016
2005-09-20,8.813570976257324
2005-09-21,8.870658874511719
2005-09-22,8.795008659362793
2005-09-23,8.814994812011719
2005-09-26,8.934887886047363
2005-09-27,8.993062973022461
2005-09-28,8.945775985717773
2005-09-29,8.905655860900879
2005-09-30,8.912824630737305
2005-10-03,8.951509475708008
2005-10-04,8.87413501739502
2005-10-05,8.683555603027344
2005-10-06,8.51446533203125
2005-10-07,8.583246231079102
2005-10-11,8.590413093566895
2005-10-12,8.482940673828125
2005-10-13,8.445684432983398
2005-10-14,8.504435539245605
2005-10-17,8.540261268615723
2005-10-18,8.36830997467041
2005-10-19,8.474343299865723
2005-10-20,8.278034210205078
2005-10-21,8.33964729309082
2005-10-24,8.441390991210938
2005-10-25,8.402700424194336
2005-10-26,8.316720008850098
2005-10-27,8.296662330627441
2005-10-28,8.361141204833984
2005-10-31,8.439956665039062
2005-11-01,8.422761917114258
2005-11-02,8.583246231079102
2005-11-03,8.654897689819336
2005-11-04,8.669219970703125
2005-11-07,8.653462409973145
2005-11-08,8.604743957519531
2005-11-09,8.643430709838867
2005-11-10,8.576078414916992
2005-11-11,8.662059783935547
2005-11-14,8.6735258102417
2005-11-15,8.647727012634277
2005-11-16,8.712211608886719
2005-11-17,8.733705520629883
2005-11-18,8.726542472839355
2005-11-21,8.783854484558105
2005-11-22,8.844042778015137
2005-11-23,8.877001762390137
2005-11-24,9.020291328430176
2005-11-25,8.97014045715332
2005-11-28,8.912824630737305
2005-11-29,8.895625114440918
2005-11-30,8.798187255859375
2005-12-01,8.931450843811035
2005-12-02,8.957239151000977
2005-12-05,8.934313774108887
2005-12-06,9.015992164611816
2005-12-07,9.036050796508789
2005-12-08,9.070442199707031
2005-12-09,9.041784286499023
2005-12-12,9.031756401062012
2005-12-13,9.061845779418945
2005-12-14,9.034624099731445
2005-12-15,8.998793601989746
2005-12-16,9.063282012939453
2005-12-19,9.070442199707031
2005-12-20,9.116296768188477
2005-12-21,9.150691986083984
2005-12-22,9.177911758422852
2005-12-23,9.16093921661377
2005-12-28,9.17532730102539
2005-12-29,9.185396194458008
2005-12-30,9.145116806030273
2006-01-03,9.30909252166748
2006-01-04,9.356560707092285
2006-01-05,9.346488952636719
2006-01-06,9.448613166809082
2006-01-09,9.405460357666016
2006-01-10,9.415531158447266
2006-01-11,9.418410301208496
2006-01-12,9.396833419799805
2006-01-13,9.405460357666016
2006-01-16,9.486013412475586
2006-01-17,9.470186233520508
2006-01-18,9.353682518005371
2006-01-19,9.467312812805176
2006-01-20,9.404024124145508
2006-01-23,9.517651557922363
2006-01-24,9.506149291992188
2006-01-25,9.45148754119873
2006-01-26,9.526283264160156
2006-01-27,9.637038230895996
2006-01-30,9.708956718444824
2006-01-31,9.717588424682617
2006-02-01,9.714714050292969
2006-02-02,9.67299747467041
2006-02-03,9.674437522888184
2006-02-06,9.795257568359375
2006-02-07,9.583815574645996
2006-02-08,9.527724266052246
2006-02-09,9.503275871276855
2006-02-10,9.458683013916016
2006-02-13,9.392516136169434
2006-02-14,9.477378845214844
2006-02-15,9.43566608428955
2006-02-16,9.550738334655762
2006-02-17,9.60539436340332
2006-02-20,9.698884963989258
2006-02-21,9.62409496307373
2006-02-22,9.61546516418457
2006-02-23,9.565118789672852
2006-02-24,9.616904258728027
2006-02-27,9.559368133544922
2006-02-28,9.550738334655762
2006-03-01,9.622655868530273
2006-03-02,9.694573402404785
2006-03-03,9.770812034606934
2006-03-06,9.69601058959961
2006-03-07,9.626969337463379
2006-03-08,9.569437026977539
2006-03-09,9.608274459838867
2006-03-10,9.66580581665039
2006-03-13,9.720466613769531
2006-03-14,9.776562690734863
2006-03-15,9.849918365478516
2006-03-16,9.880121231079102
2006-03-17,9.809640884399414
2006-03-20,9.749232292175293
2006-03-21,9.766493797302246
2006-03-22,9.778000831604004
2006-03-23,9.824026107788086
2006-03-24,9.907450675964355
2006-03-27,9.83265495300293
2006-03-28,9.803064346313477
2006-03-29,9.960408210754395
2006-03-30,9.960408210754395
2006-03-31,9.863691329956055
2006-04-03,9.976286888122559
2006-04-04,9.943086624145508
2006-04-05,10.049909591674805
2006-04-06,10.078777313232422
2006-04-07,9.987837791442871
2006-04-10,10.023923873901367
2006-04-11,9.925762176513672
2006-04-12,9.908435821533203
2006-04-13,9.979179382324219
2006-04-17,10.018150329589844
2006-04-18,10.148070335388184
2006-04-19,10.163951873779297
2006-04-20,10.022483825683594
2006-04-21,10.124971389770508
2006-04-24,10.044135093688965
2006-04-25,10.02969741821289
2006-04-26,10.03691577911377
2006-04-27,9.938753128051758
2006-04-28,9.92287540435791
2006-05-01,9.948860168457031
2006-05-02,9.977731704711914
2006-05-03,9.921435356140137
2006-05-04,9.862252235412598
2006-05-05,9.999383926391602
2006-05-08,10.005163192749023
2006-05-09,10.016712188720703
2006-05-10,10.021036148071289
2006-05-11,9.868022918701172
2006-05-12,9.80883502960205
2006-05-15,9.65004825592041
2006-05-16,9.652937889099121
2006-05-17,9.508584022521973
2006-05-18,9.41763973236084
2006-05-19,9.449397087097168
2006-05-23,9.390213012695312
2006-05-24,9.305044174194336
2006-05-25,9.51579761505127
2006-05-26,9.599527359008789
2006-05-29,9.670257568359375
2006-05-30,9.517244338989258
2006-05-31,9.605297088623047
2006-06-01,9.664483070373535
2006-06-02,9.693358421325684
2006-06-05,9.510026931762695
2006-06-06,9.505698204040527
2006-06-07,9.357010841369629
2006-06-08,9.323808670043945
2006-06-09,9.26895523071289
2006-06-12,9.130375862121582
2006-06-13,8.9239501953125
2006-06-14,8.987465858459473
2006-06-15,9.182341575622559
2006-06-16,9.170793533325195
2006-06-19,9.004788398742676
2006-06-20,9.013450622558594
2006-06-21,9.091397285461426
2006-06-22,9.12027359008789
2006-06-23,9.195333480834961
2006-06-26,9.305044174194336
2006-06-27,9.233293533325195
2006-06-28,9.269533157348633
2006-06-29,9.439122200012207
2006-06-30,9.544934272766113
2006-07-04,9.608715057373047
2006-07-05,9.517394065856934
2006-07-06,9.498552322387695
2006-07-07,9.540586471557617
2006-07-10,9.598566055297852
2006-07-11,9.720321655273438
2006-07-12,9.6782865524292
2006-07-13,9.518844604492188
2006-07-14,9.54638385772705
2006-07-17,9.423179626464844
2006-07-18,9.428977966308594
2006-07-19,9.576824188232422
2006-07-20,9.455065727233887
2006-07-21,9.407234191894531
2006-07-24,9.59566593170166
2006-07-25,9.694235801696777
2006-07-26,9.779753684997559
2006-07-27,9.679733276367188
2006-07-28,9.750765800476074
2006-07-31,9.7246732711792
2006-08-01,9.784103393554688
2006-08-02,9.837733268737793
2006-08-03,9.820340156555176
2006-08-04,9.8058443069458
2006-08-08,9.860928535461426
2006-08-09,9.900062561035156
2006-08-10,9.863824844360352
2006-08-11,9.850776672363281
2006-08-14,9.763810157775879
2006-08-15,9.897162437438965
2006-08-16,9.937749862670898
2006-08-17,9.975432395935059
2006-08-18,9.959489822387695
2006-08-21,10.04646110534668
2006-08-22,10.108790397644043
2006-08-23,10.09574031829834
2006-08-24,10.021819114685059
2006-08-25,10.016020774841309
2006-08-28,10.065302848815918
2006-08-29,9.949341773986816
2006-08-30,9.956594467163086
2006-08-31,9.940646171569824
2006-09-01,10.010221481323242
2006-09-05,10.05660343170166
2006-09-06,9.865272521972656
2006-09-07,9.782651901245117
2006-09-08,9.75365924835205
2006-09-11,9.618860244750977
2006-09-12,9.652195930480957
2006-09-13,9.720321655273438
2006-09-14,9.60581111907959
2006-09-15,9.624659538269043
2006-09-18,9.739171981811523
2006-09-19,9.698577880859375
2006-09-20,9.673940658569336
2006-09-21,9.671043395996094
2006-09-22,9.618860244750977
2006-09-25,9.657995223999023
2006-09-26,9.700943946838379
2006-09-27,9.80577564239502
2006-09-28,9.877114295959473
2006-09-29,9.839259147644043
2006-10-02,9.862554550170898
2006-10-03,9.665998458862305
2006-10-04,9.762096405029297
2006-10-05,9.837804794311523
2006-10-06,9.799948692321777
2006-10-10,9.831978797912598
2006-10-11,9.693663597106934
2006-10-12,9.769377708435059
2006-10-13,9.930983543395996
2006-10-16,10.04163932800293
2006-10-17,9.980484008789062
2006-10-18,9.935355186462402
2006-10-19,10.025619506835938
2006-10-20,9.992136001586914
2006-10-23,10.059109687805176
2006-10-24,10.134818077087402
2006-10-25,10.249837875366211
2006-10-26,10.262938499450684
2006-10-27,10.198875427246094
2006-10-30,10.194510459899902
2006-10-31,10.27458667755127
2006-11-01,10.117344856262207
2006-11-02,10.245467185974121
2006-11-03,10.31680965423584
2006-11-06,10.373590469360352
2006-11-07,10.359026908874512
2006-11-08,10.446391105651855
2006-11-09,10.475505828857422
2006-11-10,10.414355278015137
2006-11-13,10.415814399719238
2006-11-14,10.389606475830078
2006-11-15,10.495890617370605
2006-11-16,10.440568923950195
2006-11-17,10.443476676940918
2006-11-20,10.48279094696045
2006-11-21,10.622559547424316
2006-11-22,10.583250045776367
2006-11-23,10.679340362548828
2006-11-24,10.632750511169434
2006-11-27,10.552668571472168
2006-11-28,10.557039260864258
2006-11-29,10.656044006347656
2006-11-30,10.721564292907715
2006-12-01,10.73466682434082
2006-12-04,10.807458877563477
2006-12-05,10.858419418334961
2006-12-06,10.861331939697266
2006-12-07,10.8715238571167
2006-12-08,10.858419418334961
2006-12-11,10.842406272888184
2006-12-12,10.845312118530273
2006-12-13,10.89190673828125
2006-12-14,10.963249206542969
2006-12-15,10.85696029663086
2006-12-18,10.756501197814941
2006-12-19,10.749224662780762
2006-12-20,10.76232624053955
2006-12-21,10.730297088623047
2006-12-22,10.705000877380371
2006-12-27,10.852685928344727
2006-12-28,10.905326843261719
2006-12-29,10.893631935119629
2007-01-02,10.921416282653809
2007-01-03,10.750330924987793
2007-01-04,10.6304292678833
2007-01-05,10.571940422058105
2007-01-08,10.639199256896973
2007-01-09,10.548541069030762
2007-01-10,10.542692184448242
2007-01-11,10.567550659179688
2007-01-12,10.710846900939941
2007-01-15,10.754719734191895
2007-01-16,10.7298583984375
2007-01-17,10.734243392944336
2007-01-18,10.623115539550781
2007-01-19,10.718161582946777
2007-01-22,10.68891429901123
2007-01-23,10.873156547546387
2007-01-24,10.959429740905762
2007-01-25,10.887779235839844
2007-01-26,10.931647300720215
2007-01-29,10.898014068603516
2007-01-30,10.972590446472168
2007-01-31,10.981368064880371
2007-02-01,11.088107109069824
2007-02-02,11.041316032409668
2007-02-05,11.085186958312988
2007-02-06,11.098341941833496
2007-02-07,11.051548957824707
2007-02-08,11.086638450622559
2007-02-09,10.993059158325195
2007-02-12,10.959429740905762
2007-02-13,11.083724021911621
2007-02-14,11.110038757324219
2007-02-15,11.1714506149292
2007-02-16,11.197772026062012
2007-02-19,11.158291816711426
2007-02-20,11.197772026062012
2007-02-21,11.203619956970215
2007-02-22,11.168525695800781
2007-02-23,11.186077117919922
2007-02-26,11.241642951965332
2007-02-27,10.9375
2007-02-28,10.95504093170166
2007-03-01,10.864386558532715
2007-03-02,10.778112411499023
2007-03-05,10.672832489013672
2007-03-06,10.810282707214355
2007-03-07,10.88046932220459
2007-03-08,10.949193000793457
2007-03-09,10.9711275100708
2007-03-12,10.990138053894043
2007-03-13,10.76348876953125
2007-03-14,10.798585891723633
2007-03-15,10.838067054748535
2007-03-16,10.786881446838379
2007-03-19,10.962352752685547
2007-03-20,10.930184364318848
2007-03-21,11.088107109069824
2007-03-22,11.03839111328125
2007-03-23,11.134895324707031
2007-03-26,11.187538146972656
2007-03-27,11.122920989990234
2007-03-28,11.1023588180542
2007-03-29,11.152292251586914
2007-03-30,11.087677001953125
2007-04-02,11.164043426513672
2007-04-03,11.266840934753418
2007-04-04,11.322644233703613
2007-04-05,11.309429168701172
2007-04-09,11.356424331665039
2007-04-10,11.309429168701172
2007-04-11,11.297677040100098
2007-04-12,11.369636535644531
2007-04-13,11.4371919631958
2007-04-16,11.50621509552002
2007-04-17,11.500340461730957
2007-04-18,11.553213119506836
2007-04-19,11.425445556640625
2007-04-20,11.476847648620605
2007-04-23,11.469502449035645
2007-04-24,11.460692405700684
2007-04-25,11.531183242797852
2007-04-26,11.45775032043457
2007-04-27,11.46363353729248
2007-04-30,11.277120590209961
2007-05-01,11.258028984069824
2007-05-02,11.413695335388184
2007-05-03,11.476847648620605
2007-05-04,11.579652786254883
2007-05-07,11.66041374206543
2007-05-08,11.711813926696777
2007-05-09,11.667762756347656
2007-05-10,11.64279556274414
2007-05-11,11.788175582885742
2007-05-14,11.707405090332031
2007-05-15,11.719155311584473
2007-05-16,11.826363563537598
2007-05-17,11.889509201049805
2007-05-18,11.895383834838867
2007-05-22,11.883634567260742
2007-05-23,11.926225662231445
2007-05-24,11.767620086669922
2007-05-25,11.864547729492188
2007-05-28,11.876294136047363
2007-05-29,11.817548751831055
2007-05-30,11.945319175720215
2007-05-31,11.880699157714844
2007-06-01,11.93943977355957
2007-06-04,11.929163932800293
2007-06-05,11.943853378295898
2007-06-06,11.75000286102295
2007-06-07,11.5576171875
2007-06-08,11.664820671081543
2007-06-11,11.691256523132324
2007-06-12,11.6075439453125
2007-06-13,11.75440502166748
2007-06-14,11.86748218536377
2007-06-15,11.989376068115234
2007-06-18,12.026092529296875
2007-06-19,11.967345237731934
2007-06-20,11.854267120361328
2007-06-21,11.970281600952148
2007-06-22,11.860138893127441
2007-06-25,11.733841896057129
2007-06-26,11.580571174621582
2007-06-27,11.648429870605469
2007-06-28,11.63957691192627
2007-06-29,11.826929092407227
2007-07-03,11.940526962280273
2007-07-04,11.928722381591797
2007-07-05,11.934621810913086
2007-07-06,11.953798294067383
2007-07-09,12.006911277770996
2007-07-10,11.986260414123535
2007-07-11,12.006911277770996
2007-07-12,12.185410499572754
2007-07-13,12.31523609161377
2007-07-16,12.186888694763184
2007-07-17,12.238519668579102
2007-07-18,12.394896507263184
2007-07-19,12.44653034210205
2007-07-20,12.42440414428711
2007-07-23,12.344736099243164
2007-07-24,11.987730979919434
2007-07-25,12.048213958740234
2007-07-26,11.8490629196167
2007-07-27,11.729567527770996
2007-07-30,11.853483200073242
2007-07-31,11.862334251403809
2007-08-01,11.673511505126953
2007-08-02,11.80038070678711
2007-08-03,11.6071195602417
2007-08-07,11.562867164611816
2007-08-08,11.769392013549805
2007-08-09,11.492055892944336
2007-08-10,11.487626075744629
2007-08-13,11.466975212097168
2007-08-14,11.306175231933594
2007-08-15,11.174883842468262
2007-08-16,11.06571102142334
2007-08-17,11.227987289428711
2007-08-20,11.260440826416016
2007-08-21,11.438950538635254
2007-08-22,11.610071182250977
2007-08-23,11.574666023254395
2007-08-24,11.672033309936523
2007-08-27,11.602700233459473
2007-08-28,11.402063369750977
2007-08-29,11.58793830871582
2007-08-30,11.595317840576172
2007-08-31,11.757596015930176
2007-09-04,11.850530624389648
2007-09-05,11.781195640563965
2007-09-06,11.87266731262207
2007-09-07,11.764969825744629
2007-09-10,11.725142478942871
2007-09-11,11.810701370239258
2007-09-12,11.853483200073242
2007-09-13,11.928722381591797
2007-09-14,11.928722381591797
2007-09-17,11.902172088623047
2007-09-18,12.082148551940918
2007-09-19,12.001006126403809
2007-09-20,11.897747993469238
2007-09-21,12.008382797241211
2007-09-24,12.008382797241211
2007-09-25,12.063523292541504
2007-09-26,12.112434387207031
2007-09-27,12.18802547454834
2007-09-28,12.130221366882324
2007-10-01,12.241388320922852
2007-10-02,12.183578491210938
2007-10-03,12.09909725189209
2007-10-04,12.180615425109863
2007-10-05,12.269547462463379
2007-10-09,12.290297508239746
2007-10-10,12.309564590454102
2007-10-11,12.25028133392334
2007-10-12,12.336247444152832
2007-10-15,12.247308731079102
2007-10-16,12.17617130279541
2007-10-17,12.259174346923828
2007-10-18,12.346623420715332
2007-10-19,12.063523292541504
2007-10-22,12.10353946685791
2007-10-23,12.140595436096191
2007-10-24,12.149491310119629
2007-10-25,12.177653312683105
2007-10-26,12.346623420715332
2007-10-29,12.466679573059082
2007-10-30,12.351070404052734
2007-10-31,12.620824813842773
2007-11-01,12.377745628356934
2007-11-02,12.410355567932129
2007-11-05,12.314011573791504
2007-11-06,12.462231636047363
2007-11-07,12.242868423461914
2007-11-08,12.257689476013184
2007-11-09,12.002752304077148
2007-11-12,11.746333122253418
2007-11-13,11.86342716217041
2007-11-14,11.92568302154541
2007-11-15,11.709280967712402
2007-11-16,11.707794189453125
2007-11-19,11.550681114196777
2007-11-20,11.713726043701172
2007-11-21,11.544753074645996
2007-11-22,11.611452102661133
2007-11-23,11.682602882385254
2007-11-26,11.537343978881836
2007-11-27,11.615903854370117
2007-11-28,11.879733085632324
2007-11-29,11.879733085632324
2007-11-30,11.94345760345459
2007-12-03,11.85898208618164
2007-12-04,11.802655220031738
2007-12-05,11.958290100097656
2007-12-06,12.026468276977539
2007-12-07,12.027948379516602
2007-12-10,12.112434387207031
2007-12-11,11.90344524383545
2007-12-12,11.990898132324219
2007-12-13,11.939019203186035
2007-12-14,11.89010238647461
2007-12-17,11.675190925598145
2007-12-18,11.685562133789062
2007-12-19,11.698904037475586
2007-12-20,11.725584030151367
2007-12-21,11.857500076293945
2007-12-24,11.953126907348633
2007-12-27,11.921844482421875
2007-12-28,12.085686683654785
2007-12-31,12.073769569396973
2008-01-02,12.173566818237305
2008-01-03,12.221231460571289
2008-01-04,12.060362815856934
2008-01-07,11.911416053771973
2008-01-08,11.83247184753418
2008-01-09,11.9754638671875
2008-01-10,11.970998764038086
2008-01-11,11.924821853637695
2008-01-14,12.017170906066895
2008-01-15,11.707357406616211
2008-01-16,11.458610534667969
2008-01-17,11.178592681884766
2008-01-18,11.163698196411133
2008-01-21,10.620031356811523
2008-01-22,11.092202186584473
2008-01-23,11.15476131439209
2008-01-24,11.33349895477295
2008-01-25,11.320089340209961
2008-01-28,11.382652282714844
2008-01-29,11.460105895996094
2008-01-30,11.416909217834473
2008-01-31,11.528619766235352
2008-02-01,11.629904747009277
2008-02-04,11.588199615478516
2008-02-05,11.33498477935791
2008-02-06,11.290302276611328
2008-02-07,11.294774055480957
2008-02-08,11.37520694732666
2008-02-11,11.497344017028809
2008-02-12,11.458610534667969
2008-02-13,11.635866165161133
2008-02-14,11.559896469116211
2008-02-15,11.559896469116211
2008-02-19,11.753527641296387
2008-02-20,11.912904739379883
2008-02-21,11.86673355102539
2008-02-22,11.947164535522461
2008-02-25,12.032059669494629
2008-02-26,12.102071762084961
2008-02-27,12.125911712646484
2008-02-28,12.198887825012207
2008-02-29,11.915885925292969
2008-03-03,11.900989532470703
2008-03-04,11.871200561523438
2008-03-05,11.987384796142578
2008-03-06,11.72225284576416
2008-03-07,11.676077842712402
2008-03-10,11.46904182434082
2008-03-11,11.804171562194824
2008-03-12,11.75204086303711
2008-03-13,11.848860740661621
2008-03-14,11.711821556091309
2008-03-17,11.418394088745117
2008-03-18,11.604585647583008
2008-03-19,11.2188081741333
2008-03-20,11.272425651550293
2008-03-24,11.46904182434082
2008-03-25,11.766940116882324
2008-03-26,11.78998851776123
2008-03-27,11.779512405395508
2008-03-28,11.674711227416992
2008-03-31,11.752568244934082
2008-04-01,11.870838165283203
2008-04-02,11.92623519897461
2008-04-03,11.954679489135742
2008-04-04,12.086427688598633
2008-04-07,12.125349998474121
2008-04-08,12.14930248260498
2008-04-09,12.170266151428223
2008-04-10,12.296022415161133
2008-04-11,12.107385635375977
2008-04-14,12.135836601257324
2008-04-15,12.249617576599121
2008-04-16,12.513111114501953
2008-04-17,12.526588439941406
2008-04-18,12.652348518371582
2008-04-21,12.75564956665039
2008-04-22,12.761640548706055
2008-04-23,12.602945327758789
2008-04-24,12.465204238891602
2008-04-25,12.586470603942871
2008-04-28,12.55053997039795
2008-04-29,12.291537284851074
2008-04-30,12.448737144470215
2008-05-01,12.526588439941406
2008-05-02,12.727204322814941
2008-05-05,12.713728904724121
2008-05-06,12.873923301696777
2008-05-07,12.826016426086426
2008-05-08,13.07903003692627
2008-05-09,13.001185417175293
2008-05-12,13.134425163269043
2008-05-13,13.080530166625977
2008-05-14,13.1134614944458
2008-05-15,13.324563980102539
2008-05-16,13.466785430908203
2008-05-20,13.568598747253418
2008-05-21,13.294621467590332
2008-05-22,13.296116828918457
2008-05-23,13.248209953308105
2008-05-26,13.276650428771973
2008-05-27,13.05656909942627
2008-05-28,13.221258163452148
2008-05-29,13.098496437072754
2008-05-30,13.251201629638672
2008-06-02,13.309591293334961
2008-06-03,13.246713638305664
2008-06-04,13.218267440795898
2008-06-05,13.492238998413086
2008-06-06,13.459304809570312
2008-06-09,13.47727108001709
2008-06-10,13.246713638305664
2008-06-11,13.267671585083008
2008-06-12,13.12544059753418
2008-06-13,13.308094024658203
2008-06-16,13.439841270446777
2008-06-17,13.571584701538086
2008-06-18,13.595538139343262
2008-06-19,13.335042953491211
2008-06-20,13.135926246643066
2008-06-23,13.233238220214844
2008-06-24,12.951773643493652
2008-06-25,13.019683837890625
2008-06-26,12.894707679748535
2008-06-27,12.9263277053833
2008-06-30,12.973000526428223
2008-07-02,12.638740539550781
2008-07-03,12.760701179504395
2008-07-04,12.632719039916992
2008-07-07,12.459567070007324
2008-07-08,12.580018997192383
2008-07-09,12.301469802856445
2008-07-10,12.444512367248535
2008-07-11,12.414390563964844
2008-07-14,12.399336814880371
2008-07-15,12.04399585723877
2008-07-16,12.233713150024414
2008-07-17,12.19005298614502
2008-07-18,12.233713150024414
2008-07-21,12.370731353759766
2008-07-22,12.35869026184082
2008-07-23,12.256295204162598
2008-07-24,11.91751480102539
2008-07-25,12.128318786621094
2008-07-28,12.01539134979248
2008-07-29,12.098199844360352
2008-07-30,12.400848388671875
2008-07-31,12.313516616821289
2008-08-01,12.18703842163086
2008-08-05,11.985271453857422
2008-08-06,12.19005298614502
2008-08-07,12.057550430297852
2008-08-08,12.069592475891113
2008-08-11,11.979254722595215
2008-08-12,11.96118450164795
2008-08-13,12.159934997558594
2008-08-14,12.069592475891113
2008-08-15,11.852775573730469
2008-08-18,11.83470630645752
2008-08-19,11.864822387695312
2008-08-20,12.135845184326172
2008-08-21,12.238232612609863
2008-08-22,12.196073532104492
2008-08-25,12.045498847961426
2008-08-26,12.045498847961426
2008-08-27,12.26231861114502
2008-08-28,12.43697738647461
2008-08-29,12.43697738647461
2008-09-02,12.057550430297852
2008-09-03,11.888914108276367
2008-09-04,11.575728416442871
2008-09-05,11.641974449157715
2008-09-08,11.485384941101074
2008-09-09,11.021635055541992
2008-09-10,11.310722351074219
2008-09-11,11.461294174194336
2008-09-12,11.641974449157715
2008-09-15,11.14208698272705
2008-09-16,11.190272331237793
2008-09-17,10.804816246032715
2008-09-18,11.130043983459473
2008-09-19,11.732322692871094
2008-09-22,11.55163860321045
2008-09-23,11.425161361694336
2008-09-24,11.425161361694336
2008-09-25,11.449411392211914
2008-09-26,11.079493522644043
2008-09-29,10.424549102783203
2008-09-30,10.897566795349121
2008-10-01,10.715639114379883
2008-10-02,9.969727516174316
2008-10-03,9.87876033782959
2008-10-06,9.514901161193848
2008-10-07,9.035821914672852
2008-10-08,9.217747688293457
2008-10-09,8.853893280029297
2008-10-10,8.490034103393555
2008-10-14,9.193492889404297
2008-10-15,8.490034103393555
2008-10-16,8.55673885345459
2008-10-17,8.7507963180542
2008-10-20,9.3754243850708
2008-10-21,9.017626762390137
2008-10-22,8.544610977172852
2008-10-23,8.568870544433594
2008-10-24,8.544610977172852
2008-10-27,7.871476173400879
2008-10-28,8.520353317260742
2008-10-29,8.732604026794434
2008-10-30,9.10859489440918
2008-10-31,9.041886329650879
2008-11-03,8.96911334991455
2008-11-04,9.36329460144043
2008-11-05,9.047947883605957
2008-11-06,8.799312591552734
2008-11-07,8.85995864868164
2008-11-10,8.914535522460938
2008-11-11,8.732604026794434
2008-11-12,8.223203659057617
2008-11-13,8.611318588256836
2008-11-14,8.332359313964844
2008-11-17,8.083724021911621
2008-11-18,8.144367218017578
2008-11-19,7.835090160369873
2008-11-20,7.216526031494141
2008-11-21,7.537940502166748
2008-11-24,7.883602619171143
2008-11-25,7.859344959259033
2008-11-26,8.023080825805664
2008-11-27,8.126174926757812
2008-11-28,8.459709167480469
2008-12-01,7.7683796882629395
2008-12-02,7.744122505187988
2008-12-03,7.707738399505615
2008-12-04,7.495487689971924
2008-12-05,7.580384254455566
2008-12-08,8.004890441894531
2008-12-09,7.822958469390869
2008-12-10,8.035209655761719
2008-12-11,7.774445056915283
2008-12-12,7.762314319610596
2008-12-15,7.865408897399902
2008-12-16,8.138301849365234
2008-12-17,8.059468269348145
2008-12-18,7.810830116271973
2008-12-19,7.865408897399902
2008-12-22,7.731996536254883
2008-12-23,7.725930690765381
2008-12-24,7.70817232131958
2008-12-29,7.98980712890625
2008-12-30,8.21021556854248
2008-12-31,8.320423126220703
2009-01-02,8.553071022033691
2009-01-05,8.577566146850586
2009-01-06,8.755114555358887
2009-01-07,8.491850852966309
2009-01-08,8.602055549621582
2009-01-09,8.418377876281738
2009-01-12,8.081642150878906
2009-01-13,8.357154846191406
2009-01-14,8.087766647338867
2009-01-15,8.253073692321777
2009-01-16,8.326546669006348
2009-01-19,8.22246265411377
2009-01-20,7.830623149871826
2009-01-21,8.118380546569824
2009-01-22,7.812255859375
2009-01-23,7.983687877655029
2009-01-26,7.97144079208374
2009-01-27,8.14286994934082
2009-01-28,8.308175086975098
2009-01-29,8.15511703491211
2009-01-30,8.03266429901123
2009-02-02,7.995929718017578
2009-02-03,8.00817584991455
2009-02-04,8.075523376464844
2009-02-05,8.265316009521484
2009-02-06,8.38776683807373
2009-02-09,8.424503326416016
2009-02-10,8.21021556854248
2009-02-11,8.136747360229492
2009-02-12,8.161238670349121
2009-02-13,8.038784980773926
2009-02-17,7.726541042327881
2009-02-18,7.555116176605225
2009-02-19,7.561239242553711
2009-02-20,7.371438980102539
2009-02-23,7.083682537078857
2009-02-24,7.334704875946045
2009-02-25,7.3530755043029785
2009-02-26,7.616336822509766
2009-02-27,7.542867660522461
2009-03-02,7.114298343658447
2009-03-03,7.1265387535095215
2009-03-04,7.279604434967041
2009-03-05,7.120419502258301
2009-03-06,7.114298343658447
2009-03-09,7.114298343658447
2009-03-10,7.420417308807373
2009-03-11,7.579602241516113
2009-03-12,7.83674430847168
2009-03-13,7.812255859375
2009-03-16,7.9347028732299805
2009-03-17,8.093889236450195
2009-03-18,8.161238670349121
2009-03-19,8.185731887817383
2009-03-20,8.026541709899902
2009-03-23,8.418377876281738
2009-03-24,8.27756118774414
2009-03-25,8.283685684204102
2009-03-26,8.452107429504395
2009-03-27,8.291705131530762
2009-03-30,8.014082908630371
2009-03-31,8.168316841125488
2009-04-01,8.421260833740234
2009-04-02,8.544652938842773
2009-04-03,8.569328308105469
2009-04-06,8.538484573364258
2009-04-07,8.353399276733398
2009-04-08,8.452107429504395
2009-04-09,8.680381774902344
2009-04-13,8.748244285583496
2009-04-14,8.649531364440918
2009-04-15,8.729736328125
2009-04-16,8.785262107849121
2009-04-17,8.883971214294434
2009-04-20,8.612515449523926
2009-04-21,8.742077827453613
2009-04-22,8.742077827453613
2009-04-23,8.87162971496582
2009-04-24,8.9641752243042
2009-04-27,8.87162971496582
2009-04-28,8.760581016540527
2009-04-29,8.87162971496582
2009-04-30,8.785262107849121
2009-05-01,8.958003044128418
2009-05-04,9.303492546081543
2009-05-05,9.303492546081543
2009-05-06,9.587288856506348
2009-05-07,9.396032333374023
2009-05-08,9.648980140686035
2009-05-11,9.519420623779297
2009-05-12,9.525590896606445
2009-05-13,9.155425071716309
2009-05-14,9.297322273254395
2009-05-15,9.229458808898926
2009-05-19,9.550270080566406
2009-05-20,9.673657417297363
2009-05-21,9.414539337158203
2009-05-22,9.451556205749512
2009-05-25,9.513253211975098
2009-05-26,9.760030746459961
2009-05-27,9.611964225769043
2009-05-28,9.871079444885254
2009-05-29,9.88958740234375
2009-06-01,10.062331199645996
2009-06-02,10.043824195861816
2009-06-03,9.760030746459961
2009-06-04,9.957446098327637
2009-06-05,10.03148078918457
2009-06-08,10.012974739074707
2009-06-09,9.963617324829102
2009-06-10,10.012974739074707
2009-06-11,10.117853164672852
2009-06-12,10.049993515014648
2009-06-15,9.834066390991211
2009-06-16,9.747690200805664
2009-06-17,9.494742393493652
2009-06-18,9.568780899047852
2009-06-19,9.673657417297363
2009-06-22,9.297322273254395
2009-06-23,9.352848052978516
2009-06-24,9.531761169433594
2009-06-25,9.790349006652832
2009-06-26,9.833860397338867
2009-06-29,9.93331527709961
2009-06-30,9.827645301818848
2009-07-02,9.690892219543457
2009-07-03,9.728189468383789
2009-07-06,9.504408836364746
2009-07-07,9.305493354797363
2009-07-08,9.150089263916016
2009-07-09,9.24954891204834
2009-07-10,9.224682807922363
2009-07-13,9.324141502380371
2009-07-14,9.44225025177002
2009-07-15,9.647377014160156
2009-07-16,9.759269714355469
2009-07-17,9.840081214904785
2009-07-20,9.995478630065918
2009-07-21,9.964401245117188
2009-07-22,9.889803886413574
2009-07-23,10.119807243347168
2009-07-24,10.157100677490234
2009-07-27,10.200613975524902
2009-07-28,10.03277587890625
2009-07-29,9.939537048339844
2009-07-30,10.132233619689941
2009-07-31,10.244125366210938
2009-08-04,10.436821937561035
2009-08-05,10.393314361572266
2009-08-06,10.213045120239258
2009-08-07,10.237909317016602
2009-08-10,10.175747871398926
2009-08-11,10.007913589477539
2009-08-12,10.045207977294922
2009-08-13,10.213045120239258
2009-08-14,10.194395065307617
2009-08-17,9.908453941345215
2009-08-18,10.03277587890625
2009-08-19,10.082507133483887
2009-08-20,10.101156234741211
2009-08-21,10.206827163696289
2009-08-24,10.157100677490234
2009-08-25,10.293852806091309
2009-08-26,10.256558418273926
2009-08-27,10.293852806091309
2009-08-28,10.312500953674316
2009-08-31,10.225479125976562
2009-09-01,10.051426887512207
2009-09-02,10.051426887512207
2009-09-03,10.268987655639648
2009-09-04,10.356013298034668
2009-09-08,10.443041801452637
2009-09-09,10.33736515045166
2009-09-10,10.492766380310059
2009-09-11,10.586009979248047
2009-09-14,10.660602569580078
2009-09-15,10.816008567810059
2009-09-16,10.859517097473145
2009-09-17,10.853302001953125
2009-09-18,10.853302001953125
2009-09-21,10.741408348083496
2009-09-22,10.903023719787598
2009-09-23,10.822221755981445
2009-09-24,10.61087417602539
2009-09-25,10.524575233459473
2009-09-28,10.649643898010254
2009-09-29,10.699674606323242
2009-09-30,10.655896186828613
2009-10-01,10.374492645263672
2009-10-02,10.255680084228516
2009-10-05,10.393251419067383
2009-10-06,10.530827522277832
2009-10-07,10.624629974365234
2009-10-08,10.712178230285645
2009-10-09,10.687166213989258
2009-10-13,10.662150382995605
2009-10-14,10.76220703125
2009-10-15,10.749701499938965
2009-10-16,10.755955696105957
2009-10-19,10.793478012084961
2009-10-20,10.79973316192627
2009-10-21,10.693421363830566
2009-10-22,10.793478012084961
2009-10-23,10.643391609191895
2009-10-26,10.51207160949707
2009-10-27,10.330714225769043
2009-10-28,10.118102073669434
2009-10-29,10.31821060180664
2009-10-30,10.161876678466797
2009-11-02,10.130609512329102
2009-11-03,10.280693054199219
2009-11-04,10.293201446533203
2009-11-05,10.418265342712402
2009-11-06,10.493309020996094
2009-11-09,10.730939865112305
2009-11-10,10.680912971496582
2009-11-11,10.693421363830566
2009-11-12,10.618379592895508
2009-11-13,10.668403625488281
2009-11-16,10.780967712402344
2009-11-17,10.893532752990723
2009-11-18,10.906038284301758
2009-11-19,10.87476634979248
2009-11-20,10.843501091003418
2009-11-23,10.887276649475098
2009-11-24,10.818487167358398
2009-11-25,10.887276649475098
2009-11-26,10.693421363830566
2009-11-27,10.724686622619629
2009-11-30,10.76220703125
2009-12-01,10.9810791015625
2009-12-02,11.037360191345215
2009-12-03,10.887276649475098
2009-12-04,10.768457412719727
2009-12-07,10.737195014953613
2009-12-08,10.624629974365234
2009-12-09,10.643391609191895
2009-12-10,10.705928802490234
2009-12-11,10.655896186828613
2009-12-14,10.787220001220703
2009-12-15,10.749701499938965
2009-12-16,10.862263679504395
2009-12-17,10.693421363830566
2009-12-18,10.737195014953613
2009-12-21,10.76220703125
2009-12-22,10.843501091003418
2009-12-23,10.849756240844727
2009-12-24,10.929035186767578
2009-12-29,10.897575378417969
2009-12-30,10.910157203674316
2009-12-31,10.929035186767578
2010-01-04,11.073750495910645
2010-01-05,11.080039024353027
2010-01-06,11.098918914794922
2010-01-07,11.029707908630371
2010-01-08,11.092622756958008
2010-01-11,11.086335182189941
2010-01-12,10.96049690246582
2010-01-13,10.9856595993042
2010-01-14,10.916450500488281
2010-01-15,10.809484481811523
2010-01-18,10.853529930114746
2010-01-19,10.853529930114746
2010-01-20,10.771739959716797
2010-01-21,10.58927059173584
2010-01-22,10.457140922546387
2010-01-25,10.482306480407715
2010-01-26,10.501182556152344
2010-01-27,10.488602638244629
2010-01-28,10.43197250366211
2010-01-29,10.280967712402344
2010-02-01,10.450852394104004
2010-02-02,10.538935661315918
2010-02-03,10.538935661315918
2010-02-04,10.306134223937988
2010-02-05,10.369053840637207
2010-02-08,10.26838493347168
2010-02-09,10.444559097290039
2010-02-10,10.4697265625
2010-02-11,10.601858139038086
2010-02-12,10.601858139038086
2010-02-16,10.72140121459961
2010-02-17,10.784323692321777
2010-02-18,10.847237586975098
2010-02-19,10.866117477416992
2010-02-22,10.796904563903809
2010-02-23,10.696232795715332
2010-02-24,10.683650970458984
2010-02-25,10.796904563903809
2010-02-26,10.784323692321777
2010-03-01,10.87869930267334
2010-03-02,10.979368209838867
2010-03-03,11.004537582397461
2010-03-04,10.99195384979248
2010-03-05,11.13667106628418
2010-03-08,11.130374908447266
2010-03-09,11.080039024353027
2010-03-10,11.124085426330566
2010-03-11,11.149256706237793
2010-03-12,11.16812801361084
2010-03-15,11.16812801361084
2010-03-16,11.275090217590332
2010-03-17,11.262502670288086
2010-03-18,11.212172508239746
2010-03-19,11.149256706237793
2010-03-22,11.161839485168457
2010-03-23,11.218461990356445
2010-03-24,11.155543327331543
2010-03-25,11.155543327331543
2010-03-26,11.125126838684082
2010-03-29,11.220162391662598
2010-03-30,11.239174842834473
2010-03-31,11.207491874694824
2010-04-01,11.327868461608887
2010-04-05,11.346875190734863
2010-04-06,11.315195083618164
2010-04-07,11.27718448638916
2010-04-08,11.283517837524414
2010-04-09,11.340535163879395
2010-04-12,11.327868461608887
2010-04-13,11.27718448638916
2010-04-14,11.397558212280273
2010-04-15,11.391223907470703
2010-04-16,11.251846313476562
2010-04-19,11.29619312286377
2010-04-20,11.315195083618164
2010-04-21,11.308858871459961
2010-04-22,11.334200859069824
2010-04-23,11.397558212280273
2010-04-26,11.454581260681152
2010-04-27,11.321533203125
2010-04-28,11.27718448638916
2010-04-29,11.410228729248047
2010-04-30,11.372220039367676
2010-05-03,11.40389347076416
2010-05-04,11.26451587677002
2010-05-05,11.087118148803711
2010-05-06,11.061779022216797
2010-05-07,10.941404342651367
2010-05-10,11.182149887084961
2010-05-11,11.213834762573242
2010-05-12,11.410228729248047
2010-05-13,11.315195083618164
2010-05-14,11.239174842834473
2010-05-17,11.087118148803711
2010-05-18,11.055440902709961
2010-05-19,10.998421669006348
2010-05-20,10.713326454162598
2010-05-21,10.827363014221191
2010-05-25,10.833700180053711
2010-05-26,10.852704048156738
2010-05-27,11.01742935180664
2010-05-28,10.928730964660645
2010-05-31,10.985750198364258
2010-06-01,10.833700180053711
2010-06-02,11.049110412597656
2010-06-03,11.08078384399414
2010-06-04,10.865377426147461
2010-06-07,10.770343780517578
2010-06-08,10.802022933959961
2010-06-09,10.745004653930664
2010-06-10,10.903388023376465
2010-06-11,10.947739601135254
2010-06-14,10.947739601135254
2010-06-15,11.182149887084961
2010-06-16,11.213834762573242
2010-06-17,11.220162391662598
2010-06-18,11.213834762573242
2010-06-21,11.213834762573242
2010-06-22,11.093453407287598
2010-06-23,11.087118148803711
2010-06-24,10.9730806350708
2010-06-25,10.966068267822266
2010-06-28,10.902310371398926
2010-06-29,10.564403533935547
2010-06-30,10.596282005310059
2010-07-02,10.487898826599121
2010-07-05,10.405009269714355
2010-07-06,10.507022857666016
2010-07-07,10.698290824890137
2010-07-08,10.742920875549316
2010-07-09,10.857682228088379
2010-07-12,10.870431900024414
2010-07-13,10.966068267822266
2010-07-14,10.915063858032227
2010-07-15,11.017072677612305
2010-07-16,10.857682228088379
2010-07-19,10.813054084777832
2010-07-20,10.90869140625
2010-07-21,10.749300003051758
2010-07-22,10.895934104919434
2010-07-23,10.94056510925293
2010-07-26,10.985193252563477
2010-07-27,10.966068267822266
2010-07-28,10.946941375732422
2010-07-29,10.997944831848145
2010-07-30,10.966068267822266
2010-08-03,11.036201477050781
2010-08-04,11.087202072143555
2010-08-05,11.017072677612305
2010-08-06,11.036201477050781
2010-08-09,11.093582153320312
2010-08-10,11.093582153320312
2010-08-11,10.844929695129395
2010-08-12,10.78117561340332
2010-08-13,10.742920875549316
2010-08-16,10.762042999267578
2010-08-17,10.953316688537598
2010-08-18,11.010698318481445
2010-08-19,10.94056510925293
2010-08-20,10.946941375732422
2010-08-23,10.953316688537598
2010-08-24,10.793926239013672
2010-08-25,10.870431900024414
2010-08-26,10.864059448242188
2010-08-27,11.112707138061523
2010-08-30,11.125457763671875
2010-08-31,11.13821029663086
2010-09-01,11.214717864990234
2010-09-02,11.329480171203613
2010-09-03,11.342229843139648
2010-09-07,11.323105812072754
2010-09-08,11.259349822998047
2010-09-09,11.240220069885254
2010-09-10,11.297603607177734
2010-09-13,11.374107360839844
2010-09-14,11.380481719970703
2010-09-15,11.348604202270508
2010-09-16,11.3677339553833
2010-09-17,11.354978561401367
2010-09-20,11.425114631652832
2010-09-21,11.361360549926758
2010-09-22,11.303977012634277
2010-09-23,11.25296688079834
2010-09-24,11.361360549926758
2010-09-27,11.323502540588379
2010-09-28,11.41973876953125
2010-09-29,11.503142356872559
2010-09-30,11.509556770324707
2010-10-01,11.515974044799805
2010-10-04,11.458231925964355
2010-10-05,11.650700569152832
2010-10-06,11.644282341003418
2010-10-07,11.592960357666016
2010-10-08,11.663534164428711
2010-10-12,11.68919563293457
2010-10-13,11.798255920410156
2010-10-14,11.727685928344727
2010-10-15,11.714855194091797
2010-10-18,11.772597312927246
2010-10-19,11.69560718536377
2010-10-20,11.740517616271973
2010-10-21,11.721266746520996
2010-10-22,11.68919563293457
2010-10-25,11.740517616271973
2010-10-26,11.734107971191406
2010-10-27,11.663534164428711
2010-10-28,11.618622779846191
2010-10-29,11.746932029724121
2010-11-01,11.727685928344727
2010-11-02,11.721266746520996
2010-11-03,11.702020645141602
2010-11-04,11.913739204406738
2010-11-05,11.932991027832031
2010-11-08,12.016387939453125
2010-11-09,11.93940258026123
2010-11-10,11.93940258026123
2010-11-11,11.94581413269043
2010-11-12,11.779011726379395
2010-11-15,11.772597312927246
2010-11-16,11.644282341003418
2010-11-17,11.708439826965332
2010-11-18,11.894492149353027
2010-11-19,11.99072551727295
2010-11-22,11.958646774291992
2010-11-23,11.811084747314453
2010-11-24,11.907320976257324
2010-11-25,11.958646774291992
2010-11-26,11.920154571533203
2010-11-29,11.94581413269043
2010-11-30,11.99072551727295
2010-12-01,12.151116371154785
2010-12-02,12.157526969909668
2010-12-03,12.138284683227539
2010-12-06,12.18319320678711
2010-12-07,12.20885181427002
2010-12-08,12.138284683227539
2010-12-09,12.157526969909668
2010-12-10,12.240935325622559
2010-12-13,12.273008346557617
2010-12-14,12.240935325622559
2010-12-15,12.196022033691406
2010-12-16,12.163941383361816
2010-12-17,12.196022033691406
2010-12-20,12.163941383361816
2010-12-21,12.3307523727417
2010-12-22,12.382076263427734
2010-12-23,12.362829208374023
2010-12-24,12.358960151672363
2010-12-29,12.429912567138672
2010-12-30,12.429912567138672
2010-12-31,12.442814826965332
2011-01-04,12.391210556030273
2011-01-05,12.404111862182617
2011-01-06,12.339603424072266
2011-01-07,12.294451713562012
2011-01-10,12.255751609802246
2011-01-11,12.417009353637695
2011-01-12,12.481517791748047
2011-01-13,12.417009353637695
2011-01-14,12.475065231323242
2011-01-17,12.481517791748047
2011-01-18,12.591174125671387
2011-01-19,12.462165832519531
2011-01-20,12.371855735778809
2011-01-21,12.391210556030273
2011-01-24,12.410562515258789
2011-01-25,12.346060752868652
2011-01-26,12.507316589355469
2011-01-27,12.481517791748047
2011-01-28,12.500868797302246
2011-01-31,12.629870414733887
2011-02-01,12.752429962158203
2011-02-02,12.720178604125977
2011-02-03,12.86854076385498
2011-02-04,12.836289405822754
2011-02-07,12.829832077026367
2011-02-08,12.907242774963379
2011-02-09,12.836289405822754
2011-02-10,12.887890815734863
2011-02-11,12.823387145996094
2011-02-14,12.945943832397461
2011-02-15,12.939488410949707
2011-02-16,13.107198715209961
2011-02-17,13.178157806396484
2011-02-18,13.171710968017578
2011-02-22,13.02335262298584
2011-02-23,13.016900062561035
2011-02-24,12.933046340942383
2011-02-25,13.10075569152832
2011-02-28,13.203965187072754
2011-03-01,13.139458656311035
2011-03-02,13.184611320495605
2011-03-03,13.274913787841797
2011-03-04,13.287820816040039
2011-03-07,13.152358055114746
2011-03-08,13.081400871276855
2011-03-09,12.952399253845215
2011-03-10,12.752429962158203
2011-03-11,12.79113483428955
2011-03-14,12.77177906036377
2011-03-15,12.707275390625
2011-03-16,12.675026893615723
2011-03-17,12.887890815734863
2011-03-18,12.945943832397461
2011-03-21,13.126555442810059
2011-03-22,13.107198715209961
2011-03-23,13.152358055114746
2011-03-24,13.113653182983398
2011-03-25,13.106521606445312
2011-03-28,12.950793266296387
2011-03-29,13.015679359436035
2011-03-30,13.145447731018066
2011-03-31,13.138961791992188
2011-04-01,13.216821670532227
2011-04-04,13.255745887756348
2011-04-05,13.301169395446777
2011-04-06,13.229796409606934
2011-04-07,13.125981330871582
2011-04-08,13.216821670532227
2011-04-11,13.015679359436035
2011-04-12,12.853466987609863
2011-04-13,12.872936248779297
2011-04-14,12.853466987609863
2011-04-15,12.82751178741455
2011-04-18,12.769116401672363
2011-04-19,12.80156135559082
2011-04-20,12.924842834472656
2011-04-21,13.015679359436035
2011-04-25,12.931331634521484
2011-04-26,12.94431209564209
2011-04-27,12.937819480895996
2011-04-28,12.94431209564209
2011-04-29,12.99621868133545
2011-05-02,13.00270938873291
2011-05-03,12.769116401672363
2011-05-04,12.684773445129395
2011-05-05,12.555004119873047
2011-05-06,12.639357566833496
2011-05-09,12.74316692352295
2011-05-10,12.717218399047852
2011-05-11,12.509590148925781
2011-05-12,12.464162826538086
2011-05-13,12.444701194763184
2011-05-16,12.503095626831055
2011-05-17,12.574468612670898
2011-05-18,12.723702430725098
2011-05-19,12.717218399047852
2011-05-20,12.73668098449707
2011-05-24,12.691259384155273
2011-05-25,12.840497970581055
2011-05-26,12.879426002502441
2011-05-27,12.879426002502441
2011-05-30,12.898886680603027
2011-05-31,12.88591194152832
2011-06-01,12.593939781188965
2011-06-02,12.593939781188965
2011-06-03,12.626378059387207
2011-06-06,12.457681655883789
2011-06-07,12.392796516418457
2011-06-08,12.360353469848633
2011-06-09,12.392796516418457
2011-06-10,12.250056266784668
2011-06-13,12.172191619873047
2011-06-14,12.282498359680176
2011-06-15,12.172191619873047
2011-06-16,12.094329833984375
2011-06-17,12.04241943359375
2011-06-20,12.074864387512207
2011-06-21,12.256543159484863
2011-06-22,12.224102973937988
2011-06-23,12.139749526977539
2011-06-24,12.074441909790039
2011-06-27,12.165870666503906
2011-06-28,12.316068649291992
2011-06-29,12.394433975219727
2011-06-30,12.479324340820312
2011-07-04,12.596870422363281
2011-07-05,12.570740699768066
2011-07-06,12.544621467590332
2011-07-07,12.544621467590332
2011-07-08,12.531563758850098
2011-07-11,12.374839782714844
2011-07-12,12.381373405456543
2011-07-13,12.45973014831543
2011-07-14,12.387903213500977
2011-07-15,12.453201293945312
2011-07-18,12.361781120300293
2011-07-19,12.440144538879395
2011-07-20,12.440144538879395
2011-07-21,12.557682991027832
2011-07-22,12.609925270080566
2011-07-25,12.544621467590332
2011-07-26,12.381373405456543
2011-07-27,12.126687049865723
2011-07-28,12.120155334472656
2011-07-29,12.022205352783203
2011-08-02,11.819764137268066
2011-08-03,11.885068893432617
2011-08-04,11.519375801086426
2011-08-05,11.336525917053223
2011-08-08,10.885936737060547
2011-08-09,11.343058586120605
2011-08-10,11.369179725646973
2011-08-11,11.734875679016113
2011-08-12,11.734875679016113
2011-08-15,11.865482330322266
2011-08-16,11.747934341430664
2011-08-17,11.780587196350098
2011-08-18,11.401832580566406
2011-08-19,11.192863464355469
2011-08-22,11.264690399169922
2011-08-23,11.571619033813477
2011-08-24,11.617330551147461
2011-08-25,11.512843132019043
2011-08-26,11.538965225219727
2011-08-29,11.715279579162598
2011-08-30,11.813237190246582
2011-08-31,11.943848609924316
2011-09-01,11.898128509521484
2011-09-02,11.806710243225098
2011-09-06,11.747934341430664
2011-09-07,11.937308311462402
2011-09-08,11.872010231018066
2011-09-09,11.59121036529541
2011-09-12,11.382245063781738
2011-09-13,11.401832580566406
2011-09-14,11.493254661560059
2011-09-15,11.643449783325195
2011-09-16,11.480195999145508
2011-09-19,11.382245063781738
2011-09-20,11.408360481262207
2011-09-21,11.140619277954102
2011-09-22,10.794515609741211
2011-09-23,10.777430534362793
2011-09-26,10.987722396850586
2011-09-27,11.125724792480469
2011-09-28,10.902291297912598
2011-09-29,11.04029655456543
2011-09-30,10.94828987121582
2011-10-03,10.613140106201172
2011-10-04,10.580279350280762
2011-10-05,10.882577896118164
2011-10-06,11.17172622680664
2011-10-07,10.981146812438965
2011-10-11,11.230875015258789
2011-10-12,11.349159240722656
2011-10-13,11.19144344329834
2011-10-14,11.3820161819458
2011-10-17,11.230875015258789
2011-10-18,11.336013793945312
2011-10-19,11.158581733703613
2011-10-20,11.13886547088623
2011-10-21,11.276870727539062
2011-10-24,11.447732925415039
2011-10-25,11.388589859008789
2011-10-26,11.45431137084961
2011-10-27,11.756597518920898
2011-10-28,11.769742012023926
2011-10-31,11.520025253295898
2011-11-01,11.355731010437012
2011-11-02,11.467451095581055
2011-11-03,11.72374153137207
2011-11-04,11.658025741577148
2011-11-07,11.710599899291992
2011-11-08,11.730311393737793
2011-11-09,11.408305168151855
2011-11-10,11.368870735168457
2011-11-11,11.539734840393066
2011-11-14,11.493738174438477
2011-11-15,11.474019050598145
2011-11-16,11.434591293334961
2011-11-17,11.19144344329834
2011-11-18,11.178296089172363
2011-11-21,11.079726219177246
2011-11-22,11.079726219177246
2011-11-23,10.882577896118164
2011-11-24,10.784000396728516
2011-11-25,10.751141548156738
2011-11-28,10.94828987121582
2011-11-29,11.020581245422363
2011-11-30,11.467451095581055
2011-12-01,11.375444412231445
2011-12-02,11.342588424682617
2011-12-05,11.395161628723145
2011-12-06,11.322870254516602
2011-12-07,11.408305168151855
2011-12-08,11.198013305664062
2011-12-09,11.303159713745117
2011-12-12,11.158581733703613
2011-12-13,11.06000804901123
2011-12-14,10.876001358032227
2011-12-15,10.830001831054688
2011-12-16,10.94828987121582
2011-12-19,10.84972095489502
2011-12-20,11.014010429382324
2011-12-21,11.033721923828125
2011-12-22,11.19144344329834
2011-12-23,11.224493026733398
2011-12-28,11.052621841430664
2011-12-29,11.151780128479004
2011-12-30,11.283987045288086
2012-01-03,11.548399925231934
2012-01-04,11.548399925231934
2012-01-05,11.555010795593262
2012-01-06,11.508744239807129
2012-01-09,11.521961212158203
2012-01-10,11.607894897460938
2012-01-11,11.601284980773926
2012-01-12,11.634340286254883
2012-01-13,11.594680786132812
2012-01-16,11.614508628845215
2012-01-17,11.601284980773926
2012-01-18,11.680610656738281
2012-01-19,11.740103721618652
2012-01-20,11.746716499328613
2012-01-23,11.885530471801758
2012-01-24,11.759936332702637
2012-01-25,11.892145156860352
2012-01-26,11.799600601196289
2012-01-27,11.81943130493164
2012-01-30,11.766545295715332
2012-01-31,11.78637981414795
2012-02-01,11.839262962341309
2012-02-02,11.872316360473633
2012-02-03,11.905367851257324
2012-02-06,11.878927230834961
2012-02-07,11.83265495300293
2012-02-08,11.852484703063965
2012-02-09,11.806211471557617
2012-02-10,11.693835258483887
2012-02-13,11.707050323486328
2012-02-14,11.680610656738281
2012-02-15,11.687225341796875
2012-02-16,11.812822341918945
2012-02-17,11.779769897460938
2012-02-21,11.89875602722168
2012-02-22,12.024351119995117
2012-02-23,12.030964851379395
2012-02-24,12.024351119995117
2012-02-27,12.01113224029541
2012-02-28,12.064018249511719
2012-02-29,11.951637268066406
2012-03-01,12.044183731079102
2012-03-02,11.951637268066406
2012-03-05,11.865708351135254
2012-03-06,11.640950202941895
2012-03-07,11.647563934326172
2012-03-08,11.779769897460938
2012-03-09,11.806211471557617
2012-03-12,11.726886749267578
2012-03-13,11.859099388122559
2012-03-14,11.700447082519531
2012-03-15,11.792987823486328
2012-03-16,11.859099388122559
2012-03-19,11.83265495300293
2012-03-20,11.806211471557617
2012-03-21,11.806211471557617
2012-03-22,11.753326416015625
2012-03-23,11.8545560836792
2012-03-26,11.961116790771484
2012-03-27,11.894515037536621
2012-03-28,11.834579467773438
2012-03-29,11.767976760864258
2012-03-30,11.801275253295898
2012-04-02,11.921156883239746
2012-04-03,11.7346830368042
2012-04-04,11.601482391357422
2012-04-05,11.508243560791016
2012-04-09,11.448304176330566
2012-04-10,11.36173152923584
2012-04-11,11.448304176330566
2012-04-12,11.621463775634766
2012-04-13,11.448304176330566
2012-04-16,11.474939346313477
2012-04-17,11.581501007080078
2012-04-18,11.568185806274414
2012-04-19,11.59482479095459
2012-04-20,11.581501007080078
2012-04-23,11.428325653076172
2012-04-24,11.428325653076172
2012-04-25,11.541544914245605
2012-04-26,11.53488540649414
2012-04-27,11.641440391540527
2012-04-30,11.708040237426758
2012-05-01,11.7346830368042
2012-05-02,11.634778022766113
2012-05-03,11.401688575744629
2012-05-04,11.26183032989502
2012-05-07,11.268489837646484
2012-05-08,11.101990699768066
2012-05-09,11.068695068359375
2012-05-10,11.141949653625488
2012-05-11,11.10865306854248
2012-05-14,10.922179222106934
2012-05-15,10.802300453186035
2012-05-16,10.788980484008789
2012-05-17,10.788980484008789
2012-05-18,10.735701560974121
2012-05-22,10.915514945983887
2012-05-23,11.04205322265625
2012-05-24,11.035395622253418
2012-05-25,11.022073745727539
2012-05-28,10.988778114318848
2012-05-29,11.07535171508789
2012-05-30,10.895538330078125
2012-05-31,10.975454330444336
2012-06-01,10.828937530517578
2012-06-04,10.815619468688965
2012-06-05,10.968792915344238
2012-06-06,11.088671684265137
2012-06-07,11.062033653259277
2012-06-08,10.975454330444336
2012-06-11,10.855579376220703
2012-06-12,10.988778114318848
2012-06-13,11.002093315124512
2012-06-14,10.988778114318848
2012-06-15,11.062033653259277
2012-06-18,11.128630638122559
2012-06-19,11.328429222106934
2012-06-20,11.29512882232666
2012-06-21,10.968792915344238
2012-06-22,11.006378173828125
2012-06-25,10.925846099853516
2012-06-26,10.919130325317383
2012-06-27,11.006378173828125
2012-06-28,11.026511192321777
2012-06-29,11.147314071655273
2012-07-03,11.449320793151855
2012-07-04,11.476160049438477
2012-07-05,11.382206916809082
2012-07-06,11.22784423828125
2012-07-09,11.180865287780762
2012-07-10,11.0802001953125
2012-07-11,11.107046127319336
2012-07-12,11.006378173828125
2012-07-13,11.08691120147705
2012-07-16,11.08691120147705
2012-07-17,11.147314071655273
2012-07-18,11.160735130310059
2012-07-19,11.221134185791016
2012-07-20,11.167445182800293
2012-07-23,11.100335121154785
2012-07-24,11.033224105834961
2012-07-25,11.039934158325195
2012-07-26,11.17416000366211
2012-07-27,11.321805000305176
2012-07-30,11.294958114624023
2012-07-31,11.207715034484863
2012-08-01,11.17416000366211
2012-08-02,11.073491096496582
2012-08-03,11.221134185791016
2012-08-07,11.429186820983887
2012-08-08,11.335224151611328
2012-08-09,11.402338027954102
2012-08-10,11.442604064941406
2012-08-13,11.39562702178955
2012-08-14,11.435892105102539
2012-08-15,11.456029891967773
2012-08-16,11.603673934936523
2012-08-17,11.670783996582031
2012-08-20,11.664076805114746
2012-08-21,11.67750358581543
2012-08-22,11.67750358581543
2012-08-23,11.590251922607422
2012-08-24,11.63051986694336
2012-08-27,11.603673934936523
2012-08-28,11.583541870117188
2012-08-29,11.61038589477539
2012-08-30,11.509716987609863
2012-08-31,11.543272972106934
2012-09-04,11.529850959777832
2012-09-05,11.583541870117188
2012-09-06,11.737898826599121
2012-09-07,11.865412712097168
2012-09-10,11.825149536132812
2012-09-11,11.818434715270996
2012-09-12,11.838567733764648
2012-09-13,11.979501724243164
2012-09-14,12.107011795043945
2012-09-17,12.060040473937988
2012-09-18,12.026481628417969
2012-09-19,12.033193588256836
2012-09-20,11.9996337890625
2012-09-21,11.961792945861816
2012-09-24,11.894211769104004
2012-09-25,11.860418319702148
2012-09-26,11.846905708312988
2012-09-27,11.968546867370605
2012-09-28,11.900969505310059
2012-10-01,11.975303649902344
2012-10-02,12.009099960327148
2012-10-03,11.968546867370605
2012-10-04,12.056401252746582
2012-10-05,12.015859603881836
2012-10-09,11.894211769104004
2012-10-10,11.819869041442871
2012-10-11,11.85366153717041
2012-10-12,11.79284381866455
2012-10-15,11.860418319702148
2012-10-16,12.02937126159668
2012-10-17,12.076679229736328
2012-10-18,12.096951484680176
2012-10-19,12.042886734008789
2012-10-22,12.049643516540527
2012-10-23,11.846905708312988
2012-10-24,11.8401460647583
2012-10-25,11.961792945861816
2012-10-26,11.968546867370605
2012-10-29,11.92124080657959
2012-10-30,12.063161849975586
2012-10-31,12.0834379196167
2012-11-01,12.144258499145508
2012-11-02,12.022616386413574
2012-11-05,12.015859603881836
2012-11-06,12.02937126159668
2012-11-07,11.880697250366211
2012-11-08,11.819869041442871
2012-11-09,11.846905708312988
2012-11-12,11.860418319702148
2012-11-13,11.806351661682129
2012-11-14,11.58333969116211
2012-11-15,11.468453407287598
2012-11-16,11.536030769348145
2012-11-19,11.691469192504883
2012-11-20,11.718499183654785
2012-11-21,11.786081314086914
2012-11-22,11.833388328552246
2012-11-23,11.900969505310059
2012-11-26,11.900969505310059
2012-11-27,11.819869041442871
2012-11-28,11.860418319702148
2012-11-29,11.92124080657959
2012-11-30,11.880697250366211
2012-12-03,11.880697250366211
2012-12-04,11.85366153717041
2012-12-05,11.887451171875
2012-12-06,11.873934745788574
2012-12-07,11.880697250366211
2012-12-10,11.927998542785645
2012-12-11,11.995582580566406
2012-12-12,12.076679229736328
2012-12-13,12.015859603881836
2012-12-14,11.982064247131348
2012-12-17,12.009099960327148
2012-12-18,12.076679229736328
2012-12-19,12.123988151550293
2012-12-20,12.137502670288086
2012-12-21,12.144258499145508
2012-12-24,12.11028003692627
2012-12-27,12.11028003692627
2012-12-28,12.083097457885742
2012-12-31,12.178241729736328
2013-01-02,12.280179023742676
2013-01-03,12.225808143615723
2013-01-04,12.286972999572754
2013-01-07,12.219010353088379
2013-01-08,12.212218284606934
2013-01-09,12.239404678344727
2013-01-10,12.334541320800781
2013-01-11,12.327746391296387
2013-01-14,12.341337203979492
2013-01-15,12.402504920959473
2013-01-16,12.361724853515625
2013-01-17,12.4093017578125
2013-01-18,12.470460891723633
2013-01-21,12.572400093078613
2013-01-22,12.599579811096191
2013-01-23,12.565603256225586
2013-01-24,12.61317253112793
2013-01-25,12.61317253112793
2013-01-28,12.619967460632324
2013-01-29,12.626765251159668
2013-01-30,12.572400093078613
2013-01-31,12.443270683288574
2013-02-01,12.538424491882324
2013-02-04,12.470460891723633
2013-02-05,12.497645378112793
2013-02-06,12.538424491882324
2013-02-07,12.497645378112793
2013-02-08,12.572400093078613
2013-02-11,12.531622886657715
2013-02-12,12.572400093078613
2013-02-13,12.55880355834961
2013-02-14,12.497645378112793
2013-02-15,12.463668823242188
2013-02-19,12.599579811096191
2013-02-20,12.511239051818848
2013-02-21,12.443270683288574
2013-02-22,12.504439353942871
2013-02-25,12.45687198638916
2013-02-26,12.484053611755371
2013-02-27,12.572400093078613
2013-02-28,12.647153854370117
2013-03-01,12.61317253112793
2013-03-04,12.538424491882324
2013-03-05,12.579198837280273
2013-03-06,12.653948783874512
2013-03-07,12.640357971191406
2013-03-08,12.647153854370117
2013-03-11,12.674337387084961
2013-03-12,12.687928199768066
2013-03-13,12.55880355834961
2013-03-14,12.626765251159668
2013-03-15,12.660744667053223
2013-03-18,12.565603256225586
2013-03-19,12.592788696289062
2013-03-20,12.667542457580566
2013-03-21,12.547552108764648
2013-03-22,12.61611557006836
2013-03-25,12.499558448791504
2013-03-26,12.526985168457031
2013-03-27,12.492694854736328
2013-03-28,12.574980735778809
2013-04-01,12.547552108764648
2013-04-02,12.547552108764648
2013-04-03,12.27328872680664
2013-04-04,12.20472240447998
2013-04-05,12.143011093139648
2013-04-08,12.14986801147461
2013-04-09,12.287004470825195
2013-04-10,12.369279861450195
2013-04-11,12.287004470825195
2013-04-12,12.156725883483887
2013-04-15,11.841322898864746
2013-04-16,11.951030731201172
2013-04-17,11.800182342529297
2013-04-18,11.841322898864746
2013-04-19,11.916748046875
2013-04-22,11.923599243164062
2013-04-23,11.903034210205078
2013-04-24,12.115585327148438
2013-04-25,12.108728408813477
2013-04-26,12.02645206451416
2013-04-29,12.13615894317627
2013-04-30,12.245859146118164
2013-05-01,12.108728408813477
2013-05-02,12.184155464172363
2013-05-03,12.252721786499023
2013-05-06,12.27328872680664
2013-05-07,12.307572364807129
2013-05-08,12.444703102111816
2013-05-09,12.369279861450195
2013-05-10,12.430988311767578
2013-05-13,12.37613582611084
2013-05-14,12.437848091125488
2013-05-15,12.328136444091797
2013-05-16,12.348711967468262
2013-05-17,12.499558448791504
2013-05-21,12.602405548095703
2013-05-22,12.643543243408203
2013-05-23,12.540700912475586
2013-05-24,12.540700912475586
2013-05-27,12.554404258728027
2013-05-28,12.657259941101074
2013-05-29,12.664114952087402
2013-05-30,12.657259941101074
2013-05-31,12.520130157470703
2013-06-03,12.451559066772461
2013-06-04,12.465275764465332
2013-06-05,12.300715446472168
2013-06-06,12.25957202911377
2013-06-07,12.239006996154785
2013-06-10,12.239006996154785
2013-06-11,12.081307411193848
2013-06-12,12.012737274169922
2013-06-13,12.177295684814453
2013-06-14,12.04702091217041
2013-06-17,12.177295684814453
2013-06-18,12.287004470825195
2013-06-19,12.155020713806152
2013-06-20,11.892427444458008
2013-06-21,11.920074462890625
2013-06-24,11.80259895324707
2013-06-25,11.926981925964355
2013-06-26,11.885520935058594
2013-06-27,11.947711944580078
2013-06-28,12.065183639526367
2013-07-02,12.079001426696777
2013-07-03,12.05136775970459
2013-07-04,12.085917472839355
2013-07-05,12.05827522277832
2013-07-08,12.127373695373535
2013-07-09,12.237937927246094
2013-07-10,12.244848251342773
2013-07-11,12.41760540008545
2013-07-12,12.376144409179688
2013-07-15,12.472884178161621
2013-07-16,12.452157020568848
2013-07-17,12.535077095031738
2013-07-18,12.611089706420898
2013-07-19,12.652544975280762
2013-07-22,12.74238109588623
2013-07-23,12.694014549255371
2013-07-24,12.631821632385254
2013-07-25,12.638734817504883
2013-07-26,12.645639419555664
2013-07-29,12.645639419555664
2013-07-30,12.576537132263184
2013-07-31,12.40378475189209
2013-08-01,12.514352798461914
2013-08-02,12.56962776184082
2013-08-06,12.410696983337402
2013-08-07,12.355409622192383
2013-08-08,12.465974807739258
2013-08-09,12.472884178161621
2013-08-12,12.500530242919922
2013-08-13,12.58344554901123
2013-08-14,12.590354919433594
2013-08-15,12.666367530822754
2013-08-16,12.714739799499512
2013-08-19,12.541986465454102
2013-08-20,12.645639419555664
2013-08-21,12.535077095031738
2013-08-22,12.666367530822754
2013-08-23,12.74929428100586
2013-08-26,12.74929428100586
2013-08-27,12.58344554901123
2013-08-28,12.611089706420898
2013-08-29,12.714739799499512
2013-08-30,12.645639419555664
2013-09-03,12.78384780883789
2013-09-04,12.776933670043945
2013-09-05,12.894404411315918
2013-09-06,12.859856605529785
2013-09-09,12.894404411315918
2013-09-10,12.859856605529785
2013-09-11,12.866766929626465
2013-09-12,12.714739799499512
2013-09-13,12.770021438598633
2013-09-16,12.839126586914062
2013-09-17,12.846038818359375
2013-09-18,12.9198637008667
2013-09-19,12.898962020874023
2013-09-20,12.836286544799805
2013-09-23,12.808422088623047
2013-09-24,12.836286544799805
2013-09-25,12.829323768615723
2013-09-26,12.864145278930664
2013-09-27,12.864145278930664
2013-09-30,12.801462173461914
2013-10-01,12.878073692321777
2013-10-02,12.864145278930664
2013-10-03,12.766633033752441
2013-10-04,12.801462173461914
2013-10-07,12.815387725830078
2013-10-08,12.731812477111816
2013-10-09,12.780567169189453
2013-10-10,12.954689979553223
2013-10-11,12.961654663085938
2013-10-15,12.98951244354248
2013-10-16,13.024337768554688
2013-10-17,13.073089599609375
2013-10-18,13.170601844787598
2013-10-21,13.233281135559082
2013-10-22,13.282041549682617
2013-10-23,13.337756156921387
2013-10-24,13.379542350769043
2013-10-25,13.46312141418457
2013-10-28,13.43526554107666
2013-10-29,13.539741516113281
2013-10-30,13.525811195373535
2013-10-31,13.428301811218262
2013-11-01,13.414372444152832
2013-11-04,13.414372444152832
2013-11-05,13.421335220336914
2013-11-06,13.456158638000488
2013-11-07,13.40044116973877
2013-11-08,13.518845558166504
2013-11-11,13.456158638000488
2013-11-12,13.456158638000488
2013-11-13,13.518845558166504
2013-11-14,13.581524848937988
2013-11-15,13.595458984375
2013-11-18,13.581524848937988
2013-11-19,13.560633659362793
2013-11-20,13.553668975830078
2013-11-21,13.609386444091797
2013-11-22,13.637248039245605
2013-11-25,13.609386444091797
2013-11-26,13.511880874633789
2013-11-27,13.504915237426758
2013-11-28,13.49795150756836
2013-11-29,13.546704292297363
2013-12-02,13.588491439819336
2013-12-03,13.46312141418457
2013-12-04,13.407403945922852
2013-12-05,13.289002418518066
2013-12-06,13.407403945922852
2013-12-09,13.449195861816406
2013-12-10,13.449195861816406
2013-12-11,13.233281135559082
2013-12-12,13.226317405700684
2013-12-13,13.212387084960938
2013-12-16,13.289002418518066
2013-12-17,13.289002418518066
2013-12-18,13.484017372131348
2013-12-19,13.532774925231934
2013-12-20,13.525811195373535
2013-12-23,13.623318672180176
2013-12-24,13.672073364257812
2013-12-27,13.76227855682373
2013-12-30,13.73431396484375
2013-12-31,13.769274711608887
2014-01-02,13.741305351257324
2014-01-03,13.685356140136719
2014-01-06,13.61542797088623
2014-01-07,13.727316856384277
2014-01-08,13.769274711608887
2014-01-09,13.790249824523926
2014-01-10,13.930112838745117
2014-01-13,13.853188514709473
2014-01-14,13.874168395996094
2014-01-15,13.951093673706055
2014-01-16,13.993050575256348
2014-01-17,14.055988311767578
2014-01-20,14.153895378112793
2014-01-21,14.11893081665039
2014-01-22,14.174869537353516
2014-01-23,14.139907836914062
2014-01-24,13.860186576843262
2014-01-27,13.755287170410156
2014-01-28,13.853188514709473
2014-01-29,13.790249824523926
2014-01-30,13.902144432067871
2014-01-31,13.832215309143066
2014-02-03,13.643399238586426
2014-02-04,13.65039348602295
2014-02-05,13.671370506286621
2014-02-06,13.867179870605469
2014-02-07,13.923120498657227
2014-02-10,13.944097518920898
2014-02-11,14.028016090393066
2014-02-12,14.048994064331055
2014-02-13,14.132914543151855
2014-02-14,14.202836990356445
2014-02-18,14.223820686340332
2014-02-19,14.272778511047363
2014-02-20,14.370678901672363
2014-02-21,14.377666473388672
2014-02-24,14.391656875610352
2014-02-25,14.377666473388672
2014-02-26,14.35669231414795
2014-02-27,14.412636756896973
2014-02-28,14.377666473388672
2014-03-03,14.363679885864258
2014-03-04,14.454587936401367
2014-03-05,14.433615684509277
2014-03-06,14.44060230255127
2014-03-07,14.454587936401367
2014-03-10,14.468581199645996
2014-03-11,14.433615684509277
2014-03-12,14.559486389160156
2014-03-13,14.433615684509277
2014-03-14,14.391656875610352
2014-03-17,14.433615684509277
2014-03-18,14.58046817779541
2014-03-19,14.542452812194824
2014-03-20,14.563570022583008
2014-03-21,14.514302253723145
2014-03-24,14.479103088378906
2014-03-25,14.493185043334961
2014-03-26,14.373520851135254
2014-03-27,14.373520851135254
2014-03-28,14.472066879272461
2014-03-31,14.549494743347168
2014-04-01,14.577658653259277
2014-04-02,14.655077934265137
2014-04-03,14.570616722106934
2014-04-04,14.542452812194824
2014-04-07,14.394634246826172
2014-04-08,14.542452812194824
2014-04-09,14.591730117797852
2014-04-10,14.436875343322754
2014-04-11,14.415755271911621
2014-04-14,14.429826736450195
2014-04-15,14.457984924316406
2014-04-16,14.612850189208984
2014-04-17,14.655077934265137
2014-04-21,14.655077934265137
2014-04-22,14.718427658081055
2014-04-23,14.718427658081055
2014-04-24,14.718427658081055
2014-04-25,14.690271377563477
2014-04-28,14.718427658081055
2014-04-29,14.795852661132812
2014-04-30,14.866246223449707
2014-05-01,14.85920524597168
2014-05-02,14.943676948547363
2014-05-05,14.85920524597168
2014-05-06,14.760658264160156
2014-05-07,14.824010848999023
2014-05-08,14.739547729492188
2014-05-09,14.74658489227295
2014-05-12,14.866246223449707
2014-05-13,14.88736343383789
2014-05-14,14.894404411315918
2014-05-15,14.795852661132812
2014-05-16,14.74658489227295
2014-05-20,14.760658264160156
2014-05-21,14.901442527770996
2014-05-22,14.943676948547363
2014-05-23,14.943676948547363
2014-05-26,14.971833229064941
2014-05-27,14.901442527770996
2014-05-28,14.84512996673584
2014-05-29,14.824010848999023
2014-05-30,14.873287200927734
2014-06-02,14.943676948547363
2014-06-03,14.992945671081543
2014-06-04,15.042222023010254
2014-06-05,15.014065742492676
2014-06-06,15.070378303527832
2014-06-09,15.091496467590332
2014-06-10,15.133724212646484
2014-06-11,15.105570793151855
2014-06-12,15.147807121276855
2014-06-13,15.253385543823242
2014-06-16,15.295622825622559
2014-06-17,15.309700012207031
2014-06-18,15.361424446105957
2014-06-19,15.361424446105957
2014-06-20,15.375593185424805
2014-06-23,15.382681846618652
2014-06-24,15.226800918579102
2014-06-25,15.233885765075684
2014-06-26,15.31182861328125
2014-06-27,15.382681846618652
2014-06-30,15.418106079101562
2014-07-02,15.488964080810547
2014-07-03,15.503130912780762
2014-07-04,15.524391174316406
2014-07-07,15.503130912780762
2014-07-08,15.481879234313965
2014-07-09,15.545646667480469
2014-07-10,15.46062183380127
2014-07-11,15.488964080810547
2014-07-14,15.53148078918457
2014-07-15,15.474793434143066
2014-07-16,15.616503715515137
2014-07-17,15.609421730041504
2014-07-18,15.673192024230957
2014-07-21,15.673192024230957
2014-07-22,15.736958503723145
2014-07-23,15.821985244750977
2014-07-24,15.814899444580078
2014-07-25,15.899928092956543
2014-07-28,15.899928092956543
2014-07-29,15.878669738769531
2014-07-30,15.99911880493164
2014-07-31,15.79364013671875
2014-08-01,15.64484691619873
2014-08-05,15.623591423034668
2014-08-06,15.623591423034668
2014-08-07,15.510221481323242
2014-08-08,15.595250129699707
2014-08-11,15.659017562866211
2014-08-12,15.651935577392578
2014-08-13,15.64484691619873
2014-08-14,15.722789764404297
2014-08-15,15.708616256713867
2014-08-18,15.751132011413574
2014-08-19,15.899928092956543
2014-08-20,15.992035865783691
2014-08-21,15.977865219116211
2014-08-22,15.949522972106934
2014-08-25,16.034549713134766
2014-08-26,16.0274600982666
2014-08-27,16.04163360595703
2014-08-28,16.006210327148438
2014-08-29,16.048715591430664
2014-09-02,16.048715591430664
2014-09-03,16.119571685791016
2014-09-04,16.048715591430664
2014-09-05,16.069974899291992
2014-09-08,16.006210327148438
2014-09-09,16.034549713134766
2014-09-10,15.977865219116211
2014-09-11,16.048715591430664
2014-09-12,16.09123420715332
2014-09-15,16.006210327148438
2014-09-16,16.084148406982422
2014-09-17,16.027090072631836
2014-09-18,16.04848861694336
2014-09-19,15.813109397888184
2014-09-22,15.71325397491455
2014-09-23,15.706123352050781
2014-09-24,15.684722900390625
2014-09-25,15.3922758102417
2014-09-26,15.563468933105469
2014-09-29,15.513540267944336
2014-09-30,15.506402969360352
2014-10-01,15.363750457763672
2014-10-02,15.320951461791992
2014-10-03,15.363750457763672
2014-10-06,15.278156280517578
2014-10-07,15.114105224609375
2014-10-08,15.199689865112305
2014-10-09,14.98572063446045
2014-10-10,14.771745681762695
2014-10-14,14.550634384155273
2014-10-15,14.415109634399414
2014-10-16,14.572028160095215
2014-10-17,14.76461410522461
2014-10-20,14.878732681274414
2014-10-21,15.099837303161621
2014-10-22,14.864459037780762
2014-10-23,15.071308135986328
2014-10-24,15.142637252807617
2014-10-27,15.099837303161621
2014-10-28,15.242487907409668
2014-10-29,15.128369331359863
2014-10-30,15.099837303161621
2014-10-31,15.306686401367188
2014-11-03,15.171164512634277
2014-11-04,15.057046890258789
2014-11-05,15.213964462280273
2014-11-06,15.192564010620117
2014-11-07,15.320951461791992
2014-11-10,15.38514518737793
2014-11-11,15.3994140625
2014-11-12,15.485004425048828
2014-11-13,15.485004425048828
2014-11-14,15.49213981628418
2014-11-17,15.527804374694824
2014-11-18,15.66331958770752
2014-11-19,15.691851615905762
2014-11-20,15.763178825378418
2014-11-21,15.82023811340332
2014-11-24,15.74178409576416
2014-11-25,15.791707038879395
2014-11-26,15.784575462341309
2014-11-27,15.691851615905762
2014-11-28,15.485004425048828
2014-12-01,15.442208290100098
2014-12-02,15.435075759887695
2014-12-03,15.563468933105469
2014-12-04,15.271024703979492
2014-12-05,15.249626159667969
2014-12-08,14.935791015625
2014-12-09,14.957183837890625
2014-12-10,14.607685089111328
2014-12-11,14.68614673614502
2014-12-12,14.500699043273926
2014-12-15,14.465032577514648
2014-12-16,14.614824295043945
2014-12-17,14.999984741210938
2014-12-18,15.128369331359863
2014-12-19,15.249626159667969
2014-12-22,15.271024703979492
2014-12-23,15.370888710021973
2014-12-24,15.3922758102417
2014-12-29,15.456896781921387
2014-12-30,15.471250534057617
2014-12-31,15.413817405700684
2015-01-02,15.564582824707031
2015-01-05,15.155364990234375
2015-01-06,15.02613353729248
2015-01-07,15.0692138671875
2015-01-08,15.284590721130371
2015-01-09,15.148193359375
2015-01-12,15.0692138671875
2015-01-13,14.947172164916992
2015-01-14,14.839482307434082
2015-01-15,14.760505676269531
2015-01-16,15.083572387695312
2015-01-19,15.06203556060791
2015-01-20,15.083572387695312
2015-01-21,15.392279624938965
2015-01-22,15.636378288269043
2015-01-23,15.6435546875
2015-01-26,15.629193305969238
2015-01-27,15.679448127746582
2015-01-28,15.442538261413574
2015-01-29,15.5071439743042
2015-01-30,15.564582824707031
2015-02-02,15.794312477111816
2015-02-03,15.916364669799805
2015-02-04,15.858929634094238
2015-02-05,15.995336532592773
2015-02-06,15.966617584228516
2015-02-09,15.952261924743652
2015-02-10,16.00251579284668
2015-02-11,16.03841209411621
2015-02-12,16.081483840942383
2015-02-13,16.12456512451172
2015-02-17,16.15328025817871
2015-02-18,16.052766799926758
2015-02-19,16.02405548095703
2015-02-20,16.03841209411621
2015-02-23,16.074310302734375
2015-02-24,16.045589447021484
2015-02-25,16.117387771606445
2015-02-26,16.146099090576172
2015-02-27,16.160457611083984
2015-03-02,16.189172744750977
2015-03-03,16.045589447021484
2015-03-04,15.93790054321289
2015-03-05,16.016874313354492
2015-03-06,15.866108894348145
2015-03-09,15.779960632324219
2015-03-10,15.543045043945312
2015-03-11,15.614838600158691
2015-03-12,15.693808555603027
2015-03-13,15.665092468261719
2015-03-16,15.858929634094238
2015-03-17,15.851750373840332
2015-03-18,15.895125389099121
2015-03-19,15.736096382141113
2015-03-20,15.858981132507324
2015-03-23,15.830063819885254
2015-03-24,15.989089012145996
2015-03-25,15.844523429870605
2015-03-26,15.728872299194336
2015-03-27,15.685498237609863
2015-03-30,15.822840690612793
2015-03-31,15.830063819885254
2015-04-01,15.830063819885254
2015-04-02,15.94572639465332
2015-04-06,15.974629402160645
2015-04-07,16.08306121826172
2015-04-08,16.12643051147461
2015-04-09,16.278226852416992
2015-04-10,16.33605194091797
2015-04-13,16.343284606933594
2015-04-14,16.357730865478516
2015-04-15,16.40110206604004
2015-04-16,16.32158660888672
2015-04-17,16.299903869628906
2015-04-20,16.357730865478516
2015-04-21,16.30713653564453
2015-04-22,16.278226852416992
2015-04-23,16.372196197509766
2015-04-24,16.40110206604004
2015-04-27,16.30713653564453
2015-04-28,16.31437110900879
2015-04-29,16.35051155090332
2015-04-30,16.155345916748047
2015-05-01,16.28545379638672
2015-05-04,16.32158660888672
2015-05-05,16.1047420501709
2015-05-06,15.952945709228516
2015-05-07,16.018001556396484
2015-05-08,16.111970901489258
2015-05-11,16.111970901489258
2015-05-12,15.981863975524902
2015-05-13,15.887895584106445
2015-05-14,15.938488960266113
2015-05-15,16.018001556396484
2015-05-19,16.0685977935791
2015-05-20,15.960174560546875
2015-05-21,16.162565231323242
2015-05-22,16.169797897338867
2015-05-25,16.169797897338867
2015-05-26,16.025232315063477
2015-05-27,16.09751319885254
2015-05-28,16.09751319885254
2015-05-29,15.981863975524902
2015-06-01,16.032459259033203
2015-06-02,16.03969383239746
2015-06-03,16.14089012145996
2015-06-04,15.981863975524902
2015-06-05,15.924040794372559
2015-06-08,15.678271293640137
2015-06-09,15.76501178741455
2015-06-10,15.830063819885254
2015-06-11,15.78669548034668
2015-06-12,15.663817405700684
2015-06-15,15.714412689208984
2015-06-16,15.699954986572266
2015-06-17,15.682485580444336
2015-06-18,15.718886375427246
2015-06-19,15.529584884643555
2015-06-22,15.74800968170166
2015-06-23,15.87906265258789
2015-06-24,15.92274284362793
2015-06-25,15.86449909210205
2015-06-26,15.813533782958984
2015-06-29,15.442222595214844
2015-06-30,15.515026092529297
2015-07-02,15.595112800598145
2015-07-03,15.66792106628418
2015-07-06,15.595112800598145
2015-07-07,15.660646438598633
2015-07-08,15.420377731323242
2015-07-09,15.289331436157227
2015-07-10,15.442222595214844
2015-07-13,15.60239315032959
2015-07-14,15.624237060546875
2015-07-15,15.733442306518555
2015-07-16,15.828095436096191
2015-07-17,15.740729331970215
2015-07-20,15.54415512084961
2015-07-21,15.449501991271973
2015-07-22,15.391256332397461
2015-07-23,15.354850769042969
2015-07-24,15.289331436157227
2015-07-27,15.165558815002441
2015-07-28,15.231085777282715
2015-07-29,15.442222595214844
2015-07-30,15.551434516906738
2015-07-31,15.653359413146973
2015-08-04,15.69704818725586
2015-08-05,15.733442306518555
2015-08-06,15.616958618164062
2015-08-07,15.515026092529297
2015-08-10,15.66792106628418
2015-08-11,15.60239315032959
2015-08-12,15.507750511169434
2015-08-13,15.41309928894043
2015-08-14,15.45678424835205
2015-08-17,15.442222595214844
2015-08-18,15.376699447631836
2015-08-19,15.201955795288086
2015-08-20,14.859771728515625
2015-08-21,14.590388298034668
2015-08-24,14.146270751953125
2015-08-25,14.240921020507812
2015-08-26,14.517587661743164
2015-08-27,14.954418182373047
2015-08-28,15.019942283630371
2015-08-31,14.939859390258789
2015-09-01,14.56126594543457
2015-09-02,14.655913352966309
2015-09-03,14.706877708435059
2015-09-04,14.575825691223145
2015-09-08,14.765125274658203
2015-09-09,14.677749633789062
2015-09-10,14.721437454223633
2015-09-11,14.60494613647461
2015-09-14,14.495741844177246
2015-09-15,14.60494613647461
2015-09-16,14.932210922241211
2015-09-17,14.95422077178955
2015-09-18,14.822144508361816
2015-09-21,14.946890830993652
2015-09-22,14.587339401245117
2015-09-23,14.48460578918457
2015-09-24,14.447917938232422
2015-09-25,14.499289512634277
2015-09-28,14.103052139282227
2015-09-29,14.132400512695312
2015-09-30,14.46993350982666
2015-10-01,14.389227867126465
2015-10-02,14.499289512634277
2015-10-05,14.668054580688477
2015-10-06,14.778117179870605
2015-10-07,15.020270347595215
2015-10-08,15.137664794921875
2015-10-09,15.115653991699219
2015-10-13,14.983579635620117
2015-10-14,15.020270347595215
2015-10-15,14.968903541564941
2015-10-16,15.042276382446289
2015-10-19,14.939549446105957
2015-10-20,15.012928009033203
2015-10-21,14.880849838256836
2015-10-22,15.071625709533691
2015-10-23,15.167019844055176
2015-10-26,15.012928009033203
2015-10-27,14.932210922241211
2015-10-28,15.144998550415039
2015-10-29,15.042276382446289
2015-10-30,14.682723999023438
2015-11-02,14.792789459228516
2015-11-03,14.888185501098633
2015-11-04,14.836816787719727
2015-11-05,14.704741477966309
2015-11-06,14.712081909179688
2015-11-09,14.624029159545898
2015-11-10,14.557989120483398
2015-11-11,14.48460578918457
2015-11-12,14.249800682067871
2015-11-13,14.183761596679688
2015-11-16,14.447917938232422
2015-11-17,14.418567657470703
2015-11-18,14.557989120483398
2015-11-19,14.675392150878906
2015-11-20,14.63869857788086
2015-11-23,14.557989120483398
2015-11-24,14.587339401245117
2015-11-25,14.58000373840332
2015-11-26,14.609354972839355
2015-11-27,14.543309211730957
2015-11-30,14.660713195800781
2015-12-01,14.880849838256836
2015-12-02,14.69006633758545
2015-12-03,14.535969734191895
2015-12-04,14.58000373840332
2015-12-07,14.235133171081543
2015-12-08,14.103052139282227
2015-12-09,14.147076606750488
2015-12-10,14.220451354980469
2015-12-11,13.963632583618164
2015-12-14,13.904936790466309
2015-12-15,14.176427841186523
2015-12-16,14.447917938232422
2015-12-17,14.235133171081543
2015-12-18,14.220451354980469
2015-12-21,14.264480590820312
2015-12-22,14.301166534423828
2015-12-23,14.543309211730957
2015-12-24,14.557989120483398
2015-12-29,14.484786033630371
2015-12-30,14.366486549377441
2015-12-31,14.211212158203125
2016-01-04,14.107694625854492
2016-01-05,14.092906951904297
2016-01-06,13.878482818603516
2016-01-07,13.575328826904297
2016-01-08,13.575328826904297
2016-01-11,13.457026481628418
2016-01-12,13.545751571655273
2016-01-13,13.309147834777832
2016-01-14,13.508783340454102
2016-01-15,13.198240280151367
2016-01-18,13.08732795715332
2016-01-19,13.153876304626465
2016-01-20,12.92465591430664
2016-01-21,13.153876304626465
2016-01-22,13.560539245605469
2016-01-25,13.286962509155273
2016-01-26,13.493998527526855
2016-01-27,13.553145408630371
2016-01-28,13.819331169128418
2016-01-29,13.989392280578613
2016-02-01,13.89327335357666
2016-02-02,13.634480476379395
2016-02-03,13.789755821228027
2016-02-04,14.018966674804688
2016-02-05,14.018966674804688
2016-02-08,13.774970054626465
2016-02-09,13.486604690551758
2016-02-10,13.368298530578613
2016-02-11,13.249996185302734
2016-02-12,13.60490608215332
2016-02-16,13.79714298248291
2016-02-17,14.129881858825684
2016-02-18,14.196423530578613
2016-02-19,14.063333511352539
2016-02-22,14.0855131149292
2016-02-23,14.01157283782959
2016-02-24,13.945025444030762
2016-02-25,13.981998443603516
2016-02-26,14.026361465454102
2016-02-29,14.048537254333496
2016-03-01,14.225998878479004
2016-03-02,14.248175621032715
2016-03-03,14.336905479431152
2016-03-04,14.425641059875488
2016-03-07,14.61048412322998
2016-03-08,14.588299751281738
2016-03-09,14.684422492980957
2016-03-10,14.669636726379395
2016-03-11,14.847094535827637
2016-03-14,14.802726745605469
2016-03-15,14.743577003479004
2016-03-16,14.699212074279785
2016-03-17,14.839695930480957
2016-03-18,14.677031517028809
2016-03-21,14.765753746032715
2016-03-22,14.699212074279785
2016-03-23,14.588299751281738
2016-03-24,14.566121101379395
2016-03-28,14.61048412322998
2016-03-29,14.640059471130371
2016-03-30,14.728788375854492
2016-03-31,14.691824913024902
2016-04-01,14.64745044708252
2016-04-04,14.536542892456055
2016-04-05,14.492185592651367
2016-04-06,14.54393196105957
2016-04-07,14.455207824707031
2016-04-08,14.60308837890625
2016-04-11,14.61788272857666
2016-04-12,14.802726745605469
2016-04-13,14.9136381149292
2016-04-14,14.92103099822998
2016-04-15,14.876667976379395
2016-04-18,14.95060920715332
2016-04-19,15.113276481628418
2016-04-20,15.179821014404297
2016-04-21,15.135458946228027
2016-04-22,15.135458946228027
2016-04-25,15.046730041503906
2016-04-26,15.061517715454102
2016-04-27,15.128066062927246
2016-04-28,15.128066062927246
2016-04-29,15.187212944030762
2016-05-02,15.105879783630371
2016-05-03,14.95060920715332
2016-05-04,14.854484558105469
2016-05-05,14.839695930480957
2016-05-06,14.898853302001953
2016-05-09,14.743577003479004
2016-05-10,14.987578392028809
2016-05-11,14.980188369750977
2016-05-12,14.972794532775879
2016-05-13,14.935820579528809
2016-05-16,15.105879783630371
2016-05-17,15.135458946228027
2016-05-18,15.076308250427246
2016-05-19,15.03933334350586
2016-05-20,15.172426223754883
2016-05-24,15.209396362304688
2016-05-25,15.342494010925293
2016-05-26,15.327702522277832
2016-05-27,15.394244194030762
2016-05-30,15.3720703125
2016-05-31,15.320303916931152
2016-06-01,15.327702522277832
2016-06-02,15.423820495605469
2016-06-03,15.512545585632324
2016-06-06,15.54212760925293
2016-06-07,15.660429954528809
2016-06-08,15.571697235107422
2016-06-09,15.490365982055664
2016-06-10,15.261153221130371
2016-06-13,15.2241849899292
2016-06-14,15.105879783630371
2016-06-15,15.150572776794434
2016-06-16,15.11333179473877
2016-06-17,15.1580171585083
2016-06-20,15.254847526550293
2016-06-21,15.262300491333008
2016-06-22,15.262300491333008
2016-06-23,15.426170349121094
2016-06-24,15.128225326538086
2016-06-27,14.904767990112305
2016-06-28,15.090989112854004
2016-06-29,15.292097091674805
2016-06-30,15.314443588256836
2016-07-04,15.53790283203125
2016-07-05,15.48576831817627
2016-07-06,15.493209838867188
2016-07-07,15.388933181762695
2016-07-08,15.515554428100586
2016-07-11,15.642182350158691
2016-07-12,15.776263236999512
2016-07-13,15.806051254272461
2016-07-14,15.835851669311523
2016-07-15,15.820950508117676
2016-07-18,15.865642547607422
2016-07-19,15.865642547607422
2016-07-20,15.887985229492188
2016-07-21,15.895438194274902
2016-07-22,15.955028533935547
2016-07-25,15.843294143676758
2016-07-26,15.9028902053833
2016-07-27,15.887985229492188
2016-07-28,15.895438194274902
2016-07-29,15.9028902053833
2016-08-02,15.776263236999512
2016-08-03,15.828401565551758
2016-08-04,15.798600196838379
2016-08-05,15.947585105895996
2016-08-08,16.08165168762207
2016-08-09,16.163591384887695
2016-08-10,16.1263427734375
2016-08-11,16.171039581298828
2016-08-12,16.104007720947266
2016-08-15,16.1263427734375
2016-08-16,16.059309005737305
2016-08-17,16.059309005737305
2016-08-18,16.036964416503906
2016-08-19,16.036964416503906
2016-08-22,16.118900299072266
2016-08-23,16.163591384887695
2016-08-24,16.03682518005371
2016-08-25,16.021825790405273
2016-08-26,16.03682518005371
2016-08-29,16.089332580566406
2016-08-30,16.11933708190918
2016-08-31,15.999319076538086
2016-09-01,16.089332580566406
2016-09-02,16.201845169067383
2016-09-06,16.201845169067383
2016-09-07,16.186845779418945
2016-09-08,16.186845779418945
2016-09-09,15.916813850402832
2016-09-12,15.984317779541016
2016-09-13,15.714289665222168
2016-09-14,15.73678970336914
2016-09-15,15.916813850402832
2016-09-16,15.86430549621582
2016-09-19,15.901815414428711
2016-09-20,15.924309730529785
2016-09-21,16.11933708190918
2016-09-22,16.209346771240234
2016-09-23,16.11933708190918
2016-09-26,16.05182647705078
2016-09-27,15.991825103759766
2016-09-28,16.194347381591797
2016-09-29,16.21685218811035
2016-09-30,16.201845169067383
2016-10-03,16.156843185424805
2016-10-04,16.006824493408203
2016-10-05,16.126832962036133
2016-10-06,16.104337692260742
2016-10-07,16.06683349609375
2016-10-11,16.06683349609375
2016-10-12,16.126832962036133
2016-10-13,16.156843185424805
2016-10-14,16.089332580566406
2016-10-17,16.089332580566406
2016-10-18,16.26935577392578
2016-10-19,16.366857528686523
2016-10-20,16.366857528686523
2016-10-21,16.471879959106445
2016-10-24,16.486875534057617
2016-10-25,16.426876068115234
2016-10-26,16.411867141723633
2016-10-27,16.4793758392334
2016-10-28,16.41937255859375
2016-10-31,16.411867141723633
2016-11-01,16.38936996459961
2016-11-02,16.209346771240234
2016-11-03,16.186845779418945
2016-11-04,16.096832275390625
2016-11-07,16.28435707092285
2016-11-08,16.291852951049805
2016-11-09,16.404367446899414
2016-11-10,16.426876068115234
2016-11-11,16.239343643188477
2016-11-14,16.28435707092285
2016-11-15,16.44937515258789
2016-11-16,16.441875457763672
2016-11-17,16.569393157958984
2016-11-18,16.61439323425293
2016-11-21,16.801918029785156
2016-11-22,16.861923217773438
2016-11-23,16.849082946777344
2016-11-24,16.85663414001465
2016-11-25,16.86418342590332
2016-11-28,16.773555755615234
2016-11-29,16.75846290588379
2016-11-30,16.803770065307617
2016-12-01,16.74335479736328
2016-12-02,16.773555755615234
2016-12-05,16.803770065307617
2016-12-06,16.85663414001465
2016-12-07,17.00768280029297
2016-12-08,17.075653076171875
2016-12-09,17.10585594177246
2016-12-12,17.075653076171875
2016-12-13,17.204038619995117
2016-12-14,17.00768280029297
2016-12-15,17.068098068237305
2016-12-16,17.10585594177246
2016-12-19,17.128507614135742
2016-12-20,17.14362144470215
2016-12-21,17.13606834411621
2016-12-22,17.204038619995117
2016-12-23,17.181379318237305
2016-12-28,17.204038619995117
2016-12-29,17.249353408813477
2016-12-30,17.098304748535156
2017-01-03,17.226694107055664
2017-01-04,17.36263656616211
2017-01-05,17.423051834106445
2017-01-06,17.355083465576172
2017-01-09,17.249353408813477
2017-01-10,17.287107467651367
2017-01-11,17.385299682617188
2017-01-12,17.32487678527832
2017-01-13,17.40794563293457
2017-01-16,17.377744674682617
2017-01-17,17.339977264404297
2017-01-18,17.30221939086914
2017-01-19,17.32487678527832
2017-01-20,17.498577117919922
2017-01-23,17.423051834106445
2017-01-24,17.5741024017334
2017-01-25,17.589202880859375
2017-01-26,17.558996200561523
2017-01-27,17.506128311157227
2017-01-30,17.332422256469727
2017-01-31,17.294662475585938
2017-02-01,17.294662475585938
2017-02-02,17.287107467651367
2017-02-03,17.37018585205078
2017-02-06,17.332422256469727
2017-02-07,17.400400161743164
2017-02-08,17.44570541381836
2017-02-09,17.52878761291504
2017-02-10,17.63451385498047
2017-02-13,17.6873836517334
2017-02-14,17.740249633789062
2017-02-15,17.785560607910156
2017-02-16,17.793115615844727
2017-02-17,17.793115615844727
2017-02-21,17.863807678222656
2017-02-22,17.787796020507812
2017-02-23,17.696571350097656
2017-02-24,17.42291831970215
2017-02-27,17.47612953186035
2017-02-28,17.308897018432617
2017-03-01,17.49893569946289
2017-03-02,17.47612953186035
2017-03-03,17.55974006652832
2017-03-06,17.612957000732422
2017-03-07,17.590150833129883
2017-03-08,17.491329193115234
2017-03-09,17.51413345336914
2017-03-10,17.47612953186035
2017-03-13,17.5217342376709
2017-03-14,17.339292526245117
2017-03-15,17.453317642211914
2017-03-16,17.51413345336914
2017-03-17,17.42291831970215
2017-03-20,17.36970329284668
2017-03-21,17.21006965637207
2017-03-22,17.270885467529297
2017-03-23,17.36970329284668
2017-03-24,17.38490867614746
2017-03-27,17.453317642211914
2017-03-28,17.567346572875977
2017-03-29,17.635761260986328
2017-03-30,17.52933692932129
2017-03-31,17.49893569946289
2017-04-03,17.544546127319336
2017-04-04,17.635761260986328
2017-04-05,17.60535430908203
2017-04-06,17.68897247314453
2017-04-07,17.666170120239258
2017-04-10,17.72698211669922
2017-04-11,17.68897247314453
2017-04-12,17.59774398803711
2017-04-13,17.47612953186035
2017-04-17,17.673770904541016
2017-04-18,17.582548141479492
2017-04-19,17.50653076171875
2017-04-20,17.60535430908203
2017-04-21,17.612957000732422
2017-04-24,17.77259063720703
2017-04-25,17.810596466064453
2017-04-26,17.704174041748047
2017-04-27,17.51413345336914
2017-04-28,17.60535430908203
2017-05-01,17.57494354248047
2017-05-02,17.628162384033203
2017-05-03,17.55974006652832
2017-05-04,17.415313720703125
2017-05-05,17.635761260986328
2017-05-08,17.704174041748047
2017-05-09,17.60535430908203
2017-05-10,17.666170120239258
2017-05-11,17.57494354248047
2017-05-12,17.57494354248047
2017-05-15,17.68137550354004
2017-05-16,17.55974006652832
2017-05-17,17.232877731323242
2017-05-18,17.25568389892578
2017-05-19,17.453317642211914
2017-05-23,17.491329193115234
2017-05-24,17.412494659423828
2017-05-25,17.42780876159668
2017-05-26,17.435457229614258
2017-05-29,17.45075798034668
2017-05-30,17.404844284057617
2017-05-31,17.381879806518555
2017-06-01,17.519641876220703
2017-06-02,17.481380462646484
2017-06-05,17.443113327026367
2017-06-06,17.481380462646484
2017-06-07,17.381879806518555
2017-06-08,17.443113327026367
2017-06-09,17.519641876220703
2017-06-12,17.38953399658203
2017-06-13,17.381879806518555
2017-06-14,17.15991973876953
2017-06-15,17.182876586914062
2017-06-16,17.23646354675293
2017-06-19,17.297693252563477
2017-06-20,17.144609451293945
2017-06-21,17.152271270751953
2017-06-22,17.228801727294922
2017-06-23,17.320642471313477
2017-06-26,17.335954666137695
2017-06-27,17.320642471313477
2017-06-28,17.38953399658203
2017-06-29,17.244110107421875
2017-06-30,17.167572021484375
2017-07-04,17.136959075927734
2017-07-05,17.17522621154785
2017-07-06,17.12164878845215
2017-07-07,17.068071365356445
2017-07-10,17.144609451293945
2017-07-11,17.19053077697754
2017-07-12,17.182876586914062
2017-07-13,17.182876586914062
2017-07-14,17.228801727294922
2017-07-17,17.22114372253418
2017-07-18,17.19053077697754
2017-07-19,17.305343627929688
2017-07-20,17.343612670898438
2017-07-21,17.251766204833984
2017-07-24,17.205841064453125
2017-07-25,17.26706886291504
2017-07-26,17.205841064453125
2017-07-27,17.23646354675293
2017-07-28,17.15991973876953
2017-07-31,17.182876586914062
2017-08-01,17.244110107421875
2017-08-02,17.351268768310547
2017-08-03,17.282379150390625
2017-08-04,17.366573333740234
2017-08-08,17.358909606933594
2017-08-09,17.320642471313477
2017-08-10,17.144609451293945
2017-08-11,17.09868621826172
2017-08-14,17.23646354675293
2017-08-15,17.19818687438965
2017-08-16,17.167572021484375
2017-08-17,17.09868621826172
2017-08-18,17.0068416595459
2017-08-21,17.0068416595459
2017-08-22,17.045108795166016
2017-08-23,17.136959075927734
2017-08-24,17.140806198120117
2017-08-25,17.109981536865234
2017-08-28,17.109981536865234
2017-08-29,17.125394821166992
2017-08-30,17.17163848876953
2017-08-31,17.22559356689453
2017-09-01,17.22559356689453
2017-09-05,17.07915687561035
2017-09-06,17.048320770263672
2017-09-07,17.00978660583496
2017-09-08,16.99437141418457
2017-09-11,17.07144546508789
2017-09-12,17.179338455200195
2017-09-13,17.156225204467773
2017-09-14,17.241003036499023
2017-09-15,17.23329734802246
2017-09-18,17.325786590576172
2017-09-19,17.395151138305664
2017-09-20,17.5030460357666
2017-09-21,17.595537185668945
2017-09-22,17.58011817932129
2017-09-25,17.65719223022461
2017-09-26,17.595537185668945
2017-09-27,17.795923233032227
2017-09-28,17.811338424682617
2017-09-29,17.842166900634766
2017-10-02,17.934650421142578
2017-10-03,17.973186492919922
2017-10-04,17.973186492919922
2017-10-05,18.027135848999023
2017-10-06,17.965476989746094
2017-10-10,18.027135848999023
2017-10-11,18.05797004699707
2017-10-12,18.0040225982666
2017-10-13,18.073381423950195
2017-10-16,18.073381423950195
2017-10-17,18.104206085205078
2017-10-18,18.073381423950195
2017-10-19,18.119625091552734
2017-10-20,18.173572540283203
2017-10-23,18.173572540283203
2017-10-24,18.2352352142334
2017-10-25,18.212114334106445
2017-10-26,18.25835609436035
2017-10-27,18.312307357788086
2017-10-30,18.358545303344727
2017-10-31,18.39708709716797
2017-11-01,18.381671905517578
2017-11-02,18.36625099182129
2017-11-03,18.381671905517578
2017-11-06,18.45102882385254
2017-11-07,18.504985809326172
2017-11-08,18.48186492919922
2017-11-09,18.458742141723633
2017-11-10,18.42791175842285
2017-11-13,18.42791175842285
2017-11-14,18.327716827392578
2017-11-15,18.304597854614258
2017-11-16,18.358545303344727
2017-11-17,18.420209884643555
2017-11-20,18.443323135375977
2017-11-21,18.520397186279297
2017-11-22,18.511859893798828
2017-11-23,18.511859893798828
2017-11-24,18.542898178100586
2017-11-27,18.48082733154297
2017-11-28,18.48082733154297
2017-11-29,18.42652130126953
2017-11-30,18.519624710083008
2017-12-01,18.511859893798828
2017-12-04,18.44203758239746
2017-12-05,18.387733459472656
2017-12-06,18.418760299682617
2017-12-07,18.566171646118164
2017-12-08,18.651517868041992
2017-12-11,18.651517868041992
2017-12-12,18.682554244995117
2017-12-13,18.6747989654541
2017-12-14,18.542898178100586
2017-12-15,18.581695556640625
2017-12-18,18.667030334472656
2017-12-19,18.659276962280273
2017-12-20,18.6747989654541
2017-12-21,18.705827713012695
2017-12-22,18.682554244995117
2017-12-27,18.69807243347168
2017-12-28,18.729101181030273
2017-12-29,18.736860275268555
2018-01-02,18.822206497192383
2018-01-03,18.923070907592773
2018-01-04,19.00065803527832
2018-01-05,18.93858528137207
2018-01-08,18.892032623291016
2018-01-09,18.907546997070312
2018-01-10,18.814449310302734
2018-01-11,18.868751525878906
2018-01-12,18.88426971435547
2018-01-15,18.93082618713379
2018-01-16,18.860998153686523
2018-01-17,18.892032623291016
2018-01-18,18.860998153686523
2018-01-19,18.93082618713379
2018-01-22,18.899791717529297
2018-01-23,18.892032623291016
2018-01-24,18.814449310302734
2018-01-25,18.736860275268555
2018-01-26,18.752378463745117
2018-01-29,18.604970932006836
2018-01-30,18.473072052001953
2018-01-31,18.457548141479492
2018-02-01,18.356693267822266
2018-02-02,18.0773868560791
2018-02-05,17.704971313476562
2018-02-06,17.76704216003418
2018-02-07,17.720489501953125
2018-02-08,17.394630432128906
2018-02-09,17.379117965698242
2018-02-12,17.596359252929688
2018-02-13,17.588598251342773
2018-02-14,17.712736129760742
2018-02-15,17.798080444335938
2018-02-16,17.86014747619629
2018-02-20,17.844633102416992
2018-02-21,17.984283447265625
2018-02-22,17.97100257873535
2018-02-23,18.127277374267578
2018-02-26,18.228849411010742
2018-02-27,18.181962966918945
2018-02-28,17.90849494934082
2018-03-01,17.830354690551758
2018-03-02,17.814725875854492
2018-03-05,18.01006507873535
2018-03-06,18.002256393432617
2018-03-07,17.939741134643555
2018-03-08,18.01006507873535
2018-03-09,18.06475830078125
2018-03-12,18.10382652282715
2018-03-13,18.15852928161621
2018-03-14,18.189781188964844
2018-03-15,18.228849411010742
2018-03-16,18.260095596313477
2018-03-19,18.09601593017578
2018-03-20,18.127277374267578
2018-03-21,18.17415428161621
2018-03-22,17.822542190551758
2018-03-23,17.603763580322266
2018-03-26,17.720972061157227
2018-03-27,17.658462524414062
2018-03-28,17.6193904876709
2018-03-29,17.869430541992188
2018-04-02,17.658462524414062
2018-04-03,17.627206802368164
2018-04-04,17.611581802368164
2018-04-05,17.845979690551758
2018-04-06,17.650646209716797
2018-04-09,17.70534324645996
2018-04-10,17.713151931762695
2018-04-11,17.68971061706543
2018-04-12,17.70534324645996
2018-04-13,17.697526931762695
2018-04-16,17.736595153808594
2018-04-17,17.783479690551758
2018-04-18,17.99444007873535
2018-04-19,17.885046005249023
2018-04-20,17.931926727294922
2018-04-23,18.025693893432617
2018-04-24,17.947561264038086
2018-04-25,18.01787567138672
2018-04-26,18.17415428161621
2018-04-27,18.221027374267578
2018-04-30,18.150714874267578
2018-05-01,18.181962966918945
2018-05-02,18.166339874267578
2018-05-03,18.15852928161621
2018-05-04,18.306982040405273
2018-05-07,18.40855598449707
2018-05-08,18.463253021240234
2018-05-09,18.5335693359375
2018-05-10,18.627328872680664
2018-05-11,18.666397094726562
2018-05-14,18.807048797607422
2018-05-15,18.846105575561523
2018-05-16,18.861738204956055
2018-05-17,18.885177612304688
2018-05-18,18.877363204956055
2018-05-22,18.861738204956055
2018-05-23,18.838294982910156
2018-05-24,18.814861297607422
2018-05-25,18.784168243408203
2018-05-28,18.70546531677246
2018-05-29,18.57169532775879
2018-05-30,18.71333885192871
2018-05-31,18.752689361572266
2018-06-01,18.721210479736328
2018-06-04,18.721210479736328
2018-06-05,18.784168243408203
2018-06-06,18.86285972595215
2018-06-07,18.88646697998047
2018-06-08,18.89433479309082
2018-06-11,18.98876953125
2018-06-12,19.012374877929688
2018-06-13,18.98876953125
2018-06-14,19.08320426940918
2018-06-15,19.035985946655273
2018-06-18,19.130422592163086
2018-06-19,19.043851852416992
2018-06-20,19.193378448486328
2018-06-21,19.08320426940918
2018-06-22,19.24058723449707
2018-06-25,18.92581558227539
2018-06-26,19.08320426940918
2018-06-27,19.028112411499023
2018-06-28,18.965158462524414
2018-06-29,19.1068115234375
2018-07-03,19.059589385986328
2018-07-04,19.1068115234375
2018-07-05,19.043851852416992
2018-07-06,19.193378448486328
2018-07-09,19.303550720214844
2018-07-10,19.437320709228516
2018-07-11,19.31141471862793
2018-07-12,19.484539031982422
2018-07-13,19.46880531311035
2018-07-16,19.40584373474121
2018-07-17,19.413711547851562
2018-07-18,19.366497039794922
2018-07-19,19.46880531311035
2018-07-20,19.342893600463867
2018-07-23,19.319278717041016
2018-07-24,19.303550720214844
2018-07-25,19.342893600463867
2018-07-26,19.390108108520508
2018-07-27,19.327152252197266
2018-07-30,19.295677185058594
2018-07-31,19.38223648071289
2018-08-01,19.327152252197266
2018-08-02,19.374374389648438
2018-08-03,19.366497039794922
2018-08-07,19.216983795166016
2018-08-08,19.256324768066406
2018-08-09,19.390108108520508
2018-08-10,19.27206802368164
2018-08-13,19.216983795166016
2018-08-14,19.35076141357422
2018-08-15,19.091073989868164
2018-08-16,19.20911407470703
2018-08-17,19.33501625061035
2018-08-20,19.319278717041016
2018-08-21,19.24058723449707
2018-08-22,19.295677185058594
2018-08-23,19.287803649902344
2018-08-24,19.287803649902344
2018-08-27,19.387676239013672
2018-08-28,19.284629821777344
2018-08-29,19.332195281982422
2018-08-30,19.340120315551758
2018-08-31,19.22122573852539
2018-09-04,19.078554153442383
2018-09-05,19.102325439453125
2018-09-06,19.05477523803711
2018-09-07,19.023061752319336
2018-09-10,18.95966148376465
2018-09-11,18.983434677124023
2018-09-12,18.8962459564209
2018-09-13,18.872472763061523
2018-09-14,18.888320922851562
2018-09-17,18.975513458251953
2018-09-18,19.110254287719727
2018-09-19,19.05477523803711
2018-09-20,19.141956329345703
2018-09-21,19.141956329345703
2018-09-24,19.102325439453125
2018-09-25,19.05477523803711
2018-09-26,19.08647918701172
2018-09-27,19.197444915771484
2018-09-28,18.975513458251953
2018-10-01,19.038921356201172
2018-10-02,18.935876846313477
2018-10-03,18.99135971069336
2018-10-04,18.95966148376465
2018-10-05,18.88039779663086
2018-10-09,18.78528594970703
2018-10-10,18.37311553955078
2018-10-11,18.103620529174805
2018-10-12,18.174949645996094
2018-10-15,18.151172637939453
2018-10-16,18.357254028320312
2018-10-17,18.349334716796875
2018-10-18,18.19080924987793
2018-10-19,18.309701919555664
2018-10-22,18.262144088745117
2018-10-23,18.095691680908203
2018-10-24,17.683523178100586
2018-10-25,17.683523178100586
2018-10-26,17.64389419555664
2018-10-29,17.52500343322754
2018-10-30,17.754863739013672
2018-10-31,17.86583137512207
2018-11-01,18.008506774902344
2018-11-02,17.992650985717773
2018-11-05,18.095691680908203
2018-11-06,18.19080924987793
2018-11-07,18.277997970581055
2018-11-08,18.309701919555664
2018-11-09,18.23044204711914
2018-11-12,18.127399444580078
2018-11-13,18.11947250366211
2018-11-14,18.13532257080078
2018-11-15,18.151172637939453
2018-11-16,18.151172637939453
2018-11-19,18.095691680908203
2018-11-20,17.849979400634766
2018-11-21,18.127399444580078
2018-11-22,18.103620529174805
2018-11-23,17.98472023010254
2018-11-26,18.048137664794922
2018-11-27,17.982629776000977
2018-11-28,18.246257781982422
2018-11-29,18.30217742919922
2018-11-30,18.28619956970215
2018-12-03,18.382064819335938
2018-12-04,18.150394439697266
2018-12-05,18.350112915039062
2018-12-06,17.998607635498047
2018-12-07,17.806880950927734
2018-12-10,17.742965698242188
2018-12-11,17.65509796142578
2018-12-12,17.798892974853516
2018-12-13,17.774919509887695
2018-12-14,17.639116287231445
2018-12-17,17.375484466552734
2018-12-18,17.431406021118164
2018-12-19,17.24766731262207
2018-12-20,17.07192039489746
2018-12-21,16.840240478515625
2018-12-24,16.624544143676758
2018-12-27,17.111854553222656
2018-12-28,17.175765991210938
2018-12-31,17.271635055541992
2019-01-02,17.279619216918945
2019-01-03,17.103870391845703
2019-01-04,17.375484466552734
2019-01-07,17.45536994934082
2019-01-08,17.58319091796875
2019-01-09,17.82284927368164
2019-01-10,17.92670440673828
2019-01-11,17.974645614624023
2019-01-14,17.998607635498047
2019-01-15,18.110448837280273
2019-01-16,18.174358367919922
2019-01-17,18.32614517211914
2019-01-18,18.469938278198242
2019-01-21,18.477930068969727
2019-01-22,18.382064819335938
2019-01-23,18.37407875061035
2019-01-24,18.44597625732422
2019-01-25,18.525863647460938
2019-01-28,18.51787567138672
2019-01-29,18.685636520385742
2019-01-30,18.661670684814453
2019-01-31,18.733566284179688
2019-02-01,18.65367889404297
2019-02-04,18.773513793945312
2019-02-05,18.89333724975586
2019-02-06,18.90132713317871
2019-02-07,18.89333724975586
2019-02-08,18.78949546813965
2019-02-11,18.709604263305664
2019-02-12,18.78949546813965
2019-02-13,18.765525817871094
2019-02-14,18.885356903076172
2019-02-15,19.053119659423828
2019-02-19,19.164960861206055
2019-02-20,19.300769805908203
2019-02-21,19.26881217956543
2019-02-22,19.25996208190918
2019-02-25,19.316295623779297
2019-02-26,19.316295623779297
2019-02-27,19.34849739074707
2019-02-28,19.235816955566406
2019-03-01,19.3323974609375
2019-03-04,19.316295623779297
2019-03-05,19.36458969116211
2019-03-06,19.38068962097168
2019-03-07,19.36458969116211
2019-03-08,19.27605628967285
2019-03-11,19.412878036499023
2019-03-12,19.437023162841797
2019-03-13,19.461172103881836
2019-03-14,19.40483283996582
2019-03-15,19.47726821899414
2019-03-18,19.62214469909668
2019-03-19,19.549705505371094
2019-03-20,19.493366241455078
2019-03-21,19.5738525390625
2019-03-22,19.38068962097168
2019-03-25,19.340444564819336
2019-03-26,19.453126907348633
2019-03-27,19.44507598876953
2019-03-28,19.525562286376953
2019-03-29,19.44507598876953
2019-04-01,19.60603904724121
2019-04-02,19.65433692932129
2019-04-03,19.678482055664062
2019-04-04,19.718721389770508
2019-04-05,19.8072566986084
2019-04-08,19.831403732299805
2019-04-09,19.742874145507812
2019-04-10,19.8153076171875
2019-04-11,19.855545043945312
2019-04-12,19.968225479125977
2019-04-15,20.032608032226562
2019-04-16,20.048709869384766
2019-04-17,20.088947296142578
2019-04-18,20.1694393157959
2019-04-22,20.137239456176758
2019-04-23,20.28211784362793
2019-04-24,20.161388397216797
2019-04-25,20.145292282104492
2019-04-26,20.217731475830078
2019-04-29,20.201637268066406
2019-04-30,20.18553352355957
2019-05-01,20.097002029418945
2019-05-02,20.016517639160156
2019-05-03,20.129194259643555
2019-05-06,20.129194259643555
2019-05-07,19.968225479125977
2019-05-08,20.02457046508789
2019-05-09,19.903841018676758
2019-05-10,19.855545043945312
2019-05-13,19.6865291595459
2019-05-14,19.8072566986084
2019-05-15,19.87164306640625
2019-05-16,20.032608032226562
2019-05-17,19.984323501586914
2019-05-21,20.000417709350586
2019-05-22,19.895788192749023
2019-05-23,19.718721389770508
2019-05-24,19.799802780151367
2019-05-27,19.93764305114746
2019-05-28,19.840341567993164
2019-05-29,19.70250701904297
2019-05-30,19.645748138427734
2019-05-31,19.56467056274414
2019-06-03,19.516027450561523
2019-06-04,19.70250701904297
2019-06-05,19.775482177734375
2019-06-06,19.80790901184082
2019-06-07,19.81601905822754
2019-06-10,19.80790901184082
2019-06-11,19.824129104614258
2019-06-12,19.80790901184082
2019-06-13,19.81601905822754
2019-06-14,19.913318634033203
2019-06-17,19.953857421875
2019-06-18,20.140342712402344
2019-06-19,20.156557083129883
2019-06-20,20.221424102783203
2019-06-21,20.124122619628906
2019-06-24,20.140342712402344
2019-06-25,19.953857421875
2019-06-26,19.872779846191406
2019-06-27,19.89710235595703
2019-06-28,19.986289978027344
2019-07-02,20.1079044342041
2019-07-03,20.261959075927734
2019-07-04,20.261959075927734
2019-07-05,20.205202102661133
2019-07-08,20.116016387939453
2019-07-09,20.253849029541016
2019-07-10,20.237640380859375
2019-07-11,20.237640380859375
2019-07-12,20.140342712402344
2019-07-15,20.156557083129883
2019-07-16,20.156557083129883
2019-07-17,20.1079044342041
2019-07-18,20.13222885131836
2019-07-19,20.1079044342041
2019-07-22,20.1646671295166
2019-07-23,20.237640380859375
2019-07-24,20.294389724731445
2019-07-25,20.13222885131836
2019-07-26,20.197093963623047
2019-07-29,20.13222885131836
2019-07-30,20.083585739135742
2019-07-31,20.043039321899414
2019-08-01,19.986289978027344
2019-08-02,19.83223533630371
2019-08-06,19.653860092163086
2019-08-07,19.840341567993164
2019-08-08,19.99439811706543
2019-08-09,19.92953109741211
2019-08-12,19.80790901184082
2019-08-13,19.978178024291992
2019-08-14,19.60521125793457
2019-08-15,19.58088493347168
2019-08-16,19.767372131347656
2019-08-19,19.953857421875
2019-08-20,19.799802780151367
2019-08-21,19.93764305114746
2019-08-22,19.888988494873047
2019-08-23,19.60521125793457
2019-08-26,19.736740112304688
2019-08-27,19.802091598510742
2019-08-28,19.90011978149414
2019-08-29,20.079843521118164
2019-08-30,20.137025833129883
2019-09-03,20.071672439575195
2019-09-04,20.120683670043945
2019-09-05,20.308578491210938
2019-09-06,20.267730712890625
2019-09-09,20.226884841918945
2019-09-10,20.27589988708496
2019-09-11,20.38210105895996
2019-09-12,20.463790893554688
2019-09-13,20.52097511291504
2019-09-16,20.569992065429688
2019-09-17,20.684356689453125
2019-09-18,20.65167999267578
2019-09-19,20.733369827270508
2019-09-20,20.76605224609375
2019-09-23,20.71703338623047
2019-09-24,20.627178192138672
2019-09-25,20.610837936401367
2019-09-26,20.643516540527344
2019-09-27,20.545486450195312
2019-09-30,20.545486450195312
2019-10-01,20.251392364501953
2019-10-02,20.05533218383789
2019-10-03,20.128854751586914
2019-10-04,20.23505401611328
2019-10-07,20.177871704101562
2019-10-08,20.022655487060547
2019-10-09,20.169702529907227
2019-10-10,20.23505401611328
2019-10-11,20.226884841918945
2019-10-15,20.251392364501953
2019-10-16,20.243227005004883
2019-10-17,20.23505401611328
2019-10-18,20.186037063598633
2019-10-21,20.243227005004883
2019-10-22,20.210540771484375
2019-10-23,20.137025833129883
2019-10-24,20.177871704101562
2019-10-25,20.21871566772461
2019-10-28,20.226884841918945
2019-10-29,20.27589988708496
2019-10-30,20.390270233154297
2019-10-31,20.333080291748047
2019-11-01,20.480127334594727
2019-11-04,20.569992065429688
2019-11-05,20.586332321166992
2019-11-06,20.65167999267578
2019-11-07,20.741544723510742
2019-11-08,20.839570999145508
2019-11-11,20.847745895385742
2019-11-12,20.89676284790039
2019-11-13,20.970279693603516
2019-11-14,20.962112426757812
2019-11-15,21.043800354003906
2019-11-18,21.043800354003906
2019-11-19,21.035633087158203
2019-11-20,21.011127471923828
2019-11-21,21.01929473876953
2019-11-22,20.945770263671875
2019-11-25,21.051971435546875
2019-11-26,21.054439544677734
2019-11-27,21.136749267578125
2019-11-28,21.144977569580078
2019-11-29,21.070905685424805
2019-12-02,20.98859214782715
2019-12-03,20.865127563476562
2019-12-04,20.856903076171875
2019-12-05,20.7663631439209
2019-12-06,20.980361938476562
2019-12-09,20.914520263671875
2019-12-10,20.922748565673828
2019-12-11,20.922748565673828
2019-12-12,20.980361938476562
2019-12-13,21.013286590576172
2019-12-16,21.07913589477539
2019-12-17,21.08736228942871
2019-12-18,21.02974510192871
2019-12-19,21.070905685424805
2019-12-20,21.112056732177734
2019-12-23,21.12851905822754
2019-12-24,21.186132431030273
2019-12-27,21.161436080932617
2019-12-30,21.08736228942871
2019-12-31,21.03797721862793
2020-01-02,21.095592498779297
2020-01-03,21.03797721862793
2020-01-06,21.12028694152832
2020-01-07,21.161436080932617
2020-01-08,21.202594757080078
2020-01-09,21.293134689331055
2020-01-10,21.27666664123535
2020-01-13,21.38367462158203
2020-01-14,21.433061599731445
2020-01-15,21.4989070892334
2020-01-16,21.605907440185547
2020-01-17,21.704675674438477
2020-01-20,21.762298583984375
2020-01-21,21.729366302490234
2020-01-22,21.762298583984375
2020-01-23,21.811676025390625
2020-01-24,21.770523071289062
2020-01-27,21.614133834838867
2020-01-28,21.72114372253418
2020-01-29,21.688213348388672
2020-01-30,21.688213348388672
2020-01-31,21.465980529785156
2020-02-03,21.515371322631836
2020-02-04,21.704675674438477
2020-02-05,21.877519607543945
2020-02-06,21.984525680541992
2020-02-07,21.86928939819336
2020-02-10,21.99275016784668
2020-02-11,22.025676727294922
2020-02-12,22.116214752197266
2020-02-13,22.116214752197266
2020-02-14,22.14914321899414
2020-02-18,22.140907287597656
2020-02-19,22.223215103149414
2020-02-20,22.223215103149414
2020-02-21,22.099756240844727
2020-02-24,21.746564865112305
2020-02-25,21.274002075195312
2020-02-26,21.141347885131836
2020-02-27,20.80143165588379
2020-02-28,20.295690536499023
2020-03-02,20.594161987304688
2020-03-03,20.378599166870117
2020-03-04,20.85116958618164
2020-03-05,20.569284439086914
2020-03-06,20.12158966064453
2020-03-09,17.97429656982422
2020-03-10,18.62096405029297
2020-03-11,17.79189109802246
2020-03-12,15.611434936523438
2020-03-13,17.261287689208984
2020-03-16,15.553399085998535
2020-03-17,16.050840377807617
2020-03-18,15.039371490478516
2020-03-19,15.511942863464355
2020-03-20,15.080829620361328
2020-03-23,14.3429536819458
2020-03-24,16.1005859375
2020-03-25,16.66436004638672
2020-03-26,17.012569427490234
2020-03-27,16.117168426513672
2020-03-30,16.705810546875
2020-03-31,17.120344161987305
2020-04-01,16.473669052124023
2020-04-02,16.730682373046875
2020-04-03,16.58973503112793
2020-04-06,17.385650634765625
2020-04-07,17.37735366821289
2020-04-08,17.725566864013672
2020-04-09,17.999162673950195
2020-04-13,17.85822296142578
2020-04-14,18.098651885986328
2020-04-15,17.74214744567871
2020-04-16,17.626083374023438
2020-04-17,18.247882843017578
2020-04-20,18.26446533203125
2020-04-21,17.69240951538086
2020-04-22,18.140106201171875
2020-04-23,18.073776245117188
2020-04-24,18.322494506835938
2020-04-27,18.52977180480957
2020-04-28,18.720449447631836
2020-04-29,19.28422737121582
2020-04-30,18.712162017822266
2020-05-01,18.52147674560547
2020-05-04,18.720449447631836
2020-05-05,18.803359985351562
2020-05-06,18.844820022583008
2020-05-07,18.82823371887207
2020-05-08,18.994049072265625
2020-05-11,19.2261905670166
2020-05-12,18.936016082763672
2020-05-13,18.48831558227539
2020-05-14,18.52147674560547
2020-05-15,18.645837783813477
2020-05-19,18.87797737121582
2020-05-20,19.027212142944336
2020-05-21,18.869691848754883
2020-05-22,18.92574691772461
2020-05-25,19.134918212890625
2020-05-26,19.252050399780273
2020-05-27,19.419389724731445
2020-05-28,19.40265464782715
2020-05-29,19.24368667602539
2020-06-01,19.344087600708008
2020-06-02,19.586721420288086
2020-06-03,19.7958984375
2020-06-04,19.703861236572266
2020-06-05,20.13056755065918
2020-06-08,20.222604751586914
2020-06-09,20.06363296508789
2020-06-10,19.913036346435547
2020-06-11,19.126556396484375
2020-06-12,19.37755584716797
2020-06-15,19.50305938720703
2020-06-16,19.745691299438477
2020-06-17,19.61182975769043
2020-06-18,19.687124252319336
2020-06-19,19.65365982055664
2020-06-22,19.703861236572266
2020-06-23,19.745691299438477
2020-06-24,19.411022186279297
2020-06-25,19.636926651000977
2020-06-26,19.30225372314453
2020-06-29,19.603458404541016
2020-06-30,19.703861236572266
2020-07-02,19.829360961914062
2020-07-03,19.7958984375
2020-07-06,19.896297454833984
2020-07-07,19.78752899169922
2020-07-08,19.829360961914062
2020-07-09,19.78752899169922
2020-07-10,19.97996711730957
2020-07-13,19.896297454833984
2020-07-14,20.239341735839844
2020-07-15,20.406675338745117
2020-07-16,20.36484146118164
2020-07-17,20.49871063232422
2020-07-20,20.54891014099121
2020-07-21,20.51544761657715
2020-07-22,20.51544761657715
2020-07-23,20.306272506713867
2020-07-24,20.289539337158203
2020-07-27,20.49034309387207
2020-07-28,20.440139770507812
2020-07-29,20.682781219482422
2020-07-30,20.691146850585938
2020-07-31,20.51544761657715
2020-08-04,20.741348266601562
2020-08-05,20.9086856842041
2020-08-06,21.000717163085938
2020-08-07,20.975616455078125
2020-08-10,21.042551040649414
2020-08-11,20.967248916625977
2020-08-12,21.059284210205078
2020-08-13,20.967248916625977
2020-08-14,20.983983993530273
2020-08-17,21.134586334228516
2020-08-18,21.109485626220703
2020-08-19,21.05091667175293
2020-08-20,21.09275245666504
2020-08-21,20.983983993530273
2020-08-24,21.151321411132812
2020-08-25,21.167339324951172
2020-08-26,21.369651794433594
2020-08-27,21.302213668823242
2020-08-28,21.24321174621582
2020-08-31,20.97344970703125
2020-09-01,21.150480270385742
2020-09-02,21.23477554321289
2020-09-03,20.931303024291992
2020-09-04,20.619400024414062
2020-09-08,20.46765899658203
2020-09-09,20.855430603027344
2020-09-10,20.577245712280273
2020-09-11,20.653114318847656
2020-09-14,20.796424865722656
2020-09-15,20.880725860595703
2020-09-16,20.669973373413086
2020-09-17,20.6109676361084
2020-09-18,20.54352569580078
2020-09-21,20.341211318969727
2020-09-22,20.551958084106445
2020-09-23,20.23162269592285
2020-09-24,20.324352264404297
2020-09-25,20.526668548583984
2020-09-28,20.7542781829834
2020-09-29,20.695268630981445
2020-09-30,20.551958084106445
2020-10-01,20.6109676361084
2020-10-02,20.64468765258789
2020-10-05,20.922870635986328
2020-10-06,20.695268630981445
2020-10-07,20.97344970703125
2020-10-08,21.108327865600586
2020-10-09,21.099897384643555
2020-10-13,21.015600204467773
2020-10-14,20.93973159790039
2020-10-15,21.015600204467773
2020-10-16,20.922870635986328
2020-10-19,20.72898292541504
2020-10-20,20.678407669067383
2020-10-21,20.568819046020508
2020-10-22,20.669973373413086
2020-10-23,20.737417221069336
2020-10-26,20.459228515625
2020-10-27,20.349645614624023
2020-10-28,19.843852996826172
2020-10-29,19.928152084350586
2020-10-30,19.835426330566406
2020-11-02,19.911293029785156
2020-11-03,20.214763641357422
2020-11-04,20.3075008392334
2020-11-05,20.64468765258789
2020-11-06,20.619400024414062
2020-11-09,20.9060115814209
2020-11-10,21.175769805908203
2020-11-11,21.39493751525879
2020-11-12,21.142047882080078
2020-11-13,21.24321174621582
2020-11-16,21.529821395874023
2020-11-17,21.614120483398438
2020-11-18,21.538253784179688
2020-11-19,21.588830947875977
2020-11-20,21.71527862548828
2020-11-23,21.82486343383789
2020-11-24,22.061880111694336
2020-11-25,22.112850189208984
2020-11-26,22.121347427368164
2020-11-27,22.197803497314453
2020-11-30,21.942949295043945
2020-12-01,21.985424041748047
2020-12-02,22.112850189208984
2020-12-03,22.121347427368164
2020-12-04,22.282751083374023
2020-12-07,22.36770248413086
2020-12-08,22.47814178466797
2020-12-09,22.427167892456055
2020-12-10,22.444168090820312
2020-12-11,22.38469696044922
2020-12-14,22.15532684326172
2020-12-15,22.299741744995117
2020-12-16,22.38469696044922
2020-12-17,22.495134353637695
2020-12-18,22.342222213745117
2020-12-21,22.325231552124023
2020-12-22,22.38469696044922
2020-12-23,22.41018295288086
2020-12-24,22.461153030395508
2020-12-29,22.359209060668945
2020-12-30,22.325231552124023
2020-12-31,22.146833419799805
2021-01-04,22.274261474609375
2021-01-05,22.486642837524414
2021-01-06,22.70751190185547
2021-01-07,22.979354858398438
2021-01-08,23.013334274291992
2021-01-11,22.91139030456543
2021-01-12,22.953866958618164
2021-01-13,22.90289878845215
2021-01-14,22.936880111694336
2021-01-15,22.90289878845215
2021-01-18,22.936880111694336
2021-01-19,22.90289878845215
2021-01-20,22.94537353515625
2021-01-21,22.817947387695312
2021-01-22,22.724498748779297
2021-01-25,22.80095863342285
2021-01-26,22.605567932128906
2021-01-27,22.146833419799805
2021-01-28,22.51212501525879
2021-01-29,22.10435676574707
2021-02-01,22.452653884887695
2021-02-02,22.766971588134766
2021-02-03,22.8094539642334
2021-02-04,22.987850189208984
2021-02-05,23.098289489746094
2021-02-08,23.327653884887695
2021-02-09,23.412607192993164
2021-02-10,23.48056983947754
2021-02-11,23.48056983947754
2021-02-12,23.57401466369629
2021-02-16,23.599498748779297
2021-02-17,23.497560501098633
2021-02-18,23.395620346069336
2021-02-19,23.531539916992188
2021-02-22,23.57773780822754
2021-02-23,23.475074768066406
2021-02-24,23.663288116455078
2021-02-25,23.34674835205078
2021-02-26,23.07298469543457
2021-03-01,23.44940948486328
2021-03-02,23.62906837463379
2021-03-03,23.492183685302734
2021-03-04,23.286867141723633
2021-03-05,23.637622833251953
2021-03-08,23.731727600097656
2021-03-09,23.868608474731445
2021-03-10,23.996936798095703
2021-03-11,24.176593780517578
2021-03-12,24.193700790405273
2021-03-15,24.322032928466797
2021-03-16,24.236474990844727
2021-03-17,24.381914138793945
2021-03-18,24.262144088745117
2021-03-19,24.227916717529297
2021-03-22,24.20225715637207
2021-03-23,24.07393455505371
2021-03-24,24.056819915771484
2021-03-25,24.082481384277344
2021-03-26,24.20225715637207
2021-03-29,24.185148239135742
2021-03-30,24.185148239135742
2021-03-31,24.125267028808594
2021-04-01,24.493127822875977
2021-04-05,24.54446029663086
2021-04-06,24.604345321655273
2021-04-07,24.689889907836914
2021-04-08,24.75833511352539
2021-04-09,24.79255485534668
2021-04-12,24.80110740661621
2021-04-13,24.766889572143555
2021-04-14,24.75833511352539
2021-04-15,24.9294376373291
2021-04-16,24.963655471801758
2021-04-19,24.766889572143555
2021-04-20,24.527345657348633
2021-04-21,24.67278480529785
2021-04-22,24.518796920776367
2021-04-23,24.61290168762207
2021-04-26,24.681337356567383
2021-04-27,24.69844627380371
2021-04-28,24.972211837768555
2021-04-29,24.852441787719727
2021-04-30,24.681337356567383
2021-05-03,24.75833511352539
2021-05-04,24.78399658203125
2021-05-05,24.955101013183594
2021-05-06,24.9294376373291
2021-05-07,25.151866912841797
2021-05-10,25.02353858947754
2021-05-11,24.937990188598633
2021-05-12,24.775442123413086
2021-05-13,24.869552612304688
2021-05-14,25.151866912841797
2021-05-17,25.297298431396484
2021-05-18,25.305858612060547
2021-05-19,25.211750030517578
2021-05-20,25.391408920288086
2021-05-21,25.37160301208496
2021-05-25,25.42327880859375
2021-05-26,25.664413452148438
2021-05-27,25.724702835083008
2021-05-28,25.793596267700195
2021-05-31,25.612741470336914
2021-06-01,25.965845108032227
2021-06-02,25.92278289794922
2021-06-03,25.90555763244629
2021-06-04,26.0261287689209
2021-06-07,26.0261287689209
2021-06-08,26.043354034423828
2021-06-09,25.957231521606445
2021-06-10,25.983070373535156
2021-06-11,26.12086296081543
2021-06-14,26.189762115478516
2021-06-15,26.327552795410156
2021-06-16,26.327552795410156
2021-06-17,26.284496307373047
2021-06-18,26.09502410888672
2021-06-21,26.293107986450195
2021-06-22,26.344785690307617
2021-06-23,26.258655548095703
2021-06-24,26.33616828918457
2021-06-25,26.37922477722168
2021-06-28,26.250045776367188
2021-06-29,26.31032943725586
2021-06-30,26.293107986450195
2021-07-02,26.362009048461914
2021-07-05,26.448131561279297
2021-07-06,26.49118995666504
2021-07-07,26.508411407470703
2021-07-08,26.189762115478516
2021-07-09,26.439512252807617
2021-07-12,26.4309024810791
2021-07-13,26.51702880859375
2021-07-14,26.33616828918457
2021-07-15,26.4309024810791
2021-07-16,26.163923263549805
2021-07-19,25.862497329711914
2021-07-20,26.11225128173828
2021-07-21,26.301719665527344
2021-07-22,26.31032943725586
2021-07-23,26.47396469116211
2021-07-26,26.38784408569336
2021-07-27,26.405067443847656
2021-07-28,26.448131561279297
2021-07-29,26.54286003112793
2021-07-30,26.51702880859375
2021-08-03,26.63759994506836
2021-08-04,26.6031494140625
2021-08-05,26.680654525756836
2021-08-06,26.84429168701172
2021-08-09,26.801227569580078
2021-08-10,26.88735008239746
2021-08-11,26.93041229248047
2021-08-12,26.895957946777344
2021-08-13,26.895957946777344
2021-08-16,26.87013053894043
2021-08-17,26.73233413696289
2021-08-18,26.654823303222656
2021-08-19,26.55147361755371
2021-08-20,26.72372055053711
2021-08-23,26.852903366088867
2021-08-24,26.921802520751953
2021-08-25,26.968608856201172
2021-08-26,26.84724998474121
2021-08-27,27.003284454345703
2021-08-30,26.942607879638672
2021-08-31,26.855915069580078
2021-09-01,27.037961959838867
2021-09-02,27.202669143676758
2021-09-03,27.202669143676758
2021-09-07,27.202669143676758
2021-09-08,27.141986846923828
2021-09-09,27.081310272216797
2021-09-10,26.959945678710938
2021-09-13,27.020626068115234
2021-09-14,26.873258590698242
2021-09-15,27.0552978515625
2021-09-16,26.942607879638672
2021-09-17,26.760560989379883
2021-09-20,26.361797332763672
2021-09-21,26.483156204223633
2021-09-22,26.699878692626953
2021-09-23,26.79523277282715
2021-09-24,26.717214584350586
2021-09-27,26.812576293945312
2021-09-28,26.474491119384766
2021-09-29,26.474491119384766
2021-09-30,26.33578872680664
2021-10-01,26.4571533203125
2021-10-04,26.353124618530273
2021-10-05,26.517839431762695
2021-10-06,26.569847106933594
2021-10-07,26.84724998474121
2021-10-08,26.88192367553711
2021-10-12,26.873258590698242
2021-10-13,27.0726318359375
2021-10-14,27.34136962890625
2021-10-15,27.532085418701172
2021-10-18,27.6361083984375
2021-10-19,27.75747299194336
2021-10-20,27.87883758544922
2021-10-21,27.922176361083984
2021-10-22,27.939516067504883
2021-10-25,28.017532348632812
2021-10-26,27.852832794189453
2021-10-27,27.592761993408203
2021-10-28,27.922176361083984
2021-10-29,27.774808883666992
2021-11-01,28.008869171142578
2021-11-02,27.930849075317383
2021-11-03,28.043533325195312
2021-11-04,28.19957733154297
2021-11-05,28.303607940673828
2021-11-08,28.381628036499023
2021-11-09,28.468313217163086
2021-11-10,28.303607940673828
2021-11-11,28.424970626831055
2021-11-12,28.7630558013916
2021-11-15,28.650354385375977
2021-11-16,28.67637062072754
2021-11-17,28.60701560974121
2021-11-18,28.659027099609375
2021-11-19,28.546335220336914
2021-11-22,28.372957229614258
2021-11-23,28.46540069580078
2021-11-24,28.604934692382812
2021-11-25,28.71830940246582
2021-11-26,28.03807258605957
2021-11-29,28.090394973754883
2021-11-30,27.49736976623535
2021-12-01,27.21828842163086
2021-12-02,27.663063049316406
2021-12-03,27.49736976623535
2021-12-06,27.793880462646484
2021-12-07,28.177608489990234
2021-12-08,28.081674575805664
2021-12-09,27.90725326538086
2021-12-10,27.90725326538086
2021-12-13,27.671789169311523
2021-12-14,27.636903762817383
2021-12-15,27.793880462646484
2021-12-16,27.758996963500977
2021-12-17,27.70667266845703
2021-12-20,27.46248435974121
2021-12-21,27.959585189819336
2021-12-22,28.15143394470215
2021-12-23,28.360748291015625
2021-12-24,28.378192901611328
2021-12-29,28.543888092041016
2021-12-30,28.474123001098633
2021-12-31,28.360748291015625
2022-01-04,28.378192901611328
2022-01-05,28.160165786743164
2022-01-06,28.221216201782227
2022-01-07,28.264816284179688
2022-01-10,28.273536682128906
2022-01-11,28.535165786743164
2022-01-12,28.683422088623047
2022-01-13,28.561330795288086
2022-01-14,28.674701690673828
2022-01-17,28.910171508789062
2022-01-18,28.570045471191406
2022-01-19,28.430519104003906
2022-01-20,28.24737548828125
2022-01-21,27.6456241607666
2022-01-24,27.584575653076172
2022-01-25,27.636903762817383
2022-01-26,27.654346466064453
2022-01-27,27.61073875427246
2022-01-28,27.837486267089844
2022-01-31,28.29098129272461
2022-02-01,28.578771591186523
2022-02-02,28.692148208618164
2022-02-03,28.30842399597168
2022-02-04,28.570045471191406
2022-02-07,28.500282287597656
2022-02-08,28.683422088623047
2022-02-09,28.962491989135742
2022-02-10,28.866565704345703
2022-02-11,28.875289916992188
2022-02-14,28.622379302978516
2022-02-15,28.805517196655273
2022-02-16,28.622379302978516
2022-02-17,28.32586097717285
2022-02-18,28.15143394470215
2022-02-22,28.026803970336914
2022-02-23,27.78102684020996
2022-02-24,27.807363510131836
2022-02-25,28.298908233642578
2022-02-28,28.272571563720703
2022-03-01,28.061912536621094
2022-03-02,28.448122024536133
2022-03-03,28.50079345703125
2022-03-04,28.7377872467041
2022-03-07,28.614898681640625
2022-03-08,28.448122024536133
2022-03-09,28.816789627075195
2022-03-10,28.91333770751953
2022-03-11,28.77289390563965
2022-03-14,28.50079345703125
2022-03-15,28.483232498168945
2022-03-16,28.834331512451172
2022-03-17,29.22055435180664
2022-03-18,29.290781021118164
2022-03-21,29.54532241821289
2022-03-22,29.633100509643555
2022-03-23,29.369766235351562
2022-03-24,29.40488052368164
2022-03-25,29.518993377685547
2022-03-28,29.518993377685547
2022-03-29,29.61555290222168
2022-03-30,29.606767654418945
2022-03-31,29.387327194213867
2022-04-01,29.43998908996582
2022-04-04,29.659427642822266
2022-04-05,29.518993377685547
2022-04-06,29.334657669067383
2022-04-07,29.378551483154297
2022-04-08,29.41366195678711
2022-04-11,29.334657669067383
2022-04-12,29.211772918701172
2022-04-13,29.299551010131836
2022-04-14,29.343435287475586
2022-04-18,29.343435287475586
2022-04-19,29.571653366088867
2022-04-20,29.510208129882812
2022-04-21,29.088884353637695
2022-04-22,28.509567260742188
2022-04-25,28.255020141601562
2022-04-26,27.842470169067383
2022-04-27,27.912694931030273
2022-04-28,28.404237747192383
2022-04-29,27.912694931030273
2022-05-02,27.8951416015625
2022-05-03,28.17601776123047
2022-05-04,28.509567260742188
2022-05-05,27.886362075805664
2022-05-06,27.807363510131836
2022-05-09,27.02615737915039
2022-05-10,26.88571548461914
2022-05-11,26.833045959472656
2022-05-12,26.710168838500977
2022-05-13,27.166603088378906
2022-05-16,27.28070640563965
2022-05-17,27.623035430908203
2022-05-18,27.105154037475586
2022-05-19,27.166603088378906
2022-05-20,27.21926498413086
2022-05-24,27.3792781829834
2022-05-25,27.485366821289062
2022-05-26,27.653337478637695
2022-05-27,27.97159767150879
2022-05-30,28.1749324798584
2022-05-31,27.94507598876953
2022-06-01,27.927391052246094
2022-06-02,28.342906951904297
2022-06-03,28.015804290771484
2022-06-06,28.042320251464844
2022-06-07,28.166095733642578
2022-06-08,27.962759017944336
2022-06-09,27.679855346679688
2022-06-10,27.264347076416016
2022-06-13,26.6455135345459
2022-06-14,26.44217872619629
2022-06-15,26.477540969848633
2022-06-16,25.699569702148438
2022-06-17,25.646526336669922
2022-06-20,26.008987426757812
2022-06-21,26.070873260498047
2022-06-22,25.787973403930664
2022-06-23,25.443193435668945
2022-06-24,25.885225296020508
2022-06-27,26.132761001586914
2022-06-28,26.044353485107422
2022-06-29,25.920581817626953
2022-06-30,25.646526336669922
2022-07-04,25.849855422973633
2022-07-05,25.66420555114746
2022-07-06,25.5139217376709
2022-07-07,25.9117431640625
2022-07-08,25.86754035949707
2022-07-11,25.602319717407227
2022-07-12,25.42551040649414
2022-07-13,25.345947265625
2022-07-14,24.903915405273438
2022-07-15,24.983482360839844
2022-07-18,25.20449447631836
2022-07-19,25.646526336669922
2022-07-20,25.743772506713867
2022-07-21,25.823335647583008
2022-07-22,25.726091384887695
2022-07-25,25.9117431640625
2022-07-26,25.726091384887695
2022-07-27,26.106237411499023
2022-07-28,26.327253341674805
2022-07-29,26.636669158935547
2022-08-02,26.397974014282227
2022-08-03,26.468700408935547
2022-08-04,26.54826545715332
2022-08-05,26.5836238861084
2022-08-08,26.574787139892578
2022-08-09,26.468700408935547
2022-08-10,26.893049240112305
2022-08-11,27.04334259033203
2022-08-12,27.326236724853516
2022-08-15,27.352754592895508
2022-08-16,27.49420928955078
2022-08-17,27.396961212158203
2022-08-18,27.511890411376953
2022-08-19,27.326236724853516
2022-08-22,27.175945281982422
2022-08-23,27.12290382385254
2022-08-24,27.105224609375
2022-08-25,27.336809158325195
2022-08-26,26.953798294067383
2022-08-29,26.90035057067871
2022-08-30,26.463886260986328
2022-08-31,26.196666717529297
2022-09-01,26.00960922241211
2022-09-02,26.17885398864746
2022-09-06,25.929445266723633
2022-09-07,26.143218994140625
2022-09-08,26.392627716064453
2022-09-09,26.90035057067871
2022-09-12,27.158662796020508
2022-09-13,26.686569213867188
2022-09-14,26.793455123901367
2022-09-15,26.606407165527344
2022-09-16,26.38372039794922
2022-09-19,26.633129119873047
2022-09-20,26.40153694152832
2022-09-21,26.116498947143555
2022-09-22,25.938350677490234
2022-09-23,25.279203414916992
2022-09-26,25.101057052612305
2022-09-27,25.065431594848633
2022-09-28,25.49298095703125
2022-09-29,25.21685218811035
2022-09-30,25.19013023376465
2022-10-03,25.751293182373047
2022-10-04,26.419357299804688
2022-10-05,26.20557403564453
2022-10-06,25.840370178222656
2022-10-07,25.3415584564209
2022-10-11,24.842741012573242
2022-10-12,24.807113647460938
2022-10-13,25.403907775878906
2022-10-14,25.029796600341797
2022-10-17,25.421724319458008
2022-10-18,25.680034637451172
2022-10-19,25.546422958374023
2022-10-20,25.41281509399414
2022-10-21,25.813644409179688
2022-10-24,25.867094039916992
2022-10-25,26.098684310913086
2022-10-26,26.33918571472168
2022-10-27,26.48170280456543
2022-10-28,26.65094757080078
2022-10-31,26.597496032714844
2022-11-01,26.70438575744629
2022-11-02,26.428258895874023
2022-11-03,26.37481689453125
2022-11-04,26.633129119873047
2022-11-07,26.722200393676758
2022-11-08,26.891447067260742
2022-11-09,26.499515533447266
2022-11-10,27.38134765625
2022-11-11,27.497150421142578
2022-11-14,27.28336524963379
2022-11-15,27.390254974365234
2022-11-16,27.390254974365234
2022-11-17,27.319000244140625
2022-11-18,27.45261001586914
2022-11-21,27.457998275756836
2022-11-22,27.78113555908203
2022-11-23,27.87089729309082
2022-11-24,27.933732986450195
2022-11-25,27.996562957763672
2022-11-28,27.80806541442871
2022-11-29,27.87089729309082
2022-11-30,28.059398651123047
2022-12-01,28.140180587768555
2022-12-02,28.077346801757812
2022-12-05,27.79010581970215
2022-12-06,27.457998275756836
2022-12-07,27.413116455078125
2022-12-08,27.413116455078125
2022-12-09,27.395160675048828
2022-12-12,27.457998275756836
2022-12-13,27.413116455078125
2022-12-14,27.233592987060547
2022-12-15,26.84761619567871
2022-12-16,26.60525894165039
2022-12-19,26.335975646972656
2022-12-20,26.479598999023438
2022-12-21,26.820690155029297
2022-12-22,26.524478912353516
2022-12-23,26.739906311035156
2022-12-28,26.443693161010742
2022-12-29,26.739906311035156
2022-12-30,26.560379028320312
2023-01-03,26.68604850769043
2023-01-04,26.865571975708008
2023-01-05,26.775808334350586
2023-01-06,27.206661224365234
2023-01-09,27.251544952392578
2023-01-10,27.269495010375977
2023-01-11,27.422090530395508
2023-01-12,27.65546989440918
2023-01-13,27.897829055786133
2023-01-16,27.942707061767578
2023-01-17,28.04144287109375
2023-01-18,27.92475700378418
2023-01-19,27.897829055786133
2023-01-20,28.11325454711914
2023-01-23,28.274822235107422
2023-01-24,28.274822235107422
2023-01-25,28.25687026977539
2023-01-26,28.40049171447754
2023-01-27,28.418437957763672
2023-01-30,28.238914489746094
2023-01-31,28.52615737915039
2023-02-01,28.46332359313965
2023-02-02,28.454343795776367
2023-02-03,28.508207321166992
2023-02-06,28.346633911132812
2023-02-07,28.445369720458984
2023-02-08,28.37356185913086
2023-02-09,28.283802032470703
2023-02-10,28.355609893798828
2023-02-13,28.472291946411133
2023-02-14,28.481271743774414
2023-02-15,28.508207321166992
2023-02-16,28.310728073120117
2023-02-17,28.176084518432617
2023-02-21,27.861923217773438
2023-02-22,27.761445999145508
2023-02-23,27.73429298400879
2023-02-24,27.779550552368164
2023-02-27,27.851959228515625
2023-02-28,27.77050018310547
2023-03-01,27.81576156616211
2023-03-02,27.942480087280273
2023-03-03,28.268341064453125
2023-03-06,28.195924758911133
2023-03-07,27.842910766601562
2023-03-08,27.942480087280273
2023-03-09,27.598514556884766
2023-03-10,27.191190719604492
2023-03-13,26.91059112548828
2023-03-14,27.04636573791504
2023-03-15,26.6390438079834
2023-03-16,26.883438110351562
2023-03-17,26.648090362548828
2023-03-20,26.82912254333496
2023-03-21,27.037315368652344
2023-03-22,26.83817481994629
2023-03-23,26.72955894470215
2023-03-24,26.811023712158203
2023-03-27,27.001108169555664
2023-03-28,27.028263092041016
2023-03-29,27.281705856323242
2023-03-30,27.435585021972656
2023-03-31,27.62567138671875
2023-04-03,27.942480087280273
2023-04-04,27.978687286376953
2023-04-05,27.842910766601562
2023-04-06,27.906272888183594
2023-04-10,27.978687286376953
2023-04-11,28.195924758911133
2023-04-12,28.241186141967773
2023-04-13,28.39506721496582
2023-04-14,28.4312686920166
2023-04-17,28.53989028930664
2023-04-18,28.594200134277344
2023-04-19,28.603248596191406
2023-04-20,28.54894256591797
2023-04-21,28.639461517333984
2023-04-24,28.639461517333984
2023-04-25,28.29549789428711
2023-04-26,28.223081588745117
2023-04-27,28.46747398376465
2023-04-28,28.612302780151367
2023-05-01,28.57609748840332
2023-05-02,28.268341064453125
2023-05-03,28.204975128173828
2023-05-04,28.07825469970703
2023-05-05,28.485580444335938
2023-05-08,28.54894256591797
2023-05-09,28.503684997558594
2023-05-10,28.422216415405273
2023-05-11,28.331701278686523
2023-05-12,28.358854293823242
2023-05-15,28.530838012695312
2023-05-16,28.07825469970703
2023-05-17,28.132570266723633
2023-05-18,28.123512268066406
2023-05-19,28.204975128173828
2023-05-23,27.87006950378418
2023-05-24,27.602622985839844
2023-05-25,27.37442398071289
2023-05-26,27.59349250793457
2023-05-29,27.639131546020508
2023-05-30,27.337913513183594
2023-05-31,27.091463088989258
2023-06-01,27.210119247436523
2023-06-02,27.712156295776367
2023-06-05,27.584362030029297
2023-06-06,27.739538192749023
2023-06-07,27.630001068115234
2023-06-08,27.61174964904785
2023-06-09,27.556983947753906
2023-06-12,27.59349250793457
2023-06-13,27.703025817871094
2023-06-14,27.77604866027832
2023-06-15,27.812559127807617
2023-06-16,27.730409622192383
2023-06-19,27.66651725769043
2023-06-20,27.420063018798828
2023-06-21,27.36529541015625
2023-06-22,27.20099639892578
2023-06-23,27.00018310546875
2023-06-26,27.24663734436035
2023-06-27,27.456571578979492
2023-06-28,27.57523536682129
2023-06-29,27.721284866333008
2023-06-30,28.049888610839844
2023-07-04,28.122909545898438
2023-07-05,27.976863861083984
2023-07-06,27.5478515625
2023-07-07,27.566104888916016
2023-07-10,27.511337280273438
2023-07-11,27.57523536682129
2023-07-12,27.830814361572266
2023-07-13,28.1594181060791
2023-07-14,28.16855239868164
2023-07-17,28.095523834228516
2023-07-18,28.268951416015625
2023-07-19,28.41499900817871
2023-07-20,28.369361877441406
2023-07-21,28.54279327392578
2023-07-24,28.60668182373047
2023-07-25,28.54279327392578
2023-07-26,28.55191421508789
2023-07-27,28.33285140991211
2023-07-28,28.506275177001953
2023-07-31,28.65232276916504
2023-08-01,28.515403747558594
2023-08-02,28.06814193725586
2023-08-03,27.885581970214844
2023-08-04,28.049888610839844
2023-08-08,28.004247665405273
2023-08-09,28.141162872314453
2023-08-10,28.25982093811035
2023-08-11,28.341976165771484
2023-08-14,28.18680191040039
2023-08-15,27.620878219604492
2023-08-16,27.630001068115234
2023-08-17,27.511337280273438
2023-08-18,27.520469665527344
2023-08-21,27.483959197998047
2023-08-22,27.319658279418945
2023-08-23,27.59349250793457
2023-08-24,27.456571578979492
2023-08-25,27.534799575805664
2023-08-28,27.792476654052734
2023-08-29,28.17899513244629
2023-08-30,28.27102279663086
2023-08-31,28.243417739868164
2023-09-01,28.60232925415039
2023-09-05,28.39986228942871
2023-09-06,28.123781204223633
2023-09-07,28.03175163269043
2023-09-08,27.93972396850586
2023-09-11,28.105375289916992
2023-09-12,28.16059112548828
2023-09-13,28.280229568481445
2023-09-14,28.7127628326416
2023-09-15,28.758773803710938
2023-09-18,28.583919525146484
2023-09-19,28.22500991821289
2023-09-20,28.22500991821289
2023-09-21,27.617624282836914
2023-09-22,27.580814361572266
2023-09-25,27.626827239990234
2023-09-26,27.304729461669922
2023-09-27,27.148283004760742
2023-09-28,27.387556076049805
2023-09-29,27.332338333129883
2023-10-02,26.844589233398438
2023-10-03,26.605318069458008
2023-10-04,26.642127990722656
2023-10-05,26.798572540283203
2023-10-06,26.918212890625
2023-10-10,27.304729461669922
2023-10-11,27.54400062561035
2023-10-12,27.35994529724121
2023-10-13,27.286325454711914
2023-10-16,27.52559471130371
2023-10-17,27.626827239990234
2023-10-18,27.286325454711914
2023-10-19,27.12987518310547
2023-10-20,26.807775497436523
2023-10-23,26.724956512451172
2023-10-24,26.632923126220703
2023-10-25,26.596111297607422
2023-10-26,26.48567771911621
2023-10-27,26.274011611938477
2023-10-30,26.439664840698242
2023-10-31,26.46727752685547
2023-11-01,26.761762619018555
2023-11-02,27.599220275878906
2023-11-03,27.82008934020996
2023-11-06,27.718856811523438
2023-11-07,27.516395568847656
2023-11-08,27.470380783081055
2023-11-09,27.580814361572266
2023-11-10,27.66363525390625
2023-11-13,27.783275604248047
2023-11-14,28.18819808959961
2023-11-15,28.252620697021484
2023-11-16,28.27102279663086
2023-11-17,28.48268699645996
2023-11-20,28.556310653686523
2023-11-21,28.363325119018555
2023-11-22,28.372602462768555
2023-11-23,28.354049682617188
2023-11-24,28.335493087768555
2023-11-27,28.22415542602539
2023-11-28,28.233428955078125
2023-11-29,28.363325119018555
2023-11-30,28.548887252807617
2023-12-01,28.827232360839844
2023-12-04,28.808679580688477
2023-12-05,28.827232360839844
2023-12-06,28.66022491455078
2023-12-07,28.65094566345215
2023-12-08,28.734451293945312
2023-12-11,28.780845642089844
2023-12-12,28.678781509399414
2023-12-13,29.198362350463867
2023-12-14,29.411758422851562
2023-12-15,29.03135108947754
2023-12-18,29.189083099365234
2023-12-19,29.485984802246094
2023-12-20,29.15196990966797
2023-12-21,29.393198013305664
2023-12-22,29.532371520996094
2023-12-27,29.745773315429688
2023-12-28,29.65298843383789
2023-12-29,29.70865821838379
2024-01-02,29.62515640258789
2024-01-03,29.588043212890625
2024-01-04,29.65298843383789
2024-01-05,29.73649024963379
2024-01-08,29.922054290771484
2024-01-09,29.782882690429688
2024-01-10,29.81072235107422
2024-01-11,29.699378967285156
2024-01-12,29.76432991027832
2024-01-15,29.847827911376953
2024-01-16,29.70865821838379
2024-01-17,29.37464141845703
2024-01-18,29.458147048950195
2024-01-19,29.68082046508789
2024-01-22,29.671546936035156
2024-01-23,29.801441192626953
2024-01-24,29.829280853271484
2024-01-25,29.93133544921875
2024-01-26,29.949888229370117
2024-01-29,30.107616424560547
2024-01-30,30.144733428955078
2024-01-31,29.857105255126953
2024-02-01,29.949888229370117
2024-02-02,29.93133544921875
2024-02-05,29.64371109008789
2024-02-06,29.755048751831055
2024-02-07,29.773605346679688
2024-02-08,29.773605346679688
2024-02-09,29.88494300842285
2024-02-12,29.940614700317383
2024-02-13,29.244752883911133
2024-02-14,29.717933654785156
2024-02-15,30.18184471130371
2024-02-16,30.22823715209961
2024-02-20,30.218955993652344
2024-02-21,30.12617301940918
2024-02-22,30.358129501342773
2024-02-23,30.53018569946289
2024-02-26,30.371219635009766
2024-02-27,30.315113067626953
2024-02-28,30.240314483642578
2024-02-29,30.427324295043945
2024-03-01,30.689144134521484
2024-03-04,30.61433982849121
2024-03-05,30.661090850830078
2024-03-06,30.726551055908203
2024-03-07,31.016420364379883
2024-03-08,30.9603214263916
2024-03-11,31.007068634033203
2024-03-12,31.128633499145508
2024-03-13,31.32499885559082
2024-03-14,31.128633499145508
2024-03-15,31.128633499145508
2024-03-18,31.10057830810547
2024-03-19,31.128633499145508
2024-03-20,31.390453338623047
2024-03-21,31.446556091308594
2024-03-22,31.2875919342041
2024-03-25,31.25019073486328
2024-03-26,31.18473243713379
2024-03-27,31.48395538330078
2024-03-28,31.558765411376953
2024-04-01,31.58682632446289
2024-04-02,31.381099700927734
2024-04-03,31.409151077270508
2024-04-04,31.296947479248047
2024-04-05,31.605518341064453
2024-04-08,31.605518341064453
2024-04-09,31.74578094482422
2024-04-10,31.51201057434082
2024-04-11,31.362398147583008
2024-04-12,31.08188247680664
2024-04-15,30.866802215576172
2024-04-16,30.698497772216797
2024-04-17,30.726551055908203
2024-04-18,30.801353454589844
2024-04-19,30.988365173339844
2024-04-22,31.109928131103516
2024-04-23,31.306297302246094
2024-04-24,31.09122657775879
2024-04-25,31.10057830810547
2024-04-26,31.222139358520508
2024-04-29,31.240842819213867
2024-04-30,30.876169204711914
2024-05-01,30.88551139831543
2024-05-02,31.025772094726562
2024-05-03,31.212791442871094
2024-05-06,31.6616268157959
2024-05-07,31.699020385742188
2024-05-08,31.63357162475586
2024-05-09,31.801877975463867
2024-05-10,31.71772575378418
2024-05-13,31.62421989440918
2024-05-14,31.6148738861084
2024-05-15,31.64291763305664
2024-05-16,31.6616268157959
2024-05-17,31.895395278930664
2024-05-21,31.895395278930664
2024-05-22,31.77195930480957
2024-05-23,31.57408905029297
2024-05-24,31.724843978881836
2024-05-27,31.753116607666016
2024-05-28,31.583513259887695
2024-05-29,31.055864334106445
2024-05-30,31.36680793762207
2024-05-31,31.68716049194336
2024-06-03,31.470447540283203
2024-06-04,31.300851821899414
2024-06-05,31.498714447021484
2024-06-06,31.592931747436523
2024-06-07,31.319692611694336
2024-06-10,31.376222610473633
2024-06-11,31.121824264526367
2024-06-12,31.216045379638672
2024-06-13,30.82973289489746
2024-06-14,30.763774871826172
2024-06-17,30.716665267944336
2024-06-18,30.726085662841797
2024-06-19,30.584753036499023
2024-06-20,30.688398361206055
2024-06-21,30.6695556640625
2024-06-24,31.093555450439453
2024-06-25,31.018173217773438
2024-06-26,31.018173217773438
2024-06-27,31.225465774536133
2024-06-28,31.13124656677246
2024-07-02,31.225465774536133
2024-07-03,31.658893585205078
2024-07-04,31.649471282958984
2024-07-05,31.42333221435547
2024-07-08,31.470447540283203
2024-07-09,31.385650634765625
2024-07-10,31.856767654418945
2024-07-11,32.0828971862793
2024-07-12,32.271339416503906
2024-07-15,32.38440704345703
2024-07-16,32.72361373901367
2024-07-17,32.56343460083008
2024-07-18,32.39382553100586
2024-07-19,32.36556625366211
2024-07-22,32.61996841430664
2024-07-23,32.49748229980469
2024-07-24,32.280765533447266
2024-07-25,32.271339416503906
2024-07-26,32.55400848388672
2024-07-29,32.516319274902344
2024-07-30,32.61996841430664
2024-07-31,33.006282806396484
2024-08-01,32.469207763671875
2024-08-02,31.800228118896484
2024-08-06,31.432762145996094
2024-08-07,31.385650634765625
2024-08-08,31.894454956054688
2024-08-09,32.01694107055664
2024-08-12,32.11116409301758
2024-08-13,32.41267776489258
2024-08-14,32.61054611206055
2024-08-15,33.04397201538086
2024-08-16,33.072242736816406
2024-08-19,33.157039642333984
2024-08-20,33.0345458984375
2024-08-21,33.13819122314453
2024-08-22,33.05339050292969
2024-08-23,33.37374496459961
2024-08-26,33.46797561645508
2024-08-27,33.331268310546875
2024-08-28,33.198360443115234
2024-08-29,33.35025405883789
2024-08-30,33.521141052246094
2024-09-03,33.217350006103516
2024-09-04,33.217350006103516
2024-09-05,33.1508903503418
2024-09-06,32.89457321166992
2024-09-09,33.312278747558594
2024-09-10,33.20785140991211
2024-09-11,33.50214767456055
2024-09-12,33.8534049987793
2024-09-13,33.967323303222656
2024-09-16,34.176177978515625
2024-09-17,34.09074020385742
2024-09-18,33.967323303222656
2024-09-19,34.35655212402344
2024-09-20,34.36604690551758
2024-09-23,34.43250274658203
2024-09-24,34.44200134277344
2024-09-25,34.37553787231445
2024-09-26,34.55591583251953
2024-09-27,34.517940521240234
2024-09-30,34.546424865722656
2024-10-01,34.57489776611328
2024-10-02,34.565406799316406
2024-10-03,34.47047805786133
2024-10-04,34.74577713012695
2024-10-07,34.679325103759766
2024-10-08,34.660335540771484
2024-10-09,34.888187408447266
2024-10-10,34.97362518310547
2024-10-11,35.22045135498047
2024-10-15,35.1729850769043
2024-10-16,35.36285400390625
2024-10-17,35.58119583129883
2024-10-18,35.74258804321289
2024-10-21,35.58119583129883
2024-10-22,35.533729553222656
2024-10-23,35.37234878540039
2024-10-24,35.34386444091797
2024-10-25,35.21096420288086
2024-10-28,35.40082550048828
2024-10-29,35.353363037109375
2024-10-30,35.2963981628418
2024-10-31,34.812232971191406
2024-11-01,34.90716552734375
2024-11-04,34.91666030883789
2024-11-05,35.116024017333984
2024-11-06,35.50525665283203
2024-11-07,35.77106475830078
2024-11-08,35.704612731933594
2024-11-11,35.7900505065918
2024-11-12,36.0463752746582
2024-11-13,36.19826889038086
2024-11-14,36.26472473144531
2024-11-15,36.0463752746582
2024-11-18,36.112831115722656
2024-11-19,36.14131164550781
2024-11-20,36.14131164550781
2024-11-21,36.66301727294922
2024-11-22,36.76831817626953
2024-11-25,36.73002624511719
2024-11-26,36.75873947143555
2024-11-27,36.892757415771484
2024-11-28,36.99806213378906
2024-11-29,37.12249755859375
2024-12-02,37.07463836669922
2024-12-03,37.084205627441406
2024-12-04,37.084205627441406
2024-12-05,37.14164352416992
2024-12-06,37.179935455322266
2024-12-09,37.084205627441406
2024-12-10,36.94062042236328
2024-12-11,37.17036819458008
2024-12-12,36.79703140258789
2024-12-13,36.63430404663086
2024-12-16,36.47156524658203
2024-12-17,36.46199417114258
2024-12-18,35.63875198364258
2024-12-19,35.4185791015625
2024-12-20,35.6674690246582
2024-12-23,35.89720916748047
2024-12-24,36.01207733154297
2024-12-27,35.96421813964844
2024-12-30,35.70575714111328
2024-12-31,35.86849594116211
2025-01-02,36.08866500854492
2025-01-03,36.34712219238281
2025-01-06,36.270538330078125
2025-01-07,36.16524124145508
2025-01-08,36.4045524597168
2025-01-09,36.42369842529297
2025-01-10,35.90678024291992
2025-01-13,35.64832305908203
2025-01-14,35.677040100097656
2025-01-15,35.99293899536133
2025-01-16,36.098228454589844
2025-01-17,36.452423095703125
2025-01-20,36.54814529418945
2025-01-21,36.75873947143555
2025-01-22,36.76831817626953
2025-01-23,36.98849105834961
2025-01-24,37.045921325683594
2025-01-27,36.97891616821289
2025-01-28,37.18951416015625
2025-01-29,37.27565383911133
2025-01-30,37.744720458984375
2025-01-31,37.37138748168945
2025-02-03,36.91191101074219
2025-02-04,36.86404037475586
2025-02-05,37.266090393066406
2025-02-06,37.22780227661133
2025-02-07,37.084205627441406
2025-02-10,37.40010452270508
2025-02-11,37.43839645385742
2025-02-12,37.28523254394531
2025-02-13,37.5245475769043
2025-02-14,37.208648681640625
2025-02-18,37.45753860473633
2025-02-19,37.38096237182617
2025-02-20,37.22780227661133
2025-02-21,36.749168395996094
2025-02-24,36.749168395996094
2025-02-25,36.86004638671875
2025-02-26,37.02395248413086
2025-02-27,36.763633728027344
2025-02-28,37.207149505615234
2025-03-03,36.66720962524414
2025-03-04,35.98265838623047
2025-03-05,36.387611389160156
2025-03-06,35.992305755615234
2025-03-07,36.262264251708984
2025-03-10,35.77054214477539
2025-03-11,35.462005615234375
2025-03-12,35.69341278076172
2025-03-13,35.336673736572266
2025-03-14,35.9055290222168
2025-03-17,36.20441818237305
2025-03-18,36.079071044921875
2025-03-19,36.61900329589844
2025-03-20,36.590084075927734
2025-03-21,36.4936637878418
2025-03-24,37.02395248413086
2025-03-25,37.05288314819336
2025-03-26,36.79255676269531
2025-03-27,36.79255676269531
2025-03-28,36.20441818237305
2025-03-31,36.51294708251953
2025-04-01,36.66720962524414
2025-04-02,37.08180618286133
2025-04-03,35.68376922607422
2025-04-04,34.083248138427734
2025-04-07,33.601165771484375
2025-04-08,33.08052062988281
2025-04-09,34.78709411621094
2025-04-10,33.774723052978516
2025-04-11,34.584617614746094
2025-04-14,34.96063995361328
2025-04-15,35.2691764831543
2025-04-16,35.24989318847656
2025-04-17,35.40415954589844
2025-04-21,35.17276382446289
2025-04-22,35.69341278076172
2025-04-23,35.9055290222168
2025-04-24,36.27190399169922
2025-04-25,36.27190399169922
2025-04-28,36.426170349121094
2025-04-29,36.57080078125
2025-04-30,36.48402404785156
2025-05-01,36.48402404785156
2025-05-02,36.821475982666016
2025-05-05,36.725067138671875
2025-05-06,36.65757369995117
2025-05-07,36.91790008544922
2025-05-08,37.08180618286133
2025-05-09,37.168582916259766
2025-05-12,37.50604248046875
2025-05-13,37.60245895385742
2025-05-14,37.7374382019043
2025-05-15,38.084537506103516
2025-05-16,38.18095779418945
2025-05-20,38.267730712890625
2025-05-21,37.88206481933594
2025-05-22,37.951969146728516
2025-05-23,37.922847747802734
2025-05-26,38.204402923583984
2025-05-27,38.50537109375
2025-05-28,38.5247917175293
2025-05-29,38.427703857421875
2025-05-30,38.3791618347168
2025-06-02,38.718971252441406
2025-06-03,38.68013381958008
2025-06-04,38.51508331298828
2025-06-05,38.51508331298828
2025-06-06,38.66071319580078
2025-06-09,38.53450393676758
2025-06-10,38.641300201416016
2025-06-11,38.79664611816406
2025-06-12,38.87431335449219
2025-06-13,38.718971252441406
2025-06-16,38.83547592163086
2025-06-17,38.74809646606445
2025-06-18,38.76751708984375
2025-06-19,38.689842224121094
2025-06-20,38.67042922973633
2025-06-23,38.85489273071289
2025-06-24,39.06848907470703
2025-06-25,38.79664611816406
2025-06-26,39.058780670166016
2025-06-27,39.01023483276367
2025-06-30,39.23353958129883
2025-07-02,39.26266860961914
2025-07-03,39.534515380859375
2025-07-04,39.534515380859375
2025-07-07,39.476261138916016
2025-07-08,39.311214447021484
2025-07-09,39.398590087890625
2025-07-10,39.592769622802734
2025-07-11,39.466556549072266
2025-07-14,39.7384033203125
2025-07-15,39.4859733581543
2025-07-16,39.69956588745117
2025-07-17,40.11705017089844
2025-07-18,39.96170425415039
2025-07-21,39.93257522583008
2025-07-22,40.010250091552734
2025-07-23,40.06850051879883
2025-07-24,40.019962310791016
2025-07-25,40.214134216308594
2025-07-28,40.09762954711914
2025-07-29,40.233551025390625
2025-07-30,40.029666900634766
2025-07-31,39.90345001220703
2025-08-01,39.50539016723633
2025-08-05,40.291805267333984
2025-08-06,40.92288589477539
2025-08-07,40.60249328613281
2025-08-08,40.60249328613281
2025-08-11,40.641326904296875
2025-08-12,40.77724838256836
2025-08-13,40.88404846191406
2025-08-14,40.767547607421875
2025-08-15,40.74812316894531
2025-08-18,40.7384147644043
2025-08-19,40.70928955078125
2025-08-20,40.80637741088867
2025-08-21,41.0102653503418
2025-08-22,41.388912200927734
2025-08-25,41.12677001953125
2025-08-26,41.427772521972656
2025-08-27,41.60369110107422
2025-08-28,41.55482482910156
2025-08-29,41.789371490478516
2025-09-02,41.81869888305664
2025-09-03,42.02393341064453
2025-09-04,42.287803649902344
2025-09-05,42.424625396728516
2025-09-08,42.37575912475586
2025-09-09,42.43439483642578
2025-09-10,42.541900634765625
2025-09-11,42.88396072387695
2025-09-12,42.67871856689453
2025-09-15,42.913272857666016
2025-09-16,42.786224365234375
2025-09-17,42.8253173828125
2025-09-18,43.030548095703125
2025-09-19,43.46056365966797
2025-09-22,43.685340881347656
2025-09-23,43.48988342285156
2025-09-24,43.431243896484375
2025-09-25,43.343284606933594
2025-09-26,43.33351135253906
2025-09-29,43.665794372558594
2025-09-30,43.753753662109375
2025-10-01,43.841712951660156
2025-10-02,43.91012191772461
2025-10-03,44.4574089050293
2025-10-06,44.48672866821289
2025-10-07,44.24240493774414
2025-10-08,44.31081771850586
2025-10-09,44.05671691894531
2025-10-10,43.441017150878906
2025-10-14,44.10558319091797
2025-10-15,44.4574089050293
2025-10-16,44.14467239379883
2025-10-17,43.7928466796875
2025-10-20,44.23262405395508
2025-10-21,43.626705169677734
2025-10-22,43.74397659301758
2025-10-23,44.00785446166992
2025-10-24,44.252174377441406
2025-10-27,44.2619514465332
2025-10-28,44.42808532714844
2025-10-29,43.9394416809082
2025-10-30,43.988304138183594
2025-10-31,44.1153564453125
2025-11-03,44.17399597167969
2025-11-04,43.509429931640625
2025-11-05,43.9687614440918
2025-11-06,43.626705169677734
2025-11-07,43.65602111816406
2025-11-10,44.203311920166016
2025-11-11,44.40854263305664
2025-11-12,44.94606018066406
2025-11-13,44.15444564819336
2025-11-14,44.281494140625
2025-11-17,43.91012191772461
2025-11-18,43.87102508544922
2025-11-19,44.146514892578125
2025-11-20,43.79231643676758
2025-11-21,44.10716247558594
2025-11-24,44.63845443725586
2025-11-25,45.12055206298828
2025-11-26,45.47475051879883
2025-11-27,45.514102935791016
2025-11-28,45.68136215209961
2025-12-01,45.25829315185547
2025-12-02,45.25829315185547
2025-12-03,45.4255485534668
2025-12-04,45.90765380859375
2025-12-05,45.67152404785156
2025-12-08,45.40587615966797
2025-12-09,45.464908599853516
2025-12-10,45.81909942626953
2025-12-11,46.04539489746094
2025-12-12,45.94700622558594
2025-12-15,45.8978157043457
2025-12-16,45.56329345703125
2025-12-17,45.56329345703125
2025-12-18,45.91748809814453
2025-12-19,46.301204681396484
2025-12-22,46.52749252319336
2025-12-23,46.61604309082031
2025-12-24,46.59636688232422
2025-12-29,46.507816314697266
2025-12-30,46.458621978759766
2025-12-31,46.23233413696289
2026-01-02,46.488136291503906
2026-01-05,46.94072341918945
2026-01-06,47.13749694824219
2026-01-07,46.72426986694336
2026-01-08,47.147335052490234
2026-01-09,47.442501068115234
2026-01-12,47.698307037353516
2026-01-13,47.727821350097656
2026-01-14,47.74749755859375
2026-01-15,47.9049186706543
2026-01-16,47.8557243347168
2026-01-19,47.865570068359375
2026-01-20,47.18668746948242
2026-01-21,47.35395050048828
2026-01-22,47.472015380859375
2026-01-23,47.599918365478516
2026-01-26,47.57040023803711
2026-01-27,47.48185348510742
2026-01-28,47.52120590209961
2026-01-29,47.48185348510742
2026-01-30,46.14378356933594
2026-02-02,46.56685256958008
2026-02-03,46.64555740356445
2026-02-04,46.9013671875
2026-02-05,46.330718994140625
2026-02-06,46.88168716430664
2026-02-09,47.619598388671875
2026-02-10,47.99346923828125
2026-02-11,47.865570068359375
2026-02-12,47.019432067871094
2026-02-13,47.74749755859375
2026-02-17,47.599918365478516
2026-02-18,48.288631439208984
2026-02-19,48.50508499145508
2026-02-20,48.77073287963867
2026-02-23,48.61330795288086
2026-02-24,48.798336029052734
2026-02-25,49.10505676269531
2026-02-26,49.500823974609375
2026-02-27,49.184207916259766
2026-03-02,49.5305061340332
2026-03-03,48.6400260925293
2026-03-04,48.89727783203125
2026-03-05,48.531192779541016
2026-03-06,47.76933288574219
2026-03-09,47.94742965698242
2026-03-10,48.03647994995117
2026-03-11,47.85837936401367
2026-03-12,47.521976470947266
2026-03-13,47.195472717285156
2026-03-16,47.759437561035156
2026-03-17,47.85837936401367
2026-03-18,47.03716278076172
2026-03-19,46.52265930175781
2026-03-20,45.74101638793945
2026-03-23,46.55234146118164
2026-03-24,46.5721321105957
2026-03-25,47.16578674316406
2026-03-26,46.55234146118164
2026-03-27,46.542449951171875
2026-03-30,46.5721321105957
2026-03-31,47.64071273803711
2026-04-01,47.86827850341797
2026-04-02,48.11563491821289
2026-04-06,48.22446823120117
2026-04-07,48.33330535888672
2026-04-08,48.88738250732422
2026-04-09,48.6400260925293
2026-04-10,48.956642150878906
2026-04-13,49.223785400390625
2026-04-14,49.52061080932617
2026-04-15,49.68881607055664
2026-04-16,49.540401458740234
2026-04-17,49.95595932006836
2026-04-20,49.975746154785156
2026-04-21,49.352413177490234
2026-04-22,49.461246490478516
2026-04-23,49.47114181518555
2026-04-24,49.44145965576172
2026-04-27,49.28315353393555
2026-04-28,49.05558395385742
2026-04-29,48.659812927246094
2026-04-30,49.65913009643555
2026-05-01,49.52061080932617
2026-05-04,49.21389389038086
2026-05-05,49.07537078857422
2026-05-06,49.461246490478516
2026-05-07,49.20399856567383
2026-05-08,49.56018829345703
2026-05-11,49.5305061340332
2026-05-12,49.728389739990234
2026-05-13,49.32272720336914
2026-05-14,49.77786636352539
2026-05-15,49.29304504394531
2026-05-19,49.411773681640625
2026-05-20,50.04500961303711
2026-05-21,50.45485305786133
2026-05-22,50.5145378112793
2026-05-25,50.98208236694336
2026-05-26,50.62396240234375
2026-05-27,50.37527084350586
2026-05-28,50.38521957397461
2026-05-29,50.594120025634766
2026-06-01,50.69359588623047
2026-06-02,51.37004089355469
2026-06-03,50.922393798828125
2026-06-04,51.578941345214844
2026-06-05,50.584171295166016
2026-06-08,50.71349334716797
2026-06-09,50.70354461669922
2026-06-10,50.45485305786133
2026-06-11,51.16114044189453
2026-06-12,51.47946548461914
2026-06-15,51.83758544921875
2026-06-16,51.99674987792969
2026-06-17,51.67842102050781
2026-06-18,51.459571838378906
2026-06-19,51.290462493896484
2026-06-22,51.56899642944336
2026-06-23,51.64857864379883
2026-06-24,51.469520568847656
2026-06-25,51.63862991333008
2026-06-26,51.68836975097656
2026-06-29,51.47946548461914
2026-06-30,51.539154052734375
2026-07-02,51.67842102050781
2026-07-03,52.00669479370117
2026-07-06,52.00669479370117
2026-07-07,52.28523254394531
2026-07-08,51.78784942626953
2026-07-09,52.14596176147461
2026-07-10,52.41455078125
2026-07-13,52.46429443359375
2026-07-14,52.51403045654297
2026-07-15,52.693092346191406
2026-07-16,52.70303726196289
2026-07-17,52.5538215637207
2026-07-20,52.02659225463867
2026-07-21,52.474239349365234
2026-07-22,52.5538215637207
2026-07-23,52.155914306640625
2026-07-24,52.46429443359375
2026-07-27,52.87215042114258
2026-07-28,53.28995132446289
2026-07-29,52.63340377807617
2026-07-30,52.86220169067383
2026-07-31,52.48418426513672
2026-08-04,53.13079071044922
2026-08-05,53.658016204833984
2026-08-06,53.677913665771484
2026-08-07,53.856971740722656
2026-08-10,53.98629379272461
2026-08-11,53.996238708496094
2026-08-12,54.294673919677734
2026-08-13,54.59310531616211
2026-08-14,54.533416748046875
2026-08-17,54.39414978027344
2026-08-18,53.996238708496094
2026-08-19,53.83707809448242
2026-08-20,53.69780731201172
2026-08-21,54.07582473754883
2026-08-24,54.18524932861328
2026-08-25,54.61300277709961
2026-08-26,54.40999984741211
2026-08-27,54.33000183105469
2026-08-28,54.04999923706055
2026-08-31,53.650001525878906
2026-09-01,53.130001068115234
2026-09-02,53.470001220703125
2026-09-03,54.310001373291016
2026-09-04,54.11000061035156
2026-09-08,53.43000030517578
2026-09-09,53.0
2026-09-10,52.560001373291016
2026-09-11,52.91999816894531
2026-09-14,53.029998779296875
2026-09-15,52.90999984741211
2026-09-16,52.79999923706055
2026-09-17,53.22999954223633
2026-09-18,53.040000915527344
2026-09-21,53.40999984741211
2026-09-22,53.779998779296875
2026-09-23,52.95000076293945
2026-09-24,52.95000076293945
2026-09-25,53.08000183105469
