Date,Close
2005-01-04,7.2006326
2005-01-05,7.1043606
2005-01-06,7.14117
2005-01-07,7.0774646
2005-01-10,7.0916195
2005-01-11,7.0972819
2005-01-12,7.0916195
2005-01-13,7.0788794
2005-01-14,7.122767
2005-01-17,7.1071935
2005-01-18,7.1567445
2005-01-19,7.1355076
2005-01-20,7.119935
2005-01-21,7.1114421
2005-01-24,7.1015306
2005-01-25,7.1609912
2005-01-26,7.1793985
2005-01-27,7.1907187
2005-01-28,7.1496673
2005-01-31,7.1992183
2005-02-01,7.260097
2005-02-02,7.2742534
2005-02-03,7.2671728
2005-02-04,7.3054004
2005-02-07,7.3450418
2005-02-08,7.3153071
2005-02-09,7.3450418
2005-02-10,7.4285712
2005-02-11,7.4809561
2005-02-14,7.4993615
2005-02-15,7.496532
2005-02-16,7.5659032
2005-02-17,7.5290928
2005-02-18,7.5659032
2005-02-21,7.5843086
2005-02-22,7.546083
2005-02-23,7.5899725
2005-02-24,7.5786481
2005-02-25,7.6494331
2005-02-28,7.5729842
2005-03-01,7.6168714
2005-03-02,7.6890745
2005-03-03,7.7372108
2005-03-04,7.7995076
2005-03-07,7.7513657
2005-03-08,7.7697778
2005-03-09,7.6805816
2005-03-10,7.5928054
2005-03-11,7.5899725
2005-03-14,7.6239486
2005-03-15,7.6168714
2005-03-16,7.6182876
2005-03-17,7.6805816
2005-03-18,7.6805816
2005-03-21,7.6267819
2005-03-22,7.5984664
2005-03-23,7.5220122
2005-03-24,7.5050249
2005-03-28,7.4770241
2005-03-29,7.4116344
2005-03-30,7.4983473
2005-03-31,7.6134806
2005-04-01,7.6362295
2005-04-04,7.6333857
2005-04-05,7.6134806
2005-04-06,7.6646552
2005-04-07,7.6163301
2005-04-08,7.622015
2005-04-11,7.6433296
2005-04-12,7.6319633
2005-04-13,7.5509419
2005-04-14,7.4699168
2005-04-15,7.3505087
2005-04-18,7.3988385
2005-04-19,7.4599652
2005-04-20,7.4073701
2005-04-21,7.4542785
2005-04-22,7.43011
2005-04-25,7.4784446
2005-04-26,7.4642229
2005-04-27,7.4130554
2005-04-28,7.3633046
2005-04-29,7.4414878
2005-05-02,7.509717
2005-05-03,7.4542785
2005-05-04,7.5466757
2005-05-05,7.5395679
2005-05-06,7.5921636
2005-05-09,7.6177502
2005-05-10,7.5907412
2005-05-11,7.5594683
2005-05-12,7.4684901
2005-05-13,7.4272714
2005-05-16,7.4471712
2005-05-17,7.5054541
2005-05-18,7.5338807
2005-05-19,7.5779481
2005-05-20,7.5594683
2005-05-24,7.619175
2005-05-25,7.6035366
2005-05-26,7.6476007
2005-05-27,7.6916695
2005-05-30,7.7257819
2005-05-31,7.6959319
2005-06-01,7.7044592
2005-06-02,7.6817164
2005-06-03,7.7257819
2005-06-06,7.7215166
2005-06-07,7.7158322
2005-06-08,7.7584791
2005-06-09,7.8195982
2005-06-10,7.8366599
2005-06-13,7.8778806
2005-06-14,7.8721981
2005-06-15,7.9006276
2005-06-16,7.9859161
2005-06-17,7.974545
2005-06-20,8.0257158
2005-06-21,7.9788065
2005-06-22,8.0811529
2005-06-23,8.0314007
2005-06-24,8.0299807
2005-06-27,8.0356884
2005-06-28,8.06709
2005-06-29,8.06709
2005-06-30,7.9500499
2005-07-04,7.9714584
2005-07-05,8.0856476
2005-07-06,8.1213284
2005-07-07,8.135601
2005-07-08,8.1812735
2005-07-11,8.221241
2005-07-12,8.221241
2005-07-13,8.1969728
2005-07-14,8.1370296
2005-07-15,8.161293
2005-07-18,8.1669998
2005-07-19,8.2554941
2005-07-20,8.3011703
2005-07-21,8.2926016
2005-07-22,8.3354197
2005-07-25,8.3354197
2005-07-26,8.3539724
2005-07-27,8.4624538
2005-07-28,8.4767246
2005-07-29,8.3782415
2005-08-02,8.5366716
2005-08-03,8.509552
2005-08-04,8.5238256
2005-08-05,8.4681616
2005-08-08,8.5438099
2005-08-09,8.5409536
2005-08-10,8.5894823
2005-08-11,8.6094637
2005-08-12,8.603755
2005-08-15,8.5752125
2005-08-16,8.4810057
2005-08-17,8.4524632
2005-08-18,8.3796663
2005-08-19,8.4695883
2005-08-22,8.4767246
2005-08-23,8.4182072
2005-08-24,8.4624538
2005-08-25,8.5009871
2005-08-26,8.4253435
2005-08-29,8.492424
2005-08-30,8.5238256
2005-08-31,8.599474
2005-09-01,8.719368
2005-09-02,8.6822557
2005-09-06,8.6993856
2005-09-07,8.6979589
2005-09-08,8.6594181
2005-09-09,8.7550478
2005-09-12,8.7564764
2005-09-13,8.719368
2005-09-14,8.7807398
2005-09-15,8.8135662
2005-09-16,8.8149939
2005-09-19,8.8934984
2005-09-20,8.8135662
2005-09-21,8.8706589
2005-09-22,8.7950115
2005-09-23,8.8149939
2005-09-26,8.934886
2005-09-27,8.9930668
2005-09-28,8.9457798
2005-09-29,8.9056568
2005-09-30,8.9128227
2005-10-03,8.9515114
2005-10-04,8.8741322
2005-10-05,8.6835556
2005-10-06,8.5144653
2005-10-07,8.5832491
2005-10-11,8.5904112
2005-10-12,8.4829426
2005-10-13,8.4456863
2005-10-14,8.5044374
2005-10-17,8.5402584
2005-10-18,8.3683043
2005-10-19,8.4743481
2005-10-20,8.2780352
2005-10-21,8.3396492
2005-10-24,8.4413862
2005-10-25,8.4026957
2005-10-26,8.3167219
2005-10-27,8.2966585
2005-10-28,8.3611431
2005-10-31,8.4399567
2005-11-01,8.4227571
2005-11-02,8.5832491
2005-11-03,8.6548977
2005-11-04,8.6692276
2005-11-07,8.6534624
2005-11-08,8.6047392
2005-11-09,8.6434307
2005-11-10,8.576086
2005-11-11,8.6620579
2005-11-14,8.6735201
2005-11-15,8.6477299
2005-11-16,8.7122135
2005-11-17,8.7337065
2005-11-18,8.7265396
2005-11-21,8.7838583
2005-11-22,8.8440428
2005-11-23,8.8769979
2005-11-24,9.020299
2005-11-25,8.9701357
2005-11-28,8.9128227
2005-11-29,8.8956261
2005-11-30,8.7981873
2005-12-01,8.9314489
2005-12-02,8.9572392
2005-12-05,8.9343138
2005-12-06,9.0159903
2005-12-07,9.0360556
2005-12-08,9.0704451
2005-12-09,9.0417833
2005-12-12,9.0317535
2005-12-13,9.0618467
2005-12-14,9.0346165
2005-12-15,8.9987946
2005-12-16,9.0632782
2005-12-19,9.0704451
2005-12-20,9.1162939
2005-12-21,9.1506882
2005-12-22,9.1779137
2005-12-23,9.1609411
2005-12-28,9.1753263
2005-12-29,9.1853924
2005-12-30,9.1451197
2006-01-03,9.3090925
2006-01-04,9.3565588
2006-01-05,9.3464909
2006-01-06,9.4486151
2006-01-09,9.4054623
2006-01-10,9.4155321
2006-01-11,9.4184065
2006-01-12,9.3968296
2006-01-13,9.4054623
2006-01-16,9.4860106
2006-01-17,9.47019
2006-01-18,9.3536816
2006-01-19,9.4673157
2006-01-20,9.4040232
2006-01-23,9.5176573
2006-01-24,9.5061474
2006-01-25,9.4514894
2006-01-26,9.5262852
2006-01-27,9.6370354
2006-01-30,9.7089577
2006-01-31,9.7175894
2006-02-01,9.7147102
2006-02-02,9.6729965
2006-02-03,9.6744375
2006-02-06,9.7952585
2006-02-07,9.5838203
2006-02-08,9.5277224
2006-02-09,9.5032701
2006-02-10,9.4586802
2006-02-13,9.3925152
2006-02-14,9.4773817
2006-02-15,9.435667
2006-02-16,9.5507364
2006-02-17,9.6053934
2006-02-20,9.6988869
2006-02-21,9.6240931
2006-02-22,9.6154661
2006-02-23,9.5651188
2006-02-24,9.6169033
2006-02-27,9.5593681
2006-02-28,9.5507364
2006-03-01,9.6226568
2006-03-02,9.6945734
2006-03-03,9.7708054
2006-03-06,9.6960106
2006-03-07,9.6269693
2006-03-08,9.569437
2006-03-09,9.6082716
2006-03-10,9.6658087
2006-03-13,9.7204628
2006-03-14,9.7765579
2006-03-15,9.8499203
2006-03-16,9.880126
2006-03-17,9.8096437
2006-03-20,9.7492332
2006-03-21,9.7664938
2006-03-22,9.7779999
2006-03-23,9.824028
2006-03-24,9.9074497
2006-03-27,9.832655
2006-03-28,9.8030653
2006-03-29,9.9604111
2006-03-30,9.9604111
2006-03-31,9.8636951
2006-04-03,9.9762926
2006-04-04,9.9430838
2006-04-05,10.049912
2006-04-06,10.078779
2006-04-07,9.9878387
2006-04-10,10.023927
2006-04-11,9.925766
2006-04-12,9.9084415
2006-04-13,9.9791775
2006-04-17,10.018152
2006-04-18,10.148067
2006-04-19,10.163952
2006-04-20,10.022478
2006-04-21,10.124969
2006-04-24,10.044134
2006-04-25,10.029701
2006-04-26,10.036918
2006-04-27,9.9387569
2006-04-28,9.9228764
2006-05-01,9.9488649
2006-05-02,9.9777336
2006-05-03,9.9214334
2006-05-04,9.8622456
2006-05-05,9.9993782
2006-05-08,10.005154
2006-05-09,10.016707
2006-05-10,10.021038
2006-05-11,9.8680229
2006-05-12,9.8088379
2006-05-15,9.6500473
2006-05-16,9.652936
2006-05-17,9.5085831
2006-05-18,9.4176378
2006-05-19,9.4493999
2006-05-23,9.3902149
2006-05-24,9.3050461
2006-05-25,9.5157995
2006-05-26,9.5995235
2006-05-29,9.6702604
2006-05-30,9.5172386
2006-05-31,9.605299
2006-06-01,9.6644859
2006-06-02,9.6933565
2006-06-05,9.5100222
2006-06-06,9.5056973
2006-06-07,9.3570156
2006-06-08,9.3238115
2006-06-09,9.2689543
2006-06-12,9.1303768
2006-06-13,8.9239473
2006-06-14,8.9874649
2006-06-15,9.1823435
2006-06-16,9.1707945
2006-06-19,9.0047903
2006-06-20,9.0134535
2006-06-21,9.0913992
2006-06-22,9.1202717
2006-06-23,9.1953344
2006-06-26,9.3050461
2006-06-27,9.2332926
2006-06-28,9.2695322
2006-06-29,9.4391222
2006-06-30,9.5449362
2006-07-04,9.6087112
2006-07-05,9.5173969
2006-07-06,9.4985514
2006-07-07,9.5405855
2006-07-10,9.5985661
2006-07-11,9.7203217
2006-07-12,9.6782885
2006-07-13,9.5188465
2006-07-14,9.5463858
2006-07-17,9.4231777
2006-07-18,9.4289761
2006-07-19,9.5768223
2006-07-20,9.4550667
2006-07-21,9.4072313
2006-07-24,9.5956678
2006-07-25,9.6942348
2006-07-26,9.7797508
2006-07-27,9.6797342
2006-07-28,9.7507648
2006-07-31,9.7246704
2006-08-01,9.7841005
2006-08-02,9.8377352
2006-08-03,9.8203373
2006-08-04,9.8058453
2006-08-08,9.8609257
2006-08-09,9.9000645
2006-08-10,9.8638268
2006-08-11,9.8507767
2006-08-14,9.7638102
2006-08-15,9.8971605
2006-08-16,9.937748
2006-08-17,9.9754391
2006-08-18,9.9594889
2006-08-21,10.046458
2006-08-22,10.10879
2006-08-23,10.095743
2006-08-24,10.021817
2006-08-25,10.016021
2006-08-28,10.065305
2006-08-29,9.9493456
2006-08-30,9.9565907
2006-08-31,9.94065
2006-09-01,10.010226
2006-09-05,10.056606
2006-09-06,9.8652735
2006-09-07,9.78265
2006-09-08,9.7536602
2006-09-11,9.6188641
2006-09-12,9.6521997
2006-09-13,9.7203217
2006-09-14,9.6058111
2006-09-15,9.6246595
2006-09-18,9.7391663
2006-09-19,9.6985826
2006-09-20,9.6739388
2006-09-21,9.6710472
2006-09-22,9.6188641
2006-09-25,9.6579952
2006-09-26,9.7009439
2006-09-27,9.8057756
2006-09-28,9.8771133
2006-09-29,9.8392582
2006-10-02,9.8625565
2006-10-03,9.6660032
2006-10-04,9.7620974
2006-10-05,9.8378029
2006-10-06,9.7999516
2006-10-10,9.8319807
2006-10-11,9.6936684
2006-10-12,9.7693748
2006-10-13,9.9309807
2006-10-16,10.041639
2006-10-17,9.9804897
2006-10-18,9.9353514
2006-10-19,10.025625
2006-10-20,9.9921341
2006-10-23,10.059103
2006-10-24,10.134815
2006-10-25,10.249837
2006-10-26,10.262942
2006-10-27,10.19888
2006-10-30,10.19451
2006-10-31,10.274586
2006-11-01,10.117347
2006-11-02,10.245465
2006-11-03,10.316813
2006-11-06,10.373594
2006-11-07,10.359034
2006-11-08,10.446388
2006-11-09,10.475509
2006-11-10,10.414355
2006-11-13,10.415812
2006-11-14,10.389609
2006-11-15,10.495893
2006-11-16,10.440565
2006-11-17,10.443474
2006-11-20,10.482789
2006-11-21,10.622557
2006-11-22,10.583247
2006-11-23,10.679338
2006-11-24,10.632751
2006-11-27,10.55267
2006-11-28,10.55704
2006-11-29,10.656049
2006-11-30,10.721559
2006-12-01,10.734666
2006-12-04,10.807463
2006-12-05,10.858422
2006-12-06,10.861327
2006-12-07,10.871524
2006-12-08,10.858422
2006-12-11,10.842402
2006-12-12,10.845322
2006-12-13,10.891908
2006-12-14,10.963251
2006-12-15,10.856963
2006-12-18,10.756504
2006-12-19,10.749223
2006-12-20,10.762328
2006-12-21,10.730295
2006-12-22,10.705
2006-12-27,10.852686
2006-12-28,10.905329
2006-12-29,10.893625
2007-01-02,10.921415
2007-01-03,10.750328
2007-01-04,10.630424
2007-01-05,10.571938
2007-01-08,10.6392
2007-01-09,10.548543
2007-01-10,10.542693
2007-01-11,10.56755
2007-01-12,10.710848
2007-01-15,10.754723
2007-01-16,10.729858
2007-01-17,10.734249
2007-01-18,10.623118
2007-01-19,10.718157
2007-01-22,10.688914
2007-01-23,10.873158
2007-01-24,10.959428
2007-01-25,10.887776
2007-01-26,10.931646
2007-01-29,10.898017
2007-01-30,10.972589
2007-01-31,10.981364
2007-02-01,11.088101
2007-02-02,11.041313
2007-02-05,11.085179
2007-02-06,11.098342
2007-02-07,11.051551
2007-02-08,11.086648
2007-02-09,10.993063
2007-02-12,10.959428
2007-02-13,11.083716
2007-02-14,11.110044
2007-02-15,11.171456
2007-02-16,11.197774
2007-02-19,11.158296
2007-02-20,11.197774
2007-02-21,11.203619
2007-02-22,11.168525
2007-02-23,11.18608
2007-02-26,11.241643
2007-02-27,10.937492
2007-02-28,10.955048
2007-03-01,10.864382
2007-03-02,10.778115
2007-03-05,10.672835
2007-03-06,10.810284
2007-03-07,10.880468
2007-03-08,10.949191
2007-03-09,10.971129
2007-03-12,10.990136
2007-03-13,10.763487
2007-03-14,10.798581
2007-03-15,10.838067
2007-03-16,10.786884
2007-03-19,10.962351
2007-03-20,10.930186
2007-03-21,11.088101
2007-03-22,11.038397
2007-03-23,11.134898
2007-03-26,11.187534
2007-03-27,11.122924
2007-03-28,11.102359
2007-03-29,11.152289
2007-03-30,11.087671
2007-04-02,11.164047
2007-04-03,11.266841
2007-04-04,11.322648
2007-04-05,11.30943
2007-04-09,11.356423
2007-04-10,11.30943
2007-04-11,11.297682
2007-04-12,11.369636
2007-04-13,11.437195
2007-04-16,11.506218
2007-04-17,11.500341
2007-04-18,11.553211
2007-04-19,11.425442
2007-04-20,11.476845
2007-04-23,11.4695
2007-04-24,11.460689
2007-04-25,11.531181
2007-04-26,11.457757
2007-04-27,11.463627
2007-04-30,11.277122
2007-05-01,11.258028
2007-05-02,11.4137
2007-05-03,11.476845
2007-05-04,11.579646
2007-05-07,11.660419
2007-05-08,11.711814
2007-05-09,11.667756
2007-05-10,11.642795
2007-05-11,11.788179
2007-05-14,11.707411
2007-05-15,11.719159
2007-05-16,11.826365
2007-05-17,11.889514
2007-05-18,11.895386
2007-05-22,11.883638
2007-05-23,11.926227
2007-05-24,11.767623
2007-05-25,11.864548
2007-05-28,11.876292
2007-05-29,11.817551
2007-05-30,11.945318
2007-05-31,11.880702
2007-06-01,11.939443
2007-06-04,11.929166
2007-06-05,11.94385
2007-06-06,11.749996
2007-06-07,11.557613
2007-06-08,11.66482
2007-06-11,11.691257
2007-06-12,11.60755
2007-06-13,11.754401
2007-06-14,11.867485
2007-06-15,11.989369
2007-06-18,12.026087
2007-06-19,11.967344
2007-06-20,11.854266
2007-06-21,11.970283
2007-06-22,11.860141
2007-06-25,11.733848
2007-06-26,11.580571
2007-06-27,11.648426
2007-06-28,11.639577
2007-06-29,11.82693
2007-07-03,11.940525
2007-07-04,11.928727
2007-07-05,11.934625
2007-07-06,11.953804
2007-07-09,12.006912
2007-07-10,11.986255
2007-07-11,12.006912
2007-07-12,12.185411
2007-07-13,12.315236
2007-07-16,12.18689
2007-07-17,12.23852
2007-07-18,12.394894
2007-07-19,12.446531
2007-07-20,12.424398
2007-07-23,12.344738
2007-07-24,11.987732
2007-07-25,12.048214
2007-07-26,11.849062
2007-07-27,11.729564
2007-07-30,11.853485
2007-07-31,11.86234
2007-08-01,11.673507
2007-08-02,11.800379
2007-08-03,11.607121
2007-08-07,11.562863
2007-08-08,11.769397
2007-08-09,11.492052
2007-08-10,11.487631
2007-08-13,11.466979
2007-08-14,11.306175
2007-08-15,11.17488
2007-08-16,11.065708
2007-08-17,11.227987
2007-08-20,11.260442
2007-08-21,11.438946
2007-08-22,11.610071
2007-08-23,11.574671
2007-08-24,11.672032
2007-08-27,11.6027
2007-08-28,11.402066
2007-08-29,11.587943
2007-08-30,11.595323
2007-08-31,11.757594
2007-09-04,11.850533
2007-09-05,11.7812
2007-09-06,11.872665
2007-09-07,11.76497
2007-09-10,11.725143
2007-09-11,11.810702
2007-09-12,11.853485
2007-09-13,11.928727
2007-09-14,11.928727
2007-09-17,11.902168
2007-09-18,12.082149
2007-09-19,12.001005
2007-09-20,11.897746
2007-09-21,12.008389
2007-09-24,12.008389
2007-09-25,12.063519
2007-09-26,12.112434
2007-09-27,12.188025
2007-09-28,12.130218
2007-10-01,12.241385
2007-10-02,12.183582
2007-10-03,12.099098
2007-10-04,12.180616
2007-10-05,12.269544
2007-10-09,12.290298
2007-10-10,12.309566
2007-10-11,12.250278
2007-10-12,12.336247
2007-10-15,12.24731
2007-10-16,12.176167
2007-10-17,12.259174
2007-10-18,12.346618
2007-10-19,12.063519
2007-10-22,12.103537
2007-10-23,12.1406
2007-10-24,12.149488
2007-10-25,12.17765
2007-10-26,12.346618
2007-10-29,12.466679
2007-10-30,12.35107
2007-10-31,12.620825
2007-11-01,12.377741
2007-11-02,12.410353
2007-11-05,12.314013
2007-11-06,12.46223
2007-11-07,12.242866
2007-11-08,12.25769
2007-11-09,12.002754
2007-11-12,11.746329
2007-11-13,11.863429
2007-11-14,11.925675
2007-11-15,11.709283
2007-11-16,11.707801
2007-11-19,11.550686
2007-11-20,11.713728
2007-11-21,11.544761
2007-11-22,11.611451
2007-11-23,11.6826
2007-11-26,11.537345
2007-11-27,11.615905
2007-11-28,11.879735
2007-11-29,11.879735
2007-11-30,11.943468
2007-12-03,11.858981
2007-12-04,11.802654
2007-12-05,11.958288
2007-12-06,12.026467
2007-12-07,12.027949
2007-12-10,12.112434
2007-12-11,11.903447
2007-12-12,11.990894
2007-12-13,11.939017
2007-12-14,11.890109
2007-12-17,11.675186
2007-12-18,11.685567
2007-12-19,11.698903
2007-12-20,11.725584
2007-12-21,11.857495
2007-12-24,11.953117
2007-12-27,11.921848
2007-12-28,12.085688
2007-12-31,12.07377
2008-01-02,12.173565
2008-01-03,12.221232
2008-01-04,12.060366
2008-01-07,11.911421
2008-01-08,11.832479
2008-01-09,11.975466
2008-01-10,11.971002
2008-01-11,11.924822
2008-01-14,12.01717
2008-01-15,11.707358
2008-01-16,11.458614
2008-01-17,11.17859
2008-01-18,11.163694
2008-01-21,10.620035
2008-01-22,11.092199
2008-01-23,11.154759
2008-01-24,11.333497
2008-01-25,11.320094
2008-01-28,11.382645
2008-01-29,11.460103
2008-01-30,11.416908
2008-01-31,11.52862
2008-02-01,11.629907
2008-02-04,11.588197
2008-02-05,11.334985
2008-02-06,11.290304
2008-02-07,11.29477
2008-02-08,11.375204
2008-02-11,11.497346
2008-02-12,11.458614
2008-02-13,11.63586
2008-02-14,11.559897
2008-02-15,11.559897
2008-02-19,11.753533
2008-02-20,11.91291
2008-02-21,11.866731
2008-02-22,11.947165
2008-02-25,12.032063
2008-02-26,12.102072
2008-02-27,12.12591
2008-02-28,12.198883
2008-02-29,11.915889
2008-03-03,11.900994
2008-03-04,11.871197
2008-03-05,11.987378
2008-03-06,11.722255
2008-03-07,11.67608
2008-03-10,11.469039
2008-03-11,11.804173
2008-03-12,11.752041
2008-03-13,11.848861
2008-03-14,11.711823
2008-03-17,11.418395
2008-03-18,11.604586
2008-03-19,11.218808
2008-03-20,11.272429
2008-03-24,11.469039
2008-03-25,11.766942
2008-03-26,11.789989
2008-03-27,11.779512
2008-03-28,11.67472
2008-03-31,11.752563
2008-04-01,11.870834
2008-04-02,11.926234
2008-04-03,11.954673
2008-04-04,12.086427
2008-04-07,12.125353
2008-04-08,12.149307
2008-04-09,12.170267
2008-04-10,12.296026
2008-04-11,12.107388
2008-04-14,12.135831
2008-04-15,12.249619
2008-04-16,12.513112
2008-04-17,12.526583
2008-04-18,12.652349
2008-04-21,12.755653
2008-04-22,12.761638
2008-04-23,12.602943
2008-04-24,12.465203
2008-04-25,12.58647
2008-04-28,12.550542
2008-04-29,12.291534
2008-04-30,12.448738
2008-05-01,12.526583
2008-05-02,12.7272
2008-05-05,12.713735
2008-05-06,12.873919
2008-05-07,12.826015
2008-05-08,13.079032
2008-05-09,13.001182
2008-05-12,13.13442
2008-05-13,13.080527
2008-05-14,13.113465
2008-05-15,13.324565
2008-05-16,13.466793
2008-05-20,13.568597
2008-05-21,13.294619
2008-05-22,13.296116
2008-05-23,13.248207
2008-05-26,13.276652
2008-05-27,13.056578
2008-05-28,13.221262
2008-05-29,13.098495
2008-05-30,13.251203
2008-06-02,13.309588
2008-06-03,13.246714
2008-06-04,13.218269
2008-06-05,13.492247
2008-06-06,13.459308
2008-06-09,13.477272
2008-06-10,13.246714
2008-06-11,13.267669
2008-06-12,13.125444
2008-06-13,13.308098
2008-06-16,13.439843
2008-06-17,13.571594
2008-06-18,13.595541
2008-06-19,13.335041
2008-06-20,13.135923
2008-06-23,13.233237
2008-06-24,12.951775
2008-06-25,13.019686
2008-06-26,12.894711
2008-06-27,12.926335
2008-06-30,12.973011
2008-07-02,12.638745
2008-07-03,12.760706
2008-07-04,12.632717
2008-07-07,12.459566
2008-07-08,12.580024
2008-07-09,12.301468
2008-07-10,12.444511
2008-07-11,12.414396
2008-07-14,12.399335
2008-07-15,12.043993
2008-07-16,12.233714
2008-07-17,12.190042
2008-07-18,12.233714
2008-07-21,12.370733
2008-07-22,12.358685
2008-07-23,12.256296
2008-07-24,11.917521
2008-07-25,12.128311
2008-07-28,12.015391
2008-07-29,12.098204
2008-07-30,12.400845
2008-07-31,12.313513
2008-08-01,12.187036
2008-08-05,11.985267
2008-08-06,12.190042
2008-08-07,12.057551
2008-08-08,12.069595
2008-08-11,11.979252
2008-08-12,11.961186
2008-08-13,12.159934
2008-08-14,12.069595
2008-08-15,11.852776
2008-08-18,11.834705
2008-08-19,11.864821
2008-08-20,12.135846
2008-08-21,12.23823
2008-08-22,12.196073
2008-08-25,12.045501
2008-08-26,12.045501
2008-08-27,12.262319
2008-08-28,12.436979
2008-08-29,12.436979
2008-09-02,12.057551
2008-09-03,11.888915
2008-09-04,11.575727
2008-09-05,11.64198
2008-09-08,11.485386
2008-09-09,11.021634
2008-09-10,11.310726
2008-09-11,11.461295
2008-09-12,11.64198
2008-09-15,11.142088
2008-09-16,11.190271
2008-09-17,10.804814
2008-09-18,11.130041
2008-09-19,11.732318
2008-09-22,11.551639
2008-09-23,11.425155
2008-09-24,11.425155
2008-09-25,11.449416
2008-09-26,11.079495
2008-09-29,10.42455
2008-09-30,10.897567
2008-10-01,10.715635
2008-10-02,9.9697237
2008-10-03,9.8787651
2008-10-06,9.5148973
2008-10-07,9.0358219
2008-10-08,9.2177467
2008-10-09,8.8538914
2008-10-10,8.4900312
2008-10-14,9.1934919
2008-10-15,8.4900312
2008-10-16,8.5567408
2008-10-17,8.7507963
2008-10-20,9.3754196
2008-10-21,9.0176258
2008-10-22,8.544611
2008-10-23,8.5688705
2008-10-24,8.544611
2008-10-27,7.8714724
2008-10-28,8.5203533
2008-10-29,8.7326059
2008-10-30,9.108593
2008-10-31,9.0418835
2008-11-03,8.9691114
2008-11-04,9.3632917
2008-11-05,9.0479498
2008-11-06,8.7993126
2008-11-07,8.8599539
2008-11-10,8.9145336
2008-11-11,8.7326059
2008-11-12,8.2231989
2008-11-13,8.6113214
2008-11-14,8.3323622
2008-11-17,8.0837278
2008-11-18,8.1443691
2008-11-19,7.8350868
2008-11-20,7.2165275
2008-11-21,7.5379357
2008-11-24,7.8836031
2008-11-25,7.8593454
2008-11-26,8.0230818
2008-11-27,8.1261711
2008-11-28,8.4597149
2008-12-01,7.7683835
2008-12-02,7.7441211
2008-12-03,7.7077389
2008-12-04,7.4954872
2008-12-05,7.5803876
2008-12-08,8.0048857
2008-12-09,7.8229594
2008-12-10,8.0352116
2008-12-11,7.774446
2008-12-12,7.7623153
2008-12-15,7.8654099
2008-12-16,8.1383038
2008-12-17,8.0594683
2008-12-18,7.8108301
2008-12-19,7.8654099
2008-12-22,7.7319942
2008-12-23,7.7259293
2008-12-24,7.7081766
2008-12-29,7.9898095
2008-12-30,8.2102137
2008-12-31,8.3204193
2009-01-02,8.5530729
2009-01-05,8.5775633
2009-01-06,8.7551165
2009-01-07,8.4918499
2009-01-08,8.6020517
2009-01-09,8.4183779
2009-01-12,8.0816412
2009-01-13,8.3571548
2009-01-14,8.0877676
2009-01-15,8.2530737
2009-01-16,8.3265438
2009-01-19,8.2224617
2009-01-20,7.8306241
2009-01-21,8.1183777
2009-01-22,7.8122582
2009-01-23,7.9836869
2009-01-26,7.9714389
2009-01-27,8.1428699
2009-01-28,8.3081779
2009-01-29,8.155118
2009-01-30,8.0326643
2009-02-02,7.9959302
2009-02-03,8.008172
2009-02-04,8.0755224
2009-02-05,8.265317
2009-02-06,8.3877707
2009-02-09,8.4245014
2009-02-10,8.2102137
2009-02-11,8.1367455
2009-02-12,8.1612387
2009-02-13,8.038784
2009-02-17,7.726542
2009-02-18,7.5551143
2009-02-19,7.5612378
2009-02-20,7.3714399
2009-02-23,7.083684
2009-02-24,7.3347049
2009-02-25,7.3530698
2009-02-26,7.6163368
2009-02-27,7.5428686
2009-03-02,7.114296
2009-03-03,7.1265407
2009-03-04,7.2796016
2009-03-05,7.12042
2009-03-06,7.114296
2009-03-09,7.114296
2009-03-10,7.4204211
2009-03-11,7.579607
2009-03-12,7.8367467
2009-03-13,7.8122582
2009-03-16,7.9347043
2009-03-17,8.0938883
2009-03-18,8.1612387
2009-03-19,8.1857252
2009-03-20,8.0265427
2009-03-23,8.4183779
2009-03-24,8.277565
2009-03-25,8.2836847
2009-03-26,8.4521122
2009-03-27,8.2917061
2009-03-30,8.0140829
2009-03-31,8.1683149
2009-04-01,8.4212627
2009-04-02,8.5446529
2009-04-03,8.5693293
2009-04-06,8.5384827
2009-04-07,8.353405
2009-04-08,8.4521122
2009-04-09,8.6803799
2009-04-13,8.7482443
2009-04-14,8.6495314
2009-04-15,8.7297344
2009-04-16,8.7852612
2009-04-17,8.8839731
2009-04-20,8.6125116
2009-04-21,8.742075
2009-04-22,8.742075
2009-04-23,8.8716335
2009-04-24,8.9641733
2009-04-27,8.8716335
2009-04-28,8.7605848
2009-04-29,8.8716335
2009-04-30,8.7852612
2009-05-01,8.958005
2009-05-04,9.3034897
2009-05-05,9.3034897
2009-05-06,9.587286
2009-05-07,9.3960333
2009-05-08,9.6489801
2009-05-11,9.5194206
2009-05-12,9.525589
2009-05-13,9.1554289
2009-05-14,9.2973204
2009-05-15,9.229454
2009-05-19,9.5502682
2009-05-20,9.6736507
2009-05-21,9.4145422
2009-05-22,9.4515572
2009-05-25,9.5132532
2009-05-26,9.7600317
2009-05-27,9.6119623
2009-05-28,9.8710794
2009-05-29,9.8895884
2009-06-01,10.062331
2009-06-02,10.043823
2009-06-03,9.7600317
2009-06-04,9.9574509
2009-06-05,10.031484
2009-06-08,10.012974
2009-06-09,9.9636202
2009-06-10,10.012974
2009-06-11,10.117856
2009-06-12,10.049992
2009-06-15,9.8340635
2009-06-16,9.7476902
2009-06-17,9.4947481
2009-06-18,9.5687733
2009-06-19,9.6736507
2009-06-22,9.2973204
2009-06-23,9.3528433
2009-06-24,9.5317621
2009-06-25,9.790349
2009-06-26,9.8338614
2009-06-29,9.9333239
2009-06-30,9.8276453
2009-07-02,9.6908951
2009-07-03,9.7281914
2009-07-06,9.5044098
2009-07-07,9.3054895
2009-07-08,9.1500912
2009-07-09,9.2495508
2009-07-10,9.2246847
2009-07-13,9.3241434
2009-07-14,9.4422512
2009-07-15,9.6473799
2009-07-16,9.7592678
2009-07-17,9.8400793
2009-07-20,9.9954796
2009-07-21,9.9644022
2009-07-22,9.8898067
2009-07-23,10.119805
2009-07-24,10.157104
2009-07-27,10.20061
2009-07-28,10.032778
2009-07-29,9.9395332
2009-07-30,10.132236
2009-07-31,10.244123
2009-08-04,10.436826
2009-08-05,10.393312
2009-08-06,10.213046
2009-08-07,10.237908
2009-08-10,10.175751
2009-08-11,10.007915
2009-08-12,10.045209
2009-08-13,10.213046
2009-08-14,10.194395
2009-08-17,9.9084539
2009-08-18,10.032778
2009-08-19,10.082507
2009-08-20,10.101154
2009-08-21,10.206827
2009-08-24,10.157104
2009-08-25,10.293854
2009-08-26,10.256558
2009-08-27,10.293854
2009-08-28,10.312503
2009-08-31,10.225475
2009-09-01,10.051424
2009-09-02,10.051424
2009-09-03,10.268987
2009-09-04,10.356019
2009-09-08,10.443038
2009-09-09,10.337367
2009-09-10,10.492769
2009-09-11,10.586012
2009-09-14,10.660604
2009-09-15,10.816006
2009-09-16,10.85952
2009-09-17,10.853299
2009-09-18,10.853299
2009-09-21,10.741414
2009-09-22,10.90303
2009-09-23,10.82222
2009-09-24,10.610874
2009-09-25,10.524578
2009-09-28,10.649648
2009-09-29,10.699673
2009-09-30,10.655899
2009-10-01,10.374494
2009-10-02,10.255675
2009-10-05,10.393251
2009-10-06,10.530828
2009-10-07,10.624633
2009-10-08,10.71218
2009-10-09,10.687167
2009-10-13,10.662156
2009-10-14,10.762206
2009-10-15,10.749702
2009-10-16,10.755957
2009-10-19,10.793477
2009-10-20,10.79973
2009-10-21,10.69342
2009-10-22,10.793477
2009-10-23,10.643396
2009-10-26,10.512068
2009-10-27,10.330716
2009-10-28,10.118101
2009-10-29,10.318213
2009-10-30,10.161876
2009-11-02,10.130609
2009-11-03,10.280694
2009-11-04,10.293201
2009-11-05,10.418273
2009-11-06,10.49331
2009-11-09,10.730941
2009-11-10,10.680911
2009-11-11,10.69342
2009-11-12,10.618374
2009-11-13,10.668405
2009-11-16,10.780968
2009-11-17,10.893528
2009-11-18,10.906039
2009-11-19,10.874768
2009-11-20,10.843502
2009-11-23,10.887276
2009-11-24,10.818489
2009-11-25,10.887276
2009-11-26,10.69342
2009-11-27,10.724688
2009-11-30,10.762206
2009-12-01,10.981078
2009-12-02,11.037363
2009-12-03,10.887276
2009-12-04,10.768459
2009-12-07,10.73719
2009-12-08,10.624633
2009-12-09,10.643396
2009-12-10,10.705927
2009-12-11,10.655899
2009-12-14,10.787224
2009-12-15,10.749702
2009-12-16,10.862266
2009-12-17,10.69342
2009-12-18,10.73719
2009-12-21,10.762206
2009-12-22,10.843502
2009-12-23,10.849758
2009-12-24,10.929038
2009-12-29,10.897577
2009-12-30,10.910159
2009-12-31,10.929038
2010-01-04,11.073748
2010-01-05,11.080039
2010-01-06,11.098912
2010-01-07,11.029707
2010-01-08,11.092626
2010-01-11,11.086329
2010-01-12,10.960496
2010-01-13,10.98566
2010-01-14,10.91645
2010-01-15,10.809491
2010-01-18,10.853536
2010-01-19,10.853536
2010-01-20,10.771735
2010-01-21,10.589272
2010-01-22,10.457141
2010-01-25,10.482311
2010-01-26,10.501181
2010-01-27,10.488597
2010-01-28,10.431975
2010-01-29,10.280971
2010-02-01,10.45085
2010-02-02,10.538936
2010-02-03,10.538936
2010-02-04,10.306136
2010-02-05,10.369056
2010-02-08,10.268382
2010-02-09,10.44456
2010-02-10,10.469726
2010-02-11,10.601856
2010-02-12,10.601856
2010-02-16,10.7214
2010-02-17,10.784321
2010-02-18,10.84724
2010-02-19,10.866114
2010-02-22,10.796902
2010-02-23,10.69623
2010-02-24,10.683653
2010-02-25,10.796902
2010-02-26,10.784321
2010-03-01,10.8787
2010-03-02,10.979371
2010-03-03,11.004538
2010-03-04,10.991956
2010-03-05,11.13667
2010-03-08,11.130374
2010-03-09,11.080039
2010-03-10,11.124082
2010-03-11,11.149251
2010-03-12,11.168126
2010-03-15,11.168126
2010-03-16,11.275091
2010-03-17,11.262507
2010-03-18,11.212171
2010-03-19,11.149251
2010-03-22,11.161834
2010-03-23,11.218464
2010-03-24,11.155542
2010-03-25,11.155542
2010-03-26,11.125132
2010-03-29,11.220163
2010-03-30,11.239174
2010-03-31,11.207497
2010-04-01,11.327869
2010-04-05,11.346869
2010-04-06,11.315194
2010-04-07,11.277184
2010-04-08,11.283522
2010-04-09,11.34054
2010-04-12,11.327869
2010-04-13,11.277184
2010-04-14,11.397559
2010-04-15,11.391224
2010-04-16,11.251843
2010-04-19,11.296192
2010-04-20,11.315194
2010-04-21,11.308867
2010-04-22,11.334206
2010-04-23,11.397559
2010-04-26,11.454576
2010-04-27,11.32153
2010-04-28,11.277184
2010-04-29,11.410235
2010-04-30,11.372213
2010-05-03,11.403895
2010-05-04,11.264513
2010-05-05,11.087122
2010-05-06,11.061778
2010-05-07,10.941402
2010-05-10,11.18215
2010-05-11,11.21383
2010-05-12,11.410235
2010-05-13,11.315194
2010-05-14,11.239174
2010-05-17,11.087122
2010-05-18,11.055444
2010-05-19,10.998425
2010-05-20,10.713325
2010-05-21,10.827365
2010-05-25,10.833701
2010-05-26,10.852705
2010-05-27,11.017426
2010-05-28,10.928736
2010-05-31,10.98575
2010-06-01,10.833701
2010-06-02,11.049108
2010-06-03,11.080783
2010-06-04,10.865376
2010-06-07,10.770347
2010-06-08,10.802023
2010-06-09,10.745003
2010-06-10,10.903388
2010-06-11,10.947738
2010-06-14,10.947738
2010-06-15,11.18215
2010-06-16,11.21383
2010-06-17,11.220163
2010-06-18,11.21383
2010-06-21,11.21383
2010-06-22,11.09345
2010-06-23,11.087122
2010-06-24,10.97308
2010-06-25,10.96607
2010-06-28,10.902313
2010-06-29,10.564399
2010-06-30,10.596278
2010-07-02,10.487898
2010-07-05,10.405014
2010-07-06,10.507023
2010-07-07,10.698292
2010-07-08,10.742922
2010-07-09,10.857681
2010-07-12,10.870435
2010-07-13,10.96607
2010-07-14,10.915061
2010-07-15,11.017073
2010-07-16,10.857681
2010-07-19,10.813051
2010-07-20,10.908689
2010-07-21,10.749296
2010-07-22,10.895937
2010-07-23,10.940565
2010-07-26,10.985196
2010-07-27,10.96607
2010-07-28,10.946939
2010-07-29,10.997948
2010-07-30,10.96607
2010-08-03,11.0362
2010-08-04,11.087201
2010-08-05,11.017073
2010-08-06,11.0362
2010-08-09,11.093577
2010-08-10,11.093577
2010-08-11,10.844927
2010-08-12,10.781174
2010-08-13,10.742922
2010-08-16,10.762051
2010-08-17,10.953319
2010-08-18,11.010696
2010-08-19,10.940565
2010-08-20,10.946939
2010-08-23,10.953319
2010-08-24,10.793923
2010-08-25,10.870435
2010-08-26,10.864058
2010-08-27,11.112706
2010-08-30,11.125461
2010-08-31,11.13821
2010-09-01,11.214718
2010-09-02,11.329476
2010-09-03,11.342228
2010-09-07,11.323103
2010-09-08,11.259347
2010-09-09,11.240219
2010-09-10,11.297605
2010-09-13,11.374108
2010-09-14,11.380488
2010-09-15,11.348604
2010-09-16,11.367732
2010-09-17,11.354981
2010-09-20,11.425114
2010-09-21,11.361356
2010-09-22,11.303975
2010-09-23,11.252969
2010-09-24,11.361356
2010-09-27,11.323504
2010-09-28,11.419739
2010-09-29,11.503142
2010-09-30,11.509558
2010-10-01,11.515966
2010-10-04,11.458228
2010-10-05,11.650702
2010-10-06,11.644282
2010-10-07,11.592957
2010-10-08,11.663531
2010-10-12,11.689192
2010-10-13,11.798256
2010-10-14,11.72769
2010-10-15,11.714855
2010-10-18,11.772598
2010-10-19,11.695605
2010-10-20,11.740515
2010-10-21,11.72127
2010-10-22,11.689192
2010-10-25,11.740515
2010-10-26,11.734106
2010-10-27,11.663531
2010-10-28,11.618623
2010-10-29,11.746933
2010-11-01,11.72769
2010-11-02,11.72127
2010-11-03,11.702022
2010-11-04,11.913736
2010-11-05,11.932985
2010-11-08,12.016388
2010-11-09,11.939402
2010-11-10,11.939402
2010-11-11,11.945816
2010-11-12,11.779011
2010-11-15,11.772598
2010-11-16,11.644282
2010-11-17,11.708441
2010-11-18,11.894495
2010-11-19,11.990725
2010-11-22,11.958645
2010-11-23,11.81109
2010-11-24,11.907328
2010-11-25,11.958645
2010-11-26,11.920156
2010-11-29,11.945816
2010-11-30,11.990725
2010-12-01,12.151112
2010-12-02,12.157532
2010-12-03,12.138285
2010-12-06,12.183192
2010-12-07,12.208852
2010-12-08,12.138285
2010-12-09,12.157532
2010-12-10,12.240935
2010-12-13,12.273013
2010-12-14,12.240935
2010-12-15,12.196024
2010-12-16,12.163947
2010-12-17,12.196024
2010-12-20,12.163947
2010-12-21,12.33075
2010-12-22,12.382076
2010-12-23,12.362828
2010-12-24,12.358956
2010-12-29,12.429916
2010-12-30,12.429916
2010-12-31,12.442815
2011-01-04,12.391208
2011-01-05,12.404113
2011-01-06,12.339607
2011-01-07,12.294457
2011-01-10,12.255755
2011-01-11,12.417006
2011-01-12,12.481523
2011-01-13,12.417006
2011-01-14,12.475068
2011-01-17,12.481523
2011-01-18,12.591174
2011-01-19,12.462167
2011-01-20,12.371861
2011-01-21,12.391208
2011-01-24,12.410563
2011-01-25,12.346059
2011-01-26,12.50732
2011-01-27,12.481523
2011-01-28,12.500865
2011-01-31,12.629872
2011-02-01,12.752429
2011-02-02,12.720177
2011-02-03,12.86854
2011-02-04,12.836286
2011-02-07,12.829834
2011-02-08,12.907246
2011-02-09,12.836286
2011-02-10,12.88789
2011-02-11,12.823384
2011-02-14,12.945946
2011-02-15,12.939498
2011-02-16,13.107206
2011-02-17,13.178162
2011-02-18,13.171707
2011-02-22,13.023346
2011-02-23,13.016901
2011-02-24,12.933039
2011-02-25,13.100754
2011-02-28,13.203963
2011-03-01,13.139459
2011-03-02,13.184614
2011-03-03,13.274915
2011-03-04,13.287816
2011-03-07,13.152355
2011-03-08,13.081408
2011-03-09,12.9524
2011-03-10,12.752429
2011-03-11,12.791137
2011-03-14,12.771784
2011-03-15,12.707286
2011-03-16,12.675025
2011-03-17,12.88789
2011-03-18,12.945946
2011-03-21,13.126554
2011-03-22,13.107206
2011-03-23,13.152355
2011-03-24,13.113656
2011-03-25,13.106517
2011-03-28,12.950798
2011-03-29,13.015681
2011-03-30,13.145448
2011-03-31,13.138958
2011-04-01,13.216818
2011-04-04,13.255752
2011-04-05,13.301167
2011-04-06,13.229795
2011-04-07,13.125985
2011-04-08,13.216818
2011-04-11,13.015681
2011-04-12,12.853466
2011-04-13,12.872932
2011-04-14,12.853466
2011-04-15,12.827518
2011-04-18,12.769122
2011-04-19,12.80156
2011-04-20,12.924849
2011-04-21,13.015681
2011-04-25,12.931334
2011-04-26,12.944304
2011-04-27,12.937821
2011-04-28,12.944304
2011-04-29,12.996216
2011-05-02,13.002705
2011-05-03,12.769122
2011-05-04,12.684773
2011-05-05,12.555009
2011-05-06,12.639353
2011-05-09,12.743167
2011-05-10,12.717218
2011-05-11,12.509587
2011-05-12,12.46417
2011-05-13,12.444704
2011-05-16,12.503098
2011-05-17,12.574472
2011-05-18,12.723704
2011-05-19,12.717218
2011-05-20,12.736682
2011-05-24,12.691263
2011-05-25,12.840494
2011-05-26,12.879425
2011-05-27,12.879425
2011-05-30,12.898885
2011-05-31,12.885912
2011-06-01,12.593938
2011-06-02,12.593938
2011-06-03,12.626374
2011-06-06,12.457681
2011-06-07,12.392797
2011-06-08,12.360356
2011-06-09,12.392797
2011-06-10,12.250051
2011-06-13,12.172191
2011-06-14,12.282492
2011-06-15,12.172191
2011-06-16,12.094329
2011-06-17,12.042423
2011-06-20,12.074862
2011-06-21,12.25654
2011-06-22,12.224102
2011-06-23,12.139747
2011-06-24,12.074448
2011-06-27,12.16587
2011-06-28,12.316071
2011-06-29,12.394432
2011-06-30,12.479322
2011-07-04,12.596869
2011-07-05,12.570745
2011-07-06,12.544627
2011-07-07,12.544627
2011-07-08,12.531565
2011-07-11,12.37484
2011-07-12,12.38137
2011-07-13,12.459728
2011-07-14,12.387902
2011-07-15,12.453202
2011-07-18,12.361777
2011-07-19,12.440142
2011-07-20,12.440142
2011-07-21,12.557689
2011-07-22,12.609928
2011-07-25,12.544627
2011-07-26,12.38137
2011-07-27,12.126686
2011-07-28,12.120163
2011-07-29,12.022207
2011-08-02,11.819768
2011-08-03,11.885066
2011-08-04,11.519377
2011-08-05,11.33653
2011-08-08,10.885942
2011-08-09,11.343059
2011-08-10,11.369177
2011-08-11,11.734877
2011-08-12,11.734877
2011-08-15,11.865482
2011-08-16,11.747937
2011-08-17,11.780587
2011-08-18,11.401829
2011-08-19,11.192865
2011-08-22,11.264694
2011-08-23,11.571617
2011-08-24,11.617328
2011-08-25,11.512845
2011-08-26,11.538969
2011-08-29,11.715282
2011-08-30,11.813238
2011-08-31,11.943839
2011-09-01,11.898131
2011-09-02,11.806708
2011-09-06,11.747937
2011-09-07,11.93731
2011-09-08,11.872007
2011-09-09,11.591207
2011-09-12,11.382239
2011-09-13,11.401829
2011-09-14,11.493254
2011-09-15,11.643448
2011-09-16,11.480194
2011-09-19,11.382239
2011-09-20,11.408358
2011-09-21,11.140618
2011-09-22,10.794518
2011-09-23,10.777434
2011-09-26,10.987721
2011-09-27,11.125731
2011-09-28,10.902293
2011-09-29,11.040294
2011-09-30,10.948298
2011-10-03,10.613143
2011-10-04,10.580283
2011-10-05,10.882573
2011-10-06,11.171727
2011-10-07,10.981148
2011-10-11,11.230873
2011-10-12,11.349158
2011-10-13,11.191437
2011-10-14,11.382021
2011-10-17,11.230873
2011-10-18,11.336015
2011-10-19,11.158583
2011-10-20,11.13887
2011-10-21,11.276866
2011-10-24,11.447731
2011-10-25,11.388591
2011-10-26,11.454305
2011-10-27,11.756599
2011-10-28,11.769743
2011-10-31,11.520021
2011-11-01,11.355733
2011-11-02,11.46745
2011-11-03,11.723738
2011-11-04,11.658023
2011-11-07,11.710596
2011-11-08,11.730312
2011-11-09,11.408305
2011-11-10,11.368877
2011-11-11,11.539735
2011-11-14,11.493734
2011-11-15,11.474018
2011-11-16,11.434592
2011-11-17,11.191437
2011-11-18,11.178295
2011-11-21,11.079726
2011-11-22,11.079726
2011-11-23,10.882573
2011-11-24,10.784
2011-11-25,10.751143
2011-11-28,10.948298
2011-11-29,11.020578
2011-11-30,11.46745
2011-12-01,11.375445
2011-12-02,11.342585
2011-12-05,11.395164
2011-12-06,11.322868
2011-12-07,11.408305
2011-12-08,11.198011
2011-12-09,11.303164
2011-12-12,11.158583
2011-12-13,11.060009
2011-12-14,10.876003
2011-12-15,10.83
2011-12-16,10.948298
2011-12-19,10.849716
2011-12-20,11.014008
2011-12-21,11.033726
2011-12-22,11.191437
2011-12-23,11.224498
2011-12-28,11.052625
2011-12-29,11.15178
2011-12-30,11.283987
2012-01-03,11.548403
2012-01-04,11.548403
2012-01-05,11.555016
2012-01-06,11.508739
2012-01-09,11.521966
2012-01-10,11.607898
2012-01-11,11.601285
2012-01-12,11.634338
2012-01-13,11.594678
2012-01-16,11.614506
2012-01-17,11.601285
2012-01-18,11.680609
2012-01-19,11.740105
2012-01-20,11.746718
2012-01-23,11.885538
2012-01-24,11.75994
2012-01-25,11.892149
2012-01-26,11.7996
2012-01-27,11.819432
2012-01-30,11.766545
2012-01-31,11.786379
2012-02-01,11.839264
2012-02-02,11.872315
2012-02-03,11.905363
2012-02-06,11.878924
2012-02-07,11.832651
2012-02-08,11.852485
2012-02-09,11.806211
2012-02-10,11.693834
2012-02-13,11.707055
2012-02-14,11.680609
2012-02-15,11.687222
2012-02-16,11.812825
2012-02-17,11.779766
2012-02-21,11.898753
2012-02-22,12.024353
2012-02-23,12.030963
2012-02-24,12.024353
2012-02-27,12.011134
2012-02-28,12.064014
2012-02-29,11.951641
2012-03-01,12.044187
2012-03-02,11.951641
2012-03-05,11.865703
2012-03-06,11.640946
2012-03-07,11.647566
2012-03-08,11.779766
2012-03-09,11.806211
2012-03-12,11.726886
2012-03-13,11.859094
2012-03-14,11.700445
2012-03-15,11.792994
2012-03-16,11.859094
2012-03-19,11.832651
2012-03-20,11.806211
2012-03-21,11.806211
2012-03-22,11.75333
2012-03-23,11.854557
2012-03-26,11.961113
2012-03-27,11.894513
2012-03-28,11.834579
2012-03-29,11.767979
2012-03-30,11.801275
2012-04-02,11.921155
2012-04-03,11.734685
2012-04-04,11.601481
2012-04-05,11.508245
2012-04-09,11.448305
2012-04-10,11.361729
2012-04-11,11.448305
2012-04-12,11.621462
2012-04-13,11.448305
2012-04-16,11.474945
2012-04-17,11.581502
2012-04-18,11.568185
2012-04-19,11.594821
2012-04-20,11.581502
2012-04-23,11.428322
2012-04-24,11.428322
2012-04-25,11.541543
2012-04-26,11.534884
2012-04-27,11.64144
2012-04-30,11.708042
2012-05-01,11.734685
2012-05-02,11.63478
2012-05-03,11.401688
2012-05-04,11.261828
2012-05-07,11.268492
2012-05-08,11.101989
2012-05-09,11.068694
2012-05-10,11.14195
2012-05-11,11.108655
2012-05-14,10.922178
2012-05-15,10.802298
2012-05-16,10.788981
2012-05-17,10.788981
2012-05-18,10.735699
2012-05-22,10.915516
2012-05-23,11.042052
2012-05-24,11.035394
2012-05-25,11.022072
2012-05-28,10.988775
2012-05-29,11.075353
2012-05-30,10.895535
2012-05-31,10.975455
2012-06-01,10.828937
2012-06-04,10.815618
2012-06-05,10.968796
2012-06-06,11.088672
2012-06-07,11.062034
2012-06-08,10.975455
2012-06-11,10.855578
2012-06-12,10.988775
2012-06-13,11.002091
2012-06-14,10.988775
2012-06-15,11.062034
2012-06-18,11.128631
2012-06-19,11.328429
2012-06-20,11.295128
2012-06-21,10.968796
2012-06-22,11.006381
2012-06-25,10.925843
2012-06-26,10.91913
2012-06-27,11.006381
2012-06-28,11.026513
2012-06-29,11.147312
2012-07-03,11.44932
2012-07-04,11.476162
2012-07-05,11.382204
2012-07-06,11.227845
2012-07-09,11.180869
2012-07-10,11.080201
2012-07-11,11.107044
2012-07-12,11.006381
2012-07-13,11.086909
2012-07-16,11.086909
2012-07-17,11.147312
2012-07-18,11.160733
2012-07-19,11.221139
2012-07-20,11.167444
2012-07-23,11.100337
2012-07-24,11.033225
2012-07-25,11.039933
2012-07-26,11.174157
2012-07-27,11.321806
2012-07-30,11.294958
2012-07-31,11.207715
2012-08-01,11.174157
2012-08-02,11.073489
2012-08-03,11.221139
2012-08-07,11.429183
2012-08-08,11.335225
2012-08-09,11.402335
2012-08-10,11.442609
2012-08-13,11.395631
2012-08-14,11.435895
2012-08-15,11.45603
2012-08-16,11.603676
2012-08-17,11.670789
2012-08-20,11.664078
2012-08-21,11.677498
2012-08-22,11.677498
2012-08-23,11.590251
2012-08-24,11.630519
2012-08-27,11.603676
2012-08-28,11.583543
2012-08-29,11.610382
2012-08-30,11.509717
2012-08-31,11.543274
2012-09-04,11.529853
2012-09-05,11.583543
2012-09-06,11.737898
2012-09-07,11.865411
2012-09-10,11.825149
2012-09-11,11.818432
2012-09-12,11.838566
2012-09-13,11.979502
2012-09-14,12.107013
2012-09-17,12.060035
2012-09-18,12.026482
2012-09-19,12.033193
2012-09-20,11.999639
2012-09-21,11.961792
2012-09-24,11.894213
2012-09-25,11.860415
2012-09-26,11.846904
2012-09-27,11.96855
2012-09-28,11.900967
2012-10-01,11.975303
2012-10-02,12.009097
2012-10-03,11.96855
2012-10-04,12.056405
2012-10-05,12.015859
2012-10-09,11.894213
2012-10-10,11.81987
2012-10-11,11.853664
2012-10-12,11.792841
2012-10-15,11.860415
2012-10-16,12.029371
2012-10-17,12.076682
2012-10-18,12.096951
2012-10-19,12.042889
2012-10-22,12.049647
2012-10-23,11.846904
2012-10-24,11.840147
2012-10-25,11.961792
2012-10-26,11.96855
2012-10-29,11.921242
2012-10-30,12.063162
2012-10-31,12.083439
2012-11-01,12.144258
2012-11-02,12.022616
2012-11-05,12.015859
2012-11-06,12.029371
2012-11-07,11.880695
2012-11-08,11.81987
2012-11-09,11.846904
2012-11-12,11.860415
2012-11-13,11.806353
2012-11-14,11.58334
2012-11-15,11.468453
2012-11-16,11.536033
2012-11-19,11.691464
2012-11-20,11.718499
2012-11-21,11.786078
2012-11-22,11.833387
2012-11-23,11.900967
2012-11-26,11.900967
2012-11-27,11.81987
2012-11-28,11.860415
2012-11-29,11.921242
2012-11-30,11.880695
2012-12-03,11.880695
2012-12-04,11.853664
2012-12-05,11.887453
2012-12-06,11.873935
2012-12-07,11.880695
2012-12-10,11.927998
2012-12-11,11.995582
2012-12-12,12.076682
2012-12-13,12.015859
2012-12-14,11.982067
2012-12-17,12.009097
2012-12-18,12.076682
2012-12-19,12.123985
2012-12-20,12.137498
2012-12-21,12.144258
2012-12-24,12.110279
2012-12-27,12.110279
2012-12-28,12.083099
2012-12-31,12.17824
2013-01-02,12.280176
2013-01-03,12.225812
2013-01-04,12.286973
2013-01-07,12.219015
2013-01-08,12.212215
2013-01-09,12.239397
2013-01-10,12.334544
2013-01-11,12.327748
2013-01-14,12.341336
2013-01-15,12.4025
2013-01-16,12.361725
2013-01-17,12.4093
2013-01-18,12.470461
2013-01-21,12.572396
2013-01-22,12.599582
2013-01-23,12.565606
2013-01-24,12.613174
2013-01-25,12.613174
2013-01-28,12.619975
2013-01-29,12.626768
2013-01-30,12.572396
2013-01-31,12.443274
2013-02-01,12.538423
2013-02-04,12.470461
2013-02-05,12.497643
2013-02-06,12.538423
2013-02-07,12.497643
2013-02-08,12.572396
2013-02-11,12.531623
2013-02-12,12.572396
2013-02-13,12.55881
2013-02-14,12.497643
2013-02-15,12.46367
2013-02-19,12.599582
2013-02-20,12.511232
2013-02-21,12.443274
2013-02-22,12.504444
2013-02-25,12.45687
2013-02-26,12.484054
2013-02-27,12.572396
2013-02-28,12.647155
2013-03-01,12.613174
2013-03-04,12.538423
2013-03-05,12.579192
2013-03-06,12.653952
2013-03-07,12.640359
2013-03-08,12.647155
2013-03-11,12.674335
2013-03-12,12.687933
2013-03-13,12.55881
2013-03-14,12.626768
2013-03-15,12.660746
2013-03-18,12.565606
2013-03-19,12.592789
2013-03-20,12.667538
2013-03-21,12.547553
2013-03-22,12.616121
2013-03-25,12.499557
2013-03-26,12.526983
2013-03-27,12.492699
2013-03-28,12.574985
2013-04-01,12.547553
2013-04-02,12.547553
2013-04-03,12.273288
2013-04-04,12.204721
2013-04-05,12.143012
2013-04-08,12.149869
2013-04-09,12.287004
2013-04-10,12.369279
2013-04-11,12.287004
2013-04-12,12.15673
2013-04-15,11.841324
2013-04-16,11.95103
2013-04-17,11.800186
2013-04-18,11.841324
2013-04-19,11.916748
2013-04-22,11.923602
2013-04-23,11.903033
2013-04-24,12.11559
2013-04-25,12.108728
2013-04-26,12.026452
2013-04-29,12.136156
2013-04-30,12.245863
2013-05-01,12.108728
2013-05-02,12.184154
2013-05-03,12.252721
2013-05-06,12.273288
2013-05-07,12.30757
2013-05-08,12.444702
2013-05-09,12.369279
2013-05-10,12.430986
2013-05-13,12.376133
2013-05-14,12.437846
2013-05-15,12.328139
2013-05-16,12.348709
2013-05-17,12.499557
2013-05-21,12.602404
2013-05-22,12.643544
2013-05-23,12.540698
2013-05-24,12.540698
2013-05-27,12.554405
2013-05-28,12.657253
2013-05-29,12.66411
2013-05-30,12.657253
2013-05-31,12.520126
2013-06-03,12.451561
2013-06-04,12.465274
2013-06-05,12.300716
2013-06-06,12.259578
2013-06-07,12.239007
2013-06-10,12.239007
2013-06-11,12.081306
2013-06-12,12.012737
2013-06-13,12.177294
2013-06-14,12.047017
2013-06-17,12.177294
2013-06-18,12.287004
2013-06-19,12.155018
2013-06-20,11.892433
2013-06-21,11.920072
2013-06-24,11.802598
2013-06-25,11.926981
2013-06-26,11.885517
2013-06-27,11.947715
2013-06-28,12.065182
2013-07-02,12.079004
2013-07-03,12.051365
2013-07-04,12.085914
2013-07-05,12.058273
2013-07-08,12.127375
2013-07-09,12.237938
2013-07-10,12.244847
2013-07-11,12.417605
2013-07-12,12.376143
2013-07-15,12.472883
2013-07-16,12.452149
2013-07-17,12.535077
2013-07-18,12.611088
2013-07-19,12.652547
2013-07-22,12.742385
2013-07-23,12.694008
2013-07-24,12.631817
2013-07-25,12.638732
2013-07-26,12.645642
2013-07-29,12.645642
2013-07-30,12.576539
2013-07-31,12.403784
2013-08-01,12.514344
2013-08-02,12.569625
2013-08-06,12.410694
2013-08-07,12.355414
2013-08-08,12.465974
2013-08-09,12.472883
2013-08-12,12.500528
2013-08-13,12.583453
2013-08-14,12.590358
2013-08-15,12.666374
2013-08-16,12.714746
2013-08-19,12.541986
2013-08-20,12.645642
2013-08-21,12.535077
2013-08-22,12.666374
2013-08-23,12.749294
2013-08-26,12.749294
2013-08-27,12.583453
2013-08-28,12.611088
2013-08-29,12.714746
2013-08-30,12.645642
2013-09-03,12.783842
2013-09-04,12.776937
2013-09-05,12.894408
2013-09-06,12.859858
2013-09-09,12.894408
2013-09-10,12.859858
2013-09-11,12.866767
2013-09-12,12.714746
2013-09-13,12.770023
2013-09-16,12.839129
2013-09-17,12.846033
2013-09-18,12.919864
2013-09-19,12.898976
2013-09-20,12.83629
2013-09-23,12.808425
2013-09-24,12.83629
2013-09-25,12.829321
2013-09-26,12.86414
2013-09-27,12.86414
2013-09-30,12.801457
2013-10-01,12.878078
2013-10-02,12.86414
2013-10-03,12.766638
2013-10-04,12.801457
2013-10-07,12.815395
2013-10-08,12.731812
2013-10-09,12.780565
2013-10-10,12.954689
2013-10-11,12.961654
2013-10-15,12.98951
2013-10-16,13.024338
2013-10-17,13.073093
2013-10-18,13.1706
2013-10-21,13.233284
2013-10-22,13.282037
2013-10-23,13.337754
2013-10-24,13.37955
2013-10-25,13.463122
2013-10-28,13.435263
2013-10-29,13.53974
2013-10-30,13.525807
2013-10-31,13.4283
2013-11-01,13.414368
2013-11-04,13.414368
2013-11-05,13.421339
2013-11-06,13.456158
2013-11-07,13.400439
2013-11-08,13.51884
2013-11-11,13.456158
2013-11-12,13.456158
2013-11-13,13.51884
2013-11-14,13.581523
2013-11-15,13.595461
2013-11-18,13.581523
2013-11-19,13.560635
2013-11-20,13.553667
2013-11-21,13.609385
2013-11-22,13.637245
2013-11-25,13.609385
2013-11-26,13.511885
2013-11-27,13.504917
2013-11-28,13.497947
2013-11-29,13.546705
2013-12-02,13.588494
2013-12-03,13.463122
2013-12-04,13.407409
2013-12-05,13.289001
2013-12-06,13.407409
2013-12-09,13.449197
2013-12-10,13.449197
2013-12-11,13.233284
2013-12-12,13.226315
2013-12-13,13.212386
2013-12-16,13.289001
2013-12-17,13.289001
2013-12-18,13.484022
2013-12-19,13.532773
2013-12-20,13.525807
2013-12-23,13.623318
2013-12-24,13.672076
2013-12-27,13.762281
2013-12-30,13.73431
2013-12-31,13.769279
2014-01-02,13.741302
2014-01-03,13.685359
2014-01-06,13.615428
2014-01-07,13.727321
2014-01-08,13.769279
2014-01-09,13.790256
2014-01-10,13.930115
2014-01-13,13.853188
2014-01-14,13.874167
2014-01-15,13.951096
2014-01-16,13.993048
2014-01-17,14.055991
2014-01-20,14.153888
2014-01-21,14.118926
2014-01-22,14.174873
2014-01-23,14.139905
2014-01-24,13.860183
2014-01-27,13.755282
2014-01-28,13.853188
2014-01-29,13.790256
2014-01-30,13.902147
2014-01-31,13.832213
2014-02-03,13.643401
2014-02-04,13.650396
2014-02-05,13.671373
2014-02-06,13.867176
2014-02-07,13.923121
2014-02-10,13.944098
2014-02-11,14.028016
2014-02-12,14.048999
2014-02-13,14.132912
2014-02-14,14.202843
2014-02-18,14.22382
2014-02-19,14.272775
2014-02-20,14.370678
2014-02-21,14.377667
2014-02-24,14.391657
2014-02-25,14.377667
2014-02-26,14.356694
2014-02-27,14.412631
2014-02-28,14.377667
2014-03-03,14.363682
2014-03-04,14.454595
2014-03-05,14.433611
2014-03-06,14.440604
2014-03-07,14.454595
2014-03-10,14.468579
2014-03-11,14.433611
2014-03-12,14.559489
2014-03-13,14.433611
2014-03-14,14.391657
2014-03-17,14.433611
2014-03-18,14.580465
2014-03-19,14.542453
2014-03-20,14.56357
2014-03-21,14.514307
2014-03-24,14.479109
2014-03-25,14.493179
2014-03-26,14.37352
2014-03-27,14.37352
2014-03-28,14.472069
2014-03-31,14.549494
2014-04-01,14.577651
2014-04-02,14.655076
2014-04-03,14.570609
2014-04-04,14.542453
2014-04-07,14.394642
2014-04-08,14.542453
2014-04-09,14.591725
2014-04-10,14.436875
2014-04-11,14.415754
2014-04-14,14.429831
2014-04-15,14.457993
2014-04-16,14.612843
2014-04-17,14.655076
2014-04-21,14.655076
2014-04-22,14.718431
2014-04-23,14.718431
2014-04-24,14.718431
2014-04-25,14.690282
2014-04-28,14.718431
2014-04-29,14.795862
2014-04-30,14.86625
2014-05-01,14.85921
2014-05-02,14.943676
2014-05-05,14.85921
2014-05-06,14.760667
2014-05-07,14.824009
2014-05-08,14.739547
2014-05-09,14.74658
2014-05-12,14.86625
2014-05-13,14.887363
2014-05-14,14.894398
2014-05-15,14.795862
2014-05-16,14.74658
2014-05-20,14.760667
2014-05-21,14.901442
2014-05-22,14.943676
2014-05-23,14.943676
2014-05-26,14.971833
2014-05-27,14.901442
2014-05-28,14.845127
2014-05-29,14.824009
2014-05-30,14.873286
2014-06-02,14.943676
2014-06-03,14.992942
2014-06-04,15.04222
2014-06-05,15.014068
2014-06-06,15.070379
2014-06-09,15.09149
2014-06-10,15.13373
2014-06-11,15.105574
2014-06-12,15.1478
2014-06-13,15.253386
2014-06-16,15.295626
2014-06-17,15.309699
2014-06-18,15.361428
2014-06-19,15.361428
2014-06-20,15.375596
2014-06-23,15.382679
2014-06-24,15.226803
2014-06-25,15.233887
2014-06-26,15.311831
2014-06-27,15.382679
2014-06-30,15.418107
2014-07-02,15.488968
2014-07-03,15.503137
2014-07-04,15.524396
2014-07-07,15.503137
2014-07-08,15.48188
2014-07-09,15.545645
2014-07-10,15.46062
2014-07-11,15.488968
2014-07-14,15.531482
2014-07-15,15.474796
2014-07-16,15.616505
2014-07-17,15.609416
2014-07-18,15.67318
2014-07-21,15.67318
2014-07-22,15.736954
2014-07-23,15.821987
2014-07-24,15.814898
2014-07-25,15.899921
2014-07-28,15.899921
2014-07-29,15.878672
2014-07-30,15.99912
2014-07-31,15.793642
2014-08-01,15.644846
2014-08-05,15.623587
2014-08-06,15.623587
2014-08-07,15.510221
2014-08-08,15.595244
2014-08-11,15.659017
2014-08-12,15.651936
2014-08-13,15.644846
2014-08-14,15.722785
2014-08-15,15.708615
2014-08-18,15.751127
2014-08-19,15.899921
2014-08-20,15.992032
2014-08-21,15.977867
2014-08-22,15.949526
2014-08-25,16.03455
2014-08-26,16.027466
2014-08-27,16.041634
2014-08-28,16.006205
2014-08-29,16.048721
2014-09-02,16.048721
2014-09-03,16.119579
2014-09-04,16.048721
2014-09-05,16.069973
2014-09-08,16.006205
2014-09-09,16.03455
2014-09-10,15.977867
2014-09-11,16.048721
2014-09-12,16.091238
2014-09-15,16.006205
2014-09-16,16.084146
2014-09-17,16.02709
2014-09-18,16.048487
2014-09-19,15.813107
2014-09-22,15.713251
2014-09-23,15.706115
2014-09-24,15.684719
2014-09-25,15.392285
2014-09-26,15.563464
2014-09-29,15.513534
2014-09-30,15.506401
2014-10-01,15.36375
2014-10-02,15.320952
2014-10-03,15.36375
2014-10-06,15.278161
2014-10-07,15.114105
2014-10-08,15.199701
2014-10-09,14.985723
2014-10-10,14.771737
2014-10-14,14.550626
2014-10-15,14.415105
2014-10-16,14.572025
2014-10-17,14.764607
2014-10-20,14.878735
2014-10-21,15.099845
2014-10-22,14.864463
2014-10-23,15.071309
2014-10-24,15.142636
2014-10-27,15.099845
2014-10-28,15.242498
2014-10-29,15.128368
2014-10-30,15.099845
2014-10-31,15.306684
2014-11-03,15.171178
2014-11-04,15.05705
2014-11-05,15.213965
2014-11-06,15.192569
2014-11-07,15.320952
2014-11-10,15.385148
2014-11-11,15.399412
2014-11-12,15.485003
2014-11-13,15.485003
2014-11-14,15.492143
2014-11-17,15.527802
2014-11-18,15.663322
2014-11-19,15.691845
2014-11-20,15.763176
2014-11-21,15.820243
2014-11-24,15.741788
2014-11-25,15.791707
2014-11-26,15.784575
2014-11-27,15.691845
2014-11-28,15.485003
2014-12-01,15.442207
2014-12-02,15.435076
2014-12-03,15.563464
2014-12-04,15.271026
2014-12-05,15.249629
2014-12-08,14.93579
2014-12-09,14.957189
2014-12-10,14.607684
2014-12-11,14.686143
2014-12-12,14.500698
2014-12-15,14.465033
2014-12-16,14.614822
2014-12-17,14.999984
2014-12-18,15.128368
2014-12-19,15.249629
2014-12-22,15.271026
2014-12-23,15.370879
2014-12-24,15.392285
2014-12-29,15.456898
2014-12-30,15.471245
2014-12-31,15.413816
2015-01-02,15.56458
2015-01-05,15.15537
2015-01-06,15.026142
2015-01-07,15.069219
2015-01-08,15.284595
2015-01-09,15.148186
2015-01-12,15.069219
2015-01-13,14.94717
2015-01-14,14.839481
2015-01-15,14.760509
2015-01-16,15.083578
2015-01-19,15.062038
2015-01-20,15.083578
2015-01-21,15.392282
2015-01-22,15.636378
2015-01-23,15.643557
2015-01-26,15.629199
2015-01-27,15.679451
2015-01-28,15.442535
2015-01-29,15.507145
2015-01-30,15.56458
2015-02-02,15.794317
2015-02-03,15.916359
2015-02-04,15.858936
2015-02-05,15.995334
2015-02-06,15.966614
2015-02-09,15.952261
2015-02-10,16.002512
2015-02-11,16.038418
2015-02-12,16.08149
2015-02-13,16.124561
2015-02-17,16.153276
2015-02-18,16.052771
2015-02-19,16.024055
2015-02-20,16.038418
2015-02-23,16.074308
2015-02-24,16.045588
2015-02-25,16.117378
2015-02-26,16.146097
2015-02-27,16.160456
2015-03-02,16.189171
2015-03-03,16.045588
2015-03-04,15.937901
2015-03-05,16.016872
2015-03-06,15.866118
2015-03-09,15.779957
2015-03-10,15.543041
2015-03-11,15.614838
2015-03-12,15.69381
2015-03-13,15.665099
2015-03-16,15.858936
2015-03-17,15.851748
2015-03-18,15.895121
2015-03-19,15.736101
2015-03-20,15.858987
2015-03-23,15.830071
2015-03-24,15.989089
2015-03-25,15.844527
2015-03-26,15.728874
2015-03-27,15.685496
2015-03-30,15.822839
2015-03-31,15.830071
2015-04-01,15.830071
2015-04-02,15.945724
2015-04-06,15.974637
2015-04-07,16.083063
2015-04-08,16.126432
2015-04-09,16.278221
2015-04-10,16.33605
2015-04-13,16.343281
2015-04-14,16.357735
2015-04-15,16.4011
2015-04-16,16.321594
2015-04-17,16.299908
2015-04-20,16.357735
2015-04-21,16.30714
2015-04-22,16.278221
2015-04-23,16.372194
2015-04-24,16.4011
2015-04-27,16.30714
2015-04-28,16.314362
2015-04-29,16.350508
2015-04-30,16.15534
2015-05-01,16.28546
2015-05-04,16.321594
2015-05-05,16.104744
2015-05-06,15.952952
2015-05-07,16.018
2015-05-08,16.111969
2015-05-11,16.111969
2015-05-12,15.981863
2015-05-13,15.887885
2015-05-14,15.938491
2015-05-15,16.018
2015-05-19,16.0686
2015-05-20,15.960171
2015-05-21,16.162567
2015-05-22,16.169794
2015-05-25,16.169794
2015-05-26,16.025232
2015-05-27,16.097519
2015-05-28,16.097519
2015-05-29,15.981863
2015-06-01,16.032461
2015-06-02,16.039692
2015-06-03,16.140886
2015-06-04,15.981863
2015-06-05,15.924031
2015-06-08,15.678271
2015-06-09,15.765012
2015-06-10,15.830071
2015-06-11,15.786697
2015-06-12,15.663811
2015-06-15,15.714417
2015-06-16,15.699964
2015-06-17,15.682479
2015-06-18,15.718888
2015-06-19,15.529591
2015-06-22,15.748002
2015-06-23,15.879062
2015-06-24,15.922742
2015-06-25,15.864502
2015-06-26,15.813536
2015-06-29,15.442219
2015-06-30,15.515033
2015-07-02,15.59512
2015-07-03,15.66792
2015-07-06,15.59512
2015-07-07,15.660642
2015-07-08,15.420378
2015-07-09,15.289332
2015-07-10,15.442219
2015-07-13,15.602395
2015-07-14,15.624232
2015-07-15,15.733446
2015-07-16,15.828095
2015-07-17,15.740728
2015-07-20,15.544152
2015-07-21,15.44951
2015-07-22,15.391254
2015-07-23,15.35485
2015-07-24,15.289332
2015-07-27,15.165559
2015-07-28,15.231089
2015-07-29,15.442219
2015-07-30,15.551439
2015-07-31,15.653363
2015-08-04,15.697041
2015-08-05,15.733446
2015-08-06,15.616959
2015-08-07,15.515033
2015-08-10,15.66792
2015-08-11,15.602395
2015-08-12,15.507751
2015-08-13,15.4131
2015-08-14,15.456783
2015-08-17,15.442219
2015-08-18,15.376698
2015-08-19,15.201962
2015-08-20,14.859776
2015-08-21,14.590389
2015-08-24,14.146274
2015-08-25,14.240916
2015-08-26,14.517582
2015-08-27,14.954422
2015-08-28,15.01994
2015-08-31,14.93986
2015-09-01,14.561267
2015-09-02,14.655913
2015-09-03,14.70688
2015-09-04,14.575829
2015-09-08,14.76512
2015-09-09,14.677758
2015-09-10,14.72144
2015-09-11,14.604943
2015-09-14,14.495735
2015-09-15,14.604943
2015-09-16,14.932209
2015-09-17,14.954227
2015-09-18,14.822146
2015-09-21,14.946888
2015-09-22,14.587342
2015-09-23,14.484612
2015-09-24,14.447927
2015-09-25,14.499284
2015-09-28,14.103049
2015-09-29,14.132401
2015-09-30,14.469934
2015-10-01,14.389217
2015-10-02,14.499284
2015-10-05,14.668056
2015-10-06,14.778123
2015-10-07,15.020264
2015-10-08,15.137665
2015-10-09,15.11565
2015-10-13,14.983577
2015-10-14,15.020264
2015-10-15,14.968897
2015-10-16,15.042279
2015-10-19,14.939548
2015-10-20,15.012923
2015-10-21,14.880841
2015-10-22,15.071631
2015-10-23,15.167014
2015-10-26,15.012923
2015-10-27,14.932209
2015-10-28,15.145001
2015-10-29,15.042279
2015-10-30,14.682733
2015-11-02,14.792795
2015-11-03,14.888191
2015-11-04,14.83682
2015-11-05,14.704747
2015-11-06,14.712087
2015-11-09,14.624032
2015-11-10,14.557989
2015-11-11,14.484612
2015-11-12,14.249807
2015-11-13,14.183764
2015-11-16,14.447927
2015-11-17,14.418573
2015-11-18,14.557989
2015-11-19,14.675392
2015-11-20,14.638701
2015-11-23,14.557989
2015-11-24,14.587342
2015-11-25,14.580004
2015-11-26,14.60935
2015-11-27,14.543319
2015-11-30,14.660712
2015-12-01,14.880841
2015-12-02,14.690066
2015-12-03,14.535972
2015-12-04,14.580004
2015-12-07,14.23513
2015-12-08,14.103049
2015-12-09,14.14708
2015-12-10,14.220452
2015-12-11,13.963637
2015-12-14,13.904931
2015-12-15,14.176434
2015-12-16,14.447927
2015-12-17,14.23513
2015-12-18,14.220452
2015-12-21,14.264481
2015-12-22,14.301167
2015-12-23,14.543319
2015-12-24,14.557989
2015-12-29,14.484787
2015-12-30,14.366485
2015-12-31,14.21121
2016-01-04,14.107693
2016-01-05,14.092909
2016-01-06,13.878483
2016-01-07,13.57533
2016-01-08,13.57533
2016-01-11,13.457027
2016-01-12,13.545753
2016-01-13,13.309149
2016-01-14,13.508784
2016-01-15,13.198236
2016-01-18,13.087329
2016-01-19,13.153876
2016-01-20,12.92466
2016-01-21,13.153876
2016-01-22,13.560544
2016-01-25,13.286963
2016-01-26,13.493997
2016-01-27,13.553145
2016-01-28,13.81933
2016-01-29,13.989396
2016-02-01,13.893272
2016-02-02,13.634481
2016-02-03,13.789754
2016-02-04,14.018967
2016-02-05,14.018967
2016-02-08,13.774967
2016-02-09,13.486602
2016-02-10,13.368298
2016-02-11,13.249992
2016-02-12,13.604907
2016-02-16,13.79715
2016-02-17,14.12988
2016-02-18,14.196421
2016-02-19,14.06333
2016-02-22,14.085508
2016-02-23,14.011571
2016-02-24,13.945029
2016-02-25,13.981997
2016-02-26,14.026365
2016-02-29,14.048541
2016-03-01,14.225999
2016-03-02,14.248183
2016-03-03,14.336909
2016-03-04,14.425636
2016-03-07,14.610485
2016-03-08,14.588305
2016-03-09,14.684421
2016-03-10,14.66964
2016-03-11,14.847095
2016-03-14,14.802729
2016-03-15,14.743577
2016-03-16,14.699216
2016-03-17,14.8397
2016-03-18,14.677031
2016-03-21,14.765759
2016-03-22,14.699216
2016-03-23,14.588305
2016-03-24,14.566117
2016-03-28,14.610485
2016-03-29,14.640065
2016-03-30,14.728788
2016-03-31,14.691818
2016-04-01,14.647451
2016-04-04,14.536548
2016-04-05,14.492184
2016-04-06,14.543941
2016-04-07,14.455216
2016-04-08,14.60309
2016-04-11,14.617878
2016-04-12,14.802729
2016-04-13,14.913639
2016-04-14,14.921035
2016-04-15,14.87667
2016-04-18,14.950607
2016-04-19,15.113275
2016-04-20,15.179823
2016-04-21,15.135461
2016-04-22,15.135461
2016-04-25,15.046725
2016-04-26,15.061522
2016-04-27,15.128064
2016-04-28,15.128064
2016-04-29,15.187221
2016-05-02,15.105886
2016-05-03,14.950607
2016-05-04,14.854486
2016-05-05,14.8397
2016-05-06,14.898851
2016-05-09,14.743577
2016-05-10,14.987577
2016-05-11,14.980183
2016-05-12,14.972794
2016-05-13,14.93582
2016-05-16,15.105886
2016-05-17,15.135461
2016-05-18,15.076301
2016-05-19,15.039333
2016-05-20,15.172427
2016-05-24,15.209397
2016-05-25,15.342487
2016-05-26,15.327699
2016-05-27,15.39425
2016-05-30,15.372067
2016-05-31,15.320306
2016-06-01,15.327699
2016-06-02,15.423824
2016-06-03,15.512549
2016-06-06,15.542125
2016-06-07,15.660428
2016-06-08,15.571697
2016-06-09,15.490368
2016-06-10,15.261151
2016-06-13,15.224182
2016-06-14,15.105886
2016-06-15,15.150572
2016-06-16,15.113338
2016-06-17,15.158021
2016-06-20,15.254856
2016-06-21,15.262307
2016-06-22,15.262307
2016-06-23,15.426174
2016-06-24,15.128222
2016-06-27,14.90477
2016-06-28,15.090982
2016-06-29,15.292101
2016-06-30,15.314437
2016-07-04,15.537906
2016-07-05,15.485766
2016-07-06,15.493207
2016-07-07,15.388931
2016-07-08,15.515556
2016-07-11,15.642181
2016-07-12,15.776258
2016-07-13,15.806049
2016-07-14,15.835848
2016-07-15,15.820951
2016-07-18,15.86564
2016-07-19,15.86564
2016-07-20,15.887996
2016-07-21,15.895442
2016-07-22,15.955029
2016-07-25,15.843301
2016-07-26,15.902891
2016-07-27,15.887996
2016-07-28,15.895442
2016-07-29,15.902891
2016-08-02,15.776258
2016-08-03,15.828394
2016-08-04,15.798606
2016-08-05,15.947582
2016-08-08,16.081654
2016-08-09,16.163589
2016-08-10,16.126347
2016-08-11,16.171038
2016-08-12,16.104002
2016-08-15,16.126347
2016-08-16,16.059309
2016-08-17,16.059309
2016-08-18,16.036966
2016-08-19,16.036966
2016-08-22,16.1189
2016-08-23,16.163589
2016-08-24,16.036823
2016-08-25,16.021828
2016-08-26,16.036823
2016-08-29,16.089334
2016-08-30,16.119333
2016-08-31,15.999328
2016-09-01,16.089334
2016-09-02,16.201847
2016-09-06,16.201847
2016-09-07,16.186846
2016-09-08,16.186846
2016-09-09,15.916807
2016-09-12,15.984324
2016-09-13,15.714293
2016-09-14,15.736791
2016-09-15,15.916807
2016-09-16,15.864305
2016-09-19,15.901807
2016-09-20,15.924314
2016-09-21,16.119333
2016-09-22,16.209347
2016-09-23,16.119333
2016-09-26,16.051832
2016-09-27,15.99182
2016-09-28,16.194344
2016-09-29,16.216848
2016-09-30,16.201847
2016-10-03,16.156839
2016-10-04,16.006826
2016-10-05,16.126837
2016-10-06,16.104328
2016-10-07,16.066832
2016-10-11,16.066832
2016-10-12,16.126837
2016-10-13,16.156839
2016-10-14,16.089334
2016-10-17,16.089334
2016-10-18,16.269358
2016-10-19,16.366865
2016-10-20,16.366865
2016-10-21,16.471874
2016-10-24,16.486879
2016-10-25,16.426868
2016-10-26,16.411867
2016-10-27,16.479382
2016-10-28,16.419369
2016-10-31,16.411867
2016-11-01,16.389366
2016-11-02,16.209347
2016-11-03,16.186846
2016-11-04,16.096832
2016-11-07,16.284353
2016-11-08,16.291855
2016-11-09,16.404367
2016-11-10,16.426868
2016-11-11,16.239349
2016-11-14,16.284353
2016-11-15,16.449369
2016-11-16,16.441874
2016-11-17,16.569391
2016-11-18,16.614397
2016-11-21,16.801912
2016-11-22,16.861921
2016-11-23,16.849079
2016-11-24,16.856632
2016-11-25,16.864183
2016-11-28,16.77356
2016-11-29,16.758453
2016-11-30,16.80377
2016-12-01,16.743353
2016-12-02,16.77356
2016-12-05,16.80377
2016-12-06,16.856632
2016-12-07,17.007679
2016-12-08,17.075649
2016-12-09,17.10586
2016-12-12,17.075649
2016-12-13,17.204037
2016-12-14,17.007679
2016-12-15,17.068096
2016-12-16,17.10586
2016-12-19,17.128515
2016-12-20,17.143618
2016-12-21,17.136068
2016-12-22,17.204037
2016-12-23,17.181379
2016-12-28,17.204037
2016-12-29,17.249353
2016-12-30,17.098307
2017-01-03,17.226696
2017-01-04,17.362635
2017-01-05,17.423048
2017-01-06,17.35508
2017-01-09,17.249353
2017-01-10,17.287111
2017-01-11,17.385292
2017-01-12,17.324879
2017-01-13,17.407948
2017-01-16,17.377739
2017-01-17,17.339975
2017-01-18,17.302217
2017-01-19,17.324879
2017-01-20,17.498577
2017-01-23,17.423048
2017-01-24,17.574091
2017-01-25,17.589209
2017-01-26,17.558989
2017-01-27,17.506132
2017-01-30,17.332428
2017-01-31,17.294661
2017-02-01,17.294661
2017-02-02,17.287111
2017-02-03,17.370186
2017-02-06,17.332428
2017-02-07,17.4004
2017-02-08,17.445707
2017-02-09,17.528786
2017-02-10,17.634518
2017-02-13,17.687386
2017-02-14,17.740248
2017-02-15,17.785563
2017-02-16,17.793114
2017-02-17,17.793114
2017-02-21,17.863804
2017-02-22,17.787792
2017-02-23,17.696577
2017-02-24,17.422918
2017-02-27,17.476126
2017-02-28,17.308884
2017-03-01,17.498928
2017-03-02,17.476126
2017-03-03,17.559744
2017-03-06,17.612953
2017-03-07,17.590151
2017-03-08,17.491331
2017-03-09,17.514143
2017-03-10,17.476126
2017-03-13,17.521738
2017-03-14,17.339294
2017-03-15,17.45332
2017-03-16,17.514143
2017-03-17,17.422918
2017-03-20,17.369701
2017-03-21,17.21007
2017-03-22,17.270882
2017-03-23,17.369701
2017-03-24,17.384911
2017-03-27,17.45332
2017-03-28,17.567341
2017-03-29,17.635757
2017-03-30,17.529329
2017-03-31,17.498928
2017-04-03,17.544542
2017-04-04,17.635757
2017-04-05,17.605352
2017-04-06,17.688969
2017-04-07,17.666166
2017-04-10,17.726978
2017-04-11,17.688969
2017-04-12,17.59775
2017-04-13,17.476126
2017-04-17,17.673769
2017-04-18,17.582548
2017-04-19,17.506529
2017-04-20,17.605352
2017-04-21,17.612953
2017-04-24,17.772593
2017-04-25,17.8106
2017-04-26,17.704176
2017-04-27,17.514143
2017-04-28,17.605352
2017-05-01,17.574949
2017-05-02,17.62816
2017-05-03,17.559744
2017-05-04,17.415312
2017-05-05,17.635757
2017-05-08,17.704176
2017-05-09,17.605352
2017-05-10,17.666166
2017-05-11,17.574949
2017-05-12,17.574949
2017-05-15,17.681372
2017-05-16,17.559744
2017-05-17,17.232876
2017-05-18,17.25568
2017-05-19,17.45332
2017-05-23,17.491331
2017-05-24,17.412493
2017-05-25,17.427799
2017-05-26,17.435457
2017-05-29,17.45076
2017-05-30,17.404839
2017-05-31,17.381874
2017-06-01,17.519644
2017-06-02,17.481382
2017-06-05,17.443113
2017-06-06,17.481382
2017-06-07,17.381874
2017-06-08,17.443113
2017-06-09,17.519644
2017-06-12,17.389534
2017-06-13,17.381874
2017-06-14,17.15992
2017-06-15,17.18288
2017-06-16,17.236462
2017-06-19,17.297688
2017-06-20,17.144613
2017-06-21,17.152264
2017-06-22,17.228806
2017-06-23,17.320648
2017-06-26,17.335953
2017-06-27,17.320648
2017-06-28,17.389534
2017-06-29,17.244108
2017-06-30,17.167568
2017-07-04,17.13695
2017-07-05,17.175224
2017-07-06,17.121651
2017-07-07,17.068071
2017-07-10,17.144613
2017-07-11,17.190535
2017-07-12,17.18288
2017-07-13,17.18288
2017-07-14,17.228806
2017-07-17,17.221149
2017-07-18,17.190535
2017-07-19,17.305344
2017-07-20,17.343613
2017-07-21,17.251766
2017-07-24,17.205843
2017-07-25,17.267078
2017-07-26,17.205843
2017-07-27,17.236462
2017-07-28,17.15992
2017-07-31,17.18288
2017-08-01,17.244108
2017-08-02,17.351265
2017-08-03,17.282383
2017-08-04,17.366571
2017-08-08,17.358917
2017-08-09,17.320648
2017-08-10,17.144613
2017-08-11,17.09869
2017-08-14,17.236462
2017-08-15,17.198185
2017-08-16,17.167568
2017-08-17,17.09869
2017-08-18,17.00684
2017-08-21,17.00684
2017-08-22,17.045115
2017-08-23,17.13695
2017-08-24,17.140806
2017-08-25,17.109983
2017-08-28,17.109983
2017-08-29,17.125393
2017-08-30,17.171635
2017-08-31,17.22559
2017-09-01,17.22559
2017-09-05,17.079153
2017-09-06,17.04833
2017-09-07,17.009787
2017-09-08,16.994375
2017-09-11,17.071442
2017-09-12,17.17935
2017-09-13,17.156225
2017-09-14,17.241005
2017-09-15,17.233299
2017-09-18,17.325781
2017-09-19,17.395149
2017-09-20,17.503048
2017-09-21,17.595533
2017-09-22,17.58012
2017-09-25,17.657192
2017-09-26,17.595533
2017-09-27,17.795923
2017-09-28,17.811335
2017-09-29,17.842163
2017-10-02,17.934649
2017-10-03,17.973188
2017-10-04,17.973188
2017-10-05,18.027134
2017-10-06,17.965483
2017-10-10,18.027134
2017-10-11,18.057966
2017-10-12,18.004023
2017-10-13,18.073381
2017-10-16,18.073381
2017-10-17,18.104212
2017-10-18,18.073381
2017-10-19,18.119625
2017-10-20,18.173576
2017-10-23,18.173576
2017-10-24,18.235235
2017-10-25,18.212105
2017-10-26,18.258358
2017-10-27,18.312304
2017-10-30,18.358547
2017-10-31,18.397079
2017-11-01,18.381666
2017-11-02,18.366251
2017-11-03,18.381666
2017-11-06,18.451031
2017-11-07,18.504984
2017-11-08,18.481859
2017-11-09,18.45874
2017-11-10,18.427912
2017-11-13,18.427912
2017-11-14,18.32773
2017-11-15,18.304598
2017-11-16,18.358547
2017-11-17,18.420206
2017-11-20,18.443325
2017-11-21,18.520399
2017-11-22,18.511866
2017-11-23,18.511866
2017-11-24,18.542896
2017-11-27,18.480829
2017-11-28,18.480829
2017-11-29,18.426525
2017-11-30,18.519621
2017-12-01,18.511866
2017-12-04,18.442039
2017-12-05,18.387732
2017-12-06,18.41876
2017-12-07,18.56617
2017-12-08,18.651516
2017-12-11,18.651516
2017-12-12,18.682549
2017-12-13,18.674797
2017-12-14,18.542896
2017-12-15,18.581697
2017-12-18,18.667038
2017-12-19,18.659273
2017-12-20,18.674797
2017-12-21,18.705828
2017-12-22,18.682549
2017-12-27,18.698069
2017-12-28,18.729101
2017-12-29,18.736858
2018-01-02,18.822205
2018-01-03,18.923063
2018-01-04,19.000652
2018-01-05,18.938583
2018-01-08,18.892029
2018-01-09,18.907545
2018-01-10,18.814445
2018-01-11,18.868759
2018-01-12,18.884268
2018-01-15,18.930822
2018-01-16,18.860998
2018-01-17,18.892029
2018-01-18,18.860998
2018-01-19,18.930822
2018-01-22,18.899792
2018-01-23,18.892029
2018-01-24,18.814445
2018-01-25,18.736858
2018-01-26,18.752382
2018-01-29,18.604965
2018-01-30,18.473074
2018-01-31,18.457554
2018-02-01,18.356693
2018-02-02,18.077381
2018-02-05,17.704975
2018-02-06,17.767044
2018-02-07,17.720495
2018-02-08,17.394634
2018-02-09,17.37912
2018-02-12,17.596359
2018-02-13,17.588606
2018-02-14,17.712736
2018-02-15,17.79808
2018-02-16,17.860146
2018-02-20,17.844627
2018-02-21,17.984283
2018-02-22,17.970997
2018-02-23,18.12727
2018-02-26,18.228846
2018-02-27,18.181961
2018-02-28,17.908495
2018-03-01,17.830355
2018-03-02,17.81473
2018-03-05,18.010063
2018-03-06,18.002253
2018-03-07,17.939749
2018-03-08,18.010063
2018-03-09,18.064766
2018-03-12,18.103827
2018-03-13,18.15852
2018-03-14,18.189781
2018-03-15,18.228846
2018-03-16,18.260103
2018-03-19,18.096016
2018-03-20,18.12727
2018-03-21,18.17415
2018-03-22,17.822542
2018-03-23,17.603769
2018-03-26,17.720972
2018-03-27,17.658461
2018-03-28,17.619396
2018-03-29,17.869423
2018-04-02,17.658461
2018-04-03,17.627211
2018-04-04,17.611582
2018-04-05,17.845987
2018-04-06,17.650652
2018-04-09,17.705343
2018-04-10,17.713161
2018-04-11,17.689714
2018-04-12,17.705343
2018-04-13,17.697527
2018-04-16,17.736595
2018-04-17,17.783482
2018-04-18,17.99444
2018-04-19,17.885042
2018-04-20,17.931929
2018-04-23,18.025694
2018-04-24,17.947557
2018-04-25,18.017883
2018-04-26,18.17415
2018-04-27,18.221029
2018-04-30,18.150709
2018-05-01,18.181961
2018-05-02,18.166336
2018-05-03,18.15852
2018-05-04,18.30698
2018-05-07,18.40855
2018-05-08,18.463249
2018-05-09,18.533575
2018-05-10,18.627335
2018-05-11,18.666401
2018-05-14,18.807043
2018-05-15,18.846111
2018-05-16,18.861734
2018-05-17,18.88518
2018-05-18,18.877367
2018-05-22,18.861734
2018-05-23,18.838293
2018-05-24,18.814857
2018-05-25,18.784168
2018-05-28,18.705477
2018-05-29,18.571695
2018-05-30,18.713343
2018-05-31,18.752691
2018-06-01,18.721212
2018-06-04,18.721212
2018-06-05,18.784168
2018-06-06,18.86286
2018-06-07,18.886471
2018-06-08,18.894337
2018-06-11,18.98877
2018-06-12,19.012377
2018-06-13,18.98877
2018-06-14,19.083199
2018-06-15,19.03598
2018-06-18,19.130421
2018-06-19,19.043856
2018-06-20,19.19338
2018-06-21,19.083199
2018-06-22,19.240595
2018-06-25,18.925817
2018-06-26,19.083199
2018-06-27,19.028112
2018-06-28,18.965162
2018-06-29,19.106815
2018-07-03,19.059599
2018-07-04,19.106815
2018-07-05,19.043856
2018-07-06,19.19338
2018-07-09,19.303549
2018-07-10,19.437326
2018-07-11,19.311411
2018-07-12,19.484541
2018-07-13,19.4688
2018-07-16,19.40584
2018-07-17,19.413719
2018-07-18,19.366503
2018-07-19,19.4688
2018-07-20,19.342886
2018-07-23,19.319284
2018-07-24,19.303549
2018-07-25,19.342886
2018-07-26,19.3901
2018-07-27,19.327158
2018-07-30,19.295673
2018-07-31,19.382235
2018-08-01,19.327158
2018-08-02,19.374369
2018-08-03,19.366503
2018-08-07,19.216982
2018-08-08,19.256327
2018-08-09,19.3901
2018-08-10,19.272066
2018-08-13,19.216982
2018-08-14,19.35076
2018-08-15,19.091072
2018-08-16,19.209112
2018-08-17,19.33502
2018-08-20,19.319284
2018-08-21,19.240595
2018-08-22,19.295673
2018-08-23,19.287806
2018-08-24,19.287806
2018-08-27,19.387678
2018-08-28,19.284634
2018-08-29,19.332195
2018-08-30,19.340117
2018-08-31,19.221218
2018-09-04,19.07855
2018-09-05,19.102333
2018-09-06,19.054773
2018-09-07,19.023071
2018-09-10,18.959661
2018-09-11,18.983442
2018-09-12,18.896248
2018-09-13,18.872469
2018-09-14,18.888323
2018-09-17,18.975512
2018-09-18,19.110258
2018-09-19,19.054773
2018-09-20,19.141966
2018-09-21,19.141966
2018-09-24,19.102333
2018-09-25,19.054773
2018-09-26,19.086477
2018-09-27,19.197445
2018-09-28,18.975512
2018-10-01,19.038919
2018-10-02,18.935884
2018-10-03,18.991365
2018-10-04,18.959661
2018-10-05,18.880394
2018-10-09,18.785284
2018-10-10,18.373108
2018-10-11,18.103615
2018-10-12,18.174952
2018-10-15,18.151178
2018-10-16,18.35726
2018-10-17,18.349335
2018-10-18,18.190809
2018-10-19,18.309698
2018-10-22,18.262142
2018-10-23,18.095694
2018-10-24,17.683527
2018-10-25,17.683527
2018-10-26,17.643894
2018-10-29,17.525
2018-10-30,17.754868
2018-10-31,17.865833
2018-11-01,18.008507
2018-11-02,17.992653
2018-11-05,18.095694
2018-11-06,18.190809
2018-11-07,18.277998
2018-11-08,18.309698
2018-11-09,18.230438
2018-11-12,18.127399
2018-11-13,18.119474
2018-11-14,18.135324
2018-11-15,18.151178
2018-11-16,18.151178
2018-11-19,18.095694
2018-11-20,17.849983
2018-11-21,18.127399
2018-11-22,18.103615
2018-11-23,17.98473
2018-11-26,18.04814
2018-11-27,17.982632
2018-11-28,18.246254
2018-11-29,18.302174
2018-11-30,18.286196
2018-12-03,18.382067
2018-12-04,18.150393
2018-12-05,18.350103
2018-12-06,17.998608
2018-12-07,17.806881
2018-12-10,17.74297
2018-12-11,17.65509
2018-12-12,17.798889
2018-12-13,17.774921
2018-12-14,17.639112
2018-12-17,17.375483
2018-12-18,17.43141
2018-12-19,17.24766
2018-12-20,17.071918
2018-12-21,16.840244
2018-12-24,16.624544
2018-12-27,17.11186
2018-12-28,17.175772
2018-12-31,17.271635
2019-01-02,17.279621
2019-01-03,17.103865
2019-01-04,17.375483
2019-01-07,17.455366
2019-01-08,17.583197
2019-01-09,17.822853
2019-01-10,17.926708
2019-01-11,17.974642
2019-01-14,17.998608
2019-01-15,18.110447
2019-01-16,18.174358
2019-01-17,18.326147
2019-01-18,18.469944
2019-01-21,18.477934
2019-01-22,18.382067
2019-01-23,18.374073
2019-01-24,18.445972
2019-01-25,18.525866
2019-01-28,18.517868
2019-01-29,18.685638
2019-01-30,18.661669
2019-01-31,18.733572
2019-02-01,18.653683
2019-02-04,18.77351
2019-02-05,18.893343
2019-02-06,18.901335
2019-02-07,18.893343
2019-02-08,18.789492
2019-02-11,18.7096
2019-02-12,18.789492
2019-02-13,18.765526
2019-02-14,18.885353
2019-02-15,19.05312
2019-02-19,19.164965
2019-02-20,19.30077
2019-02-21,19.26881
2019-02-22,19.259962
2019-02-25,19.316303
2019-02-26,19.316303
2019-02-27,19.348494
2019-02-28,19.235815
2019-03-01,19.332394
2019-03-04,19.316303
2019-03-05,19.364595
2019-03-06,19.380684
2019-03-07,19.364595
2019-03-08,19.27606
2019-03-11,19.41288
2019-03-12,19.437031
2019-03-13,19.461172
2019-03-14,19.404833
2019-03-15,19.477274
2019-03-18,19.622141
2019-03-19,19.549702
2019-03-20,19.493368
2019-03-21,19.573849
2019-03-22,19.380684
2019-03-25,19.340446
2019-03-26,19.453129
2019-03-27,19.445076
2019-03-28,19.525564
2019-03-29,19.445076
2019-04-01,19.606041
2019-04-02,19.654335
2019-04-03,19.67848
2019-04-04,19.718725
2019-04-05,19.807262
2019-04-08,19.8314
2019-04-09,19.742865
2019-04-10,19.815304
2019-04-11,19.855549
2019-04-12,19.968222
2019-04-15,20.032614
2019-04-16,20.048706
2019-04-17,20.088953
2019-04-18,20.169437
2019-04-22,20.137243
2019-04-23,20.282116
2019-04-24,20.161388
2019-04-25,20.145292
2019-04-26,20.21773
2019-04-29,20.201628
2019-04-30,20.185537
2019-05-01,20.097002
2019-05-02,20.016516
2019-05-03,20.129194
2019-05-06,20.129194
2019-05-07,19.968222
2019-05-08,20.024563
2019-05-09,19.903835
2019-05-10,19.855549
2019-05-13,19.686529
2019-05-14,19.807262
2019-05-15,19.871641
2019-05-16,20.032614
2019-05-17,19.98432
2019-05-21,20.000422
2019-05-22,19.895792
2019-05-23,19.718725
2019-05-24,19.799799
2019-05-27,19.937641
2019-05-28,19.840342
2019-05-29,19.702511
2019-05-30,19.645752
2019-05-31,19.564669
2019-06-03,19.51602
2019-06-04,19.702511
2019-06-05,19.77548
2019-06-06,19.807911
2019-06-07,19.816021
2019-06-10,19.807911
2019-06-11,19.824129
2019-06-12,19.807911
2019-06-13,19.816021
2019-06-14,19.913317
2019-06-17,19.953857
2019-06-18,20.140341
2019-06-19,20.156557
2019-06-20,20.221424
2019-06-21,20.124123
2019-06-24,20.140341
2019-06-25,19.953857
2019-06-26,19.87278
2019-06-27,19.897102
2019-06-28,19.986288
2019-07-02,20.10791
2019-07-03,20.261959
2019-07-04,20.261959
2019-07-05,20.205206
2019-07-08,20.116016
2019-07-09,20.253851
2019-07-10,20.237638
2019-07-11,20.237638
2019-07-12,20.140341
2019-07-15,20.156557
2019-07-16,20.156557
2019-07-17,20.10791
2019-07-18,20.132231
2019-07-19,20.10791
2019-07-22,20.164669
2019-07-23,20.237638
2019-07-24,20.294392
2019-07-25,20.132231
2019-07-26,20.197102
2019-07-29,20.132231
2019-07-30,20.083591
2019-07-31,20.043047
2019-08-01,19.986288
2019-08-02,19.832233
2019-08-06,19.653858
2019-08-07,19.840342
2019-08-08,19.994396
2019-08-09,19.929531
2019-08-12,19.807911
2019-08-13,19.97818
2019-08-14,19.605207
2019-08-15,19.580885
2019-08-16,19.767372
2019-08-19,19.953857
2019-08-20,19.799799
2019-08-21,19.937641
2019-08-22,19.888988
2019-08-23,19.605207
2019-08-26,19.736736
2019-08-27,19.802086
2019-08-28,19.900122
2019-08-29,20.07984
2019-08-30,20.137022
2019-09-03,20.071672
2019-09-04,20.120686
2019-09-05,20.308578
2019-09-06,20.267729
2019-09-09,20.226881
2019-09-10,20.275898
2019-09-11,20.382099
2019-09-12,20.463791
2019-09-13,20.520977
2019-09-16,20.56999
2019-09-17,20.684359
2019-09-18,20.651684
2019-09-19,20.733368
2019-09-20,20.766047
2019-09-23,20.717037
2019-09-24,20.627172
2019-09-25,20.610834
2019-09-26,20.643511
2019-09-27,20.545485
2019-09-30,20.545485
2019-10-01,20.251394
2019-10-02,20.055332
2019-10-03,20.128855
2019-10-04,20.235062
2019-10-07,20.177876
2019-10-08,20.022659
2019-10-09,20.169701
2019-10-10,20.235062
2019-10-11,20.226881
2019-10-15,20.251394
2019-10-16,20.243227
2019-10-17,20.235062
2019-10-18,20.186041
2019-10-21,20.243227
2019-10-22,20.210548
2019-10-23,20.137022
2019-10-24,20.177876
2019-10-25,20.218714
2019-10-28,20.226881
2019-10-29,20.275898
2019-10-30,20.390272
2019-10-31,20.333082
2019-11-01,20.480131
2019-11-04,20.56999
2019-11-05,20.58633
2019-11-06,20.651684
2019-11-07,20.741541
2019-11-08,20.839571
2019-11-11,20.847744
2019-11-12,20.896755
2019-11-13,20.97028
2019-11-14,20.962114
2019-11-15,21.043806
2019-11-18,21.043806
2019-11-19,21.035631
2019-11-20,21.011124
2019-11-21,21.019293
2019-11-22,20.94577
2019-11-25,21.05197
2019-11-26,21.054441
2019-11-27,21.136753
2019-11-28,21.144979
2019-11-29,21.070902
2019-12-02,20.98859
2019-12-03,20.865131
2019-12-04,20.856903
2019-12-05,20.766361
2019-12-06,20.980362
2019-12-09,20.914516
2019-12-10,20.922747
2019-12-11,20.922747
2019-12-12,20.980362
2019-12-13,21.013287
2019-12-16,21.079138
2019-12-17,21.087368
2019-12-18,21.029749
2019-12-19,21.070902
2019-12-20,21.112055
2019-12-23,21.128513
2019-12-24,21.186132
2019-12-27,21.161438
2019-12-30,21.087368
2019-12-31,21.037977
2020-01-02,21.095592
2020-01-03,21.037977
2020-01-06,21.120289
2020-01-07,21.161438
2020-01-08,21.202597
2020-01-09,21.293137
2020-01-10,21.276676
2020-01-13,21.383675
2020-01-14,21.433062
2020-01-15,21.498905
2020-01-16,21.605911
2020-01-17,21.704681
2020-01-20,21.762291
2020-01-21,21.729368
2020-01-22,21.762291
2020-01-23,21.81168
2020-01-24,21.770519
2020-01-27,21.614138
2020-01-28,21.72114
2020-01-29,21.688215
2020-01-30,21.688215
2020-01-31,21.465984
2020-02-03,21.515366
2020-02-04,21.704681
2020-02-05,21.877525
2020-02-06,21.98452
2020-02-07,21.869293
2020-02-10,21.992756
2020-02-11,22.025679
2020-02-12,22.116217
2020-02-13,22.116217
2020-02-14,22.149141
2020-02-18,22.140907
2020-02-19,22.223223
2020-02-20,22.223223
2020-02-21,22.099754
2020-02-24,21.746571
2020-02-25,21.274002
2020-02-26,21.141346
2020-02-27,20.801428
2020-02-28,20.295692
2020-03-02,20.594162
2020-03-03,20.378605
2020-03-04,20.851171
2020-03-05,20.569284
2020-03-06,20.121588
2020-03-09,17.974295
2020-03-10,18.620968
2020-03-11,17.791899
2020-03-12,15.611435
2020-03-13,17.261292
2020-03-16,15.553399
2020-03-17,16.050844
2020-03-18,15.039373
2020-03-19,15.511946
2020-03-20,15.080829
2020-03-23,14.342954
2020-03-24,16.100588
2020-03-25,16.66436
2020-03-26,17.012571
2020-03-27,16.11717
2020-03-30,16.705809
2020-03-31,17.120342
2020-04-01,16.473671
2020-04-02,16.73069
2020-04-03,16.589735
2020-04-06,17.385651
2020-04-07,17.377363
2020-04-08,17.725569
2020-04-09,17.999166
2020-04-13,17.858223
2020-04-14,18.09865
2020-04-15,17.742149
2020-04-16,17.626081
2020-04-17,18.247883
2020-04-20,18.264467
2020-04-21,17.692408
2020-04-22,18.140102
2020-04-23,18.073776
2020-04-24,18.322504
2020-04-27,18.529772
2020-04-28,18.720457
2020-04-29,19.284225
2020-04-30,18.71216
2020-05-01,18.521479
2020-05-04,18.720457
2020-05-05,18.803368
2020-05-06,18.844812
2020-05-07,18.828234
2020-05-08,18.994051
2020-05-11,19.226189
2020-05-12,18.936016
2020-05-13,18.488317
2020-05-14,18.521479
2020-05-15,18.645838
2020-05-19,18.877979
2020-05-20,19.027214
2020-05-21,18.869686
2020-05-22,18.925743
2020-05-25,19.13492
2020-05-26,19.25205
2020-05-27,19.419388
2020-05-28,19.402655
2020-05-29,19.243683
2020-06-01,19.344093
2020-06-02,19.586725
2020-06-03,19.795897
2020-06-04,19.703861
2020-06-05,20.130568
2020-06-08,20.222599
2020-06-09,20.063635
2020-06-10,19.913031
2020-06-11,19.126554
2020-06-12,19.377558
2020-06-15,19.503057
2020-06-16,19.745697
2020-06-17,19.611826
2020-06-18,19.687126
2020-06-19,19.653662
2020-06-22,19.703861
2020-06-23,19.745697
2020-06-24,19.41102
2020-06-25,19.636925
2020-06-26,19.302256
2020-06-29,19.603458
2020-06-30,19.703861
2020-07-02,19.829365
2020-07-03,19.795897
2020-07-06,19.896296
2020-07-07,19.787525
2020-07-08,19.829365
2020-07-09,19.787525
2020-07-10,19.979963
2020-07-13,19.896296
2020-07-14,20.23934
2020-07-15,20.406675
2020-07-16,20.36484
2020-07-17,20.498714
2020-07-20,20.548912
2020-07-21,20.515442
2020-07-22,20.515442
2020-07-23,20.306271
2020-07-24,20.289539
2020-07-27,20.490341
2020-07-28,20.440144
2020-07-29,20.682779
2020-07-30,20.691141
2020-07-31,20.515442
2020-08-04,20.74135
2020-08-05,20.908682
2020-08-06,21.000721
2020-08-07,20.975613
2020-08-10,21.042551
2020-08-11,20.967247
2020-08-12,21.05928
2020-08-13,20.967247
2020-08-14,20.983984
2020-08-17,21.134586
2020-08-18,21.109489
2020-08-19,21.050919
2020-08-20,21.092751
2020-08-21,20.983984
2020-08-24,21.151325
2020-08-25,21.167336
2020-08-26,21.369658
2020-08-27,21.302212
2020-08-28,21.243212
2020-08-31,20.97345
2020-09-01,21.150478
2020-09-02,21.234777
2020-09-03,20.931301
2020-09-04,20.619394
2020-09-08,20.467659
2020-09-09,20.855429
2020-09-10,20.57725
2020-09-11,20.653118
2020-09-14,20.796429
2020-09-15,20.880726
2020-09-16,20.669979
2020-09-17,20.61097
2020-09-18,20.543531
2020-09-21,20.341213
2020-09-22,20.551958
2020-09-23,20.231625
2020-09-24,20.324352
2020-09-25,20.526665
2020-09-28,20.754278
2020-09-29,20.695265
2020-09-30,20.551958
2020-10-01,20.61097
2020-10-02,20.644686
2020-10-05,20.922869
2020-10-06,20.695265
2020-10-07,20.97345
2020-10-08,21.108332
2020-10-09,21.099901
2020-10-13,21.015604
2020-10-14,20.939732
2020-10-15,21.015604
2020-10-16,20.922869
2020-10-19,20.728987
2020-10-20,20.678408
2020-10-21,20.568815
2020-10-22,20.669979
2020-10-23,20.737413
2020-10-26,20.459229
2020-10-27,20.34964
2020-10-28,19.843853
2020-10-29,19.928146
2020-10-30,19.835424
2020-11-02,19.911295
2020-11-03,20.214766
2020-11-04,20.307493
2020-11-05,20.644686
2020-11-06,20.619394
2020-11-09,20.906013
2020-11-10,21.175768
2020-11-11,21.394939
2020-11-12,21.142048
2020-11-13,21.243212
2020-11-16,21.529823
2020-11-17,21.61412
2020-11-18,21.538252
2020-11-19,21.588831
2020-11-20,21.715282
2020-11-23,21.824862
2020-11-24,22.061878
2020-11-25,22.11285
2020-11-26,22.121347
2020-11-27,22.1978
2020-11-30,21.942947
2020-12-01,21.985424
2020-12-02,22.11285
2020-12-03,22.121347
2020-12-04,22.282753
2020-12-07,22.367708
2020-12-08,22.47814
2020-12-09,22.427172
2020-12-10,22.444164
2020-12-11,22.384691
2020-12-14,22.155331
2020-12-15,22.299746
2020-12-16,22.384691
2020-12-17,22.495131
2020-12-18,22.34222
2020-12-21,22.325232
2020-12-22,22.384691
2020-12-23,22.410181
2020-12-24,22.461153
2020-12-29,22.359213
2020-12-30,22.325232
2020-12-31,22.146835
2021-01-04,22.274258
2021-01-05,22.486635
2021-01-06,22.707506
2021-01-07,22.979355
2021-01-08,23.013336
2021-01-11,22.91139
2021-01-12,22.953873
2021-01-13,22.902897
2021-01-14,22.93688
2021-01-15,22.902897
2021-01-18,22.93688
2021-01-19,22.902897
2021-01-20,22.945375
2021-01-21,22.817949
2021-01-22,22.724504
2021-01-25,22.800957
2021-01-26,22.605566
2021-01-27,22.146835
2021-01-28,22.512123
2021-01-29,22.104353
2021-02-01,22.45266
2021-02-02,22.766977
2021-02-03,22.809452
2021-02-04,22.987852
2021-02-05,23.098286
2021-02-08,23.327656
2021-02-09,23.412609
2021-02-10,23.480574
2021-02-11,23.480574
2021-02-12,23.574018
2021-02-16,23.599501
2021-02-17,23.497561
2021-02-18,23.395618
2021-02-19,23.531542
2021-02-22,23.577736
2021-02-23,23.475075
2021-02-24,23.663286
2021-02-25,23.34675
2021-02-26,23.072987
2021-03-01,23.449415
2021-03-02,23.629065
2021-03-03,23.492186
2021-03-04,23.286863
2021-03-05,23.637623
2021-03-08,23.731726
2021-03-09,23.868607
2021-03-10,23.996933
2021-03-11,24.17659
2021-03-12,24.193703
2021-03-15,24.322029
2021-03-16,24.236475
2021-03-17,24.381912
2021-03-18,24.26214
2021-03-19,24.227919
2021-03-22,24.202257
2021-03-23,24.073933
2021-03-24,24.056818
2021-03-25,24.082487
2021-03-26,24.202257
2021-03-29,24.18515
2021-03-30,24.18515
2021-03-31,24.125259
2021-04-01,24.493126
2021-04-05,24.544462
2021-04-06,24.604342
2021-04-07,24.689896
2021-04-08,24.758335
2021-04-09,24.792555
2021-04-12,24.801107
2021-04-13,24.766886
2021-04-14,24.758335
2021-04-15,24.929436
2021-04-16,24.963654
2021-04-19,24.766886
2021-04-20,24.527348
2021-04-21,24.672785
2021-04-22,24.518793
2021-04-23,24.612898
2021-04-26,24.681341
2021-04-27,24.698446
2021-04-28,24.972214
2021-04-29,24.852438
2021-04-30,24.681341
2021-05-03,24.758335
2021-05-04,24.783998
2021-05-05,24.955099
2021-05-06,24.929436
2021-05-07,25.151863
2021-05-10,25.023546
2021-05-11,24.937988
2021-05-12,24.775444
2021-05-13,24.869549
2021-05-14,25.151863
2021-05-17,25.2973
2021-05-18,25.305857
2021-05-19,25.21175
2021-05-20,25.391405
2021-05-21,25.371601
2021-05-25,25.423273
2021-05-26,25.664413
2021-05-27,25.724701
2021-05-28,25.7936
2021-05-31,25.612743
2021-06-01,25.965843
2021-06-02,25.922783
2021-06-03,25.905561
2021-06-04,26.026129
2021-06-07,26.026129
2021-06-08,26.04335
2021-06-09,25.957228
2021-06-10,25.983068
2021-06-11,26.120863
2021-06-14,26.189764
2021-06-15,26.32756
2021-06-16,26.32756
2021-06-17,26.284498
2021-06-18,26.095022
2021-06-21,26.29311
2021-06-22,26.344784
2021-06-23,26.258656
2021-06-24,26.336164
2021-06-25,26.379229
2021-06-28,26.250048
2021-06-29,26.310331
2021-06-30,26.29311
2021-07-02,26.362001
2021-07-05,26.44813
2021-07-06,26.49119
2021-07-07,26.508419
2021-07-08,26.189764
2021-07-09,26.439516
2021-07-12,26.430906
2021-07-13,26.517023
2021-07-14,26.336164
2021-07-15,26.430906
2021-07-16,26.163923
2021-07-19,25.862495
2021-07-20,26.112249
2021-07-21,26.301722
2021-07-22,26.310331
2021-07-23,26.473963
2021-07-26,26.387842
2021-07-27,26.405066
2021-07-28,26.44813
2021-07-29,26.54286
2021-07-30,26.517023
2021-08-03,26.637596
2021-08-04,26.603146
2021-08-05,26.680656
2021-08-06,26.844284
2021-08-09,26.801229
2021-08-10,26.887352
2021-08-11,26.93041
2021-08-12,26.895964
2021-08-13,26.895964
2021-08-16,26.870127
2021-08-17,26.732332
2021-08-18,26.654823
2021-08-19,26.551476
2021-08-20,26.723717
2021-08-23,26.852903
2021-08-24,26.921799
2021-08-25,26.968615
2021-08-26,26.847246
2021-08-27,27.003286
2021-08-30,26.942606
2021-08-31,26.855915
2021-09-01,27.037962
2021-09-02,27.202667
2021-09-03,27.202667
2021-09-07,27.202667
2021-09-08,27.141985
2021-09-09,27.081305
2021-09-10,26.959938
2021-09-13,27.02062
2021-09-14,26.873259
2021-09-15,27.055296
2021-09-16,26.942606
2021-09-17,26.760563
2021-09-20,26.361801
2021-09-21,26.483158
2021-09-22,26.699881
2021-09-23,26.795233
2021-09-24,26.717216
2021-09-27,26.812574
2021-09-28,26.474489
2021-09-29,26.474489
2021-09-30,26.335787
2021-10-01,26.457155
2021-10-04,26.353123
2021-10-05,26.517838
2021-10-06,26.569847
2021-10-07,26.847246
2021-10-08,26.881926
2021-10-12,26.873259
2021-10-13,27.072639
2021-10-14,27.341372
2021-10-15,27.532087
2021-10-18,27.636106
2021-10-19,27.757473
2021-10-20,27.878836
2021-10-21,27.922176
2021-10-22,27.939518
2021-10-25,28.017532
2021-10-26,27.852831
2021-10-27,27.592766
2021-10-28,27.922176
2021-10-29,27.774809
2021-11-01,28.008865
2021-11-02,27.930849
2021-11-03,28.043541
2021-11-04,28.199577
2021-11-05,28.303602
2021-11-08,28.38163
2021-11-09,28.468307
2021-11-10,28.303602
2021-11-11,28.424965
2021-11-12,28.763052
2021-11-15,28.650354
2021-11-16,28.676365
2021-11-17,28.607014
2021-11-18,28.659029
2021-11-19,28.546335
2021-11-22,28.372955
2021-11-23,28.465399
2021-11-24,28.604929
2021-11-25,28.718309
2021-11-26,28.038071
2021-11-29,28.090397
2021-11-30,27.497366
2021-12-01,27.218292
2021-12-02,27.663063
2021-12-03,27.497366
2021-12-06,27.79388
2021-12-07,28.177607
2021-12-08,28.081678
2021-12-09,27.907255
2021-12-10,27.907255
2021-12-13,27.671787
2021-12-14,27.636904
2021-12-15,27.79388
2021-12-16,27.758997
2021-12-17,27.706671
2021-12-20,27.462482
2021-12-21,27.959581
2021-12-22,28.151436
2021-12-23,28.360746
2021-12-24,28.378189
2021-12-29,28.54389
2021-12-30,28.474121
2021-12-31,28.360746
2022-01-04,28.378189
2022-01-05,28.160164
2022-01-06,28.22121
2022-01-07,28.26482
2022-01-10,28.273537
2022-01-11,28.53517
2022-01-12,28.683422
2022-01-13,28.561331
2022-01-14,28.674706
2022-01-17,28.910164
2022-01-18,28.570053
2022-01-19,28.430513
2022-01-20,28.247374
2022-01-21,27.645624
2022-01-24,27.584572
2022-01-25,27.636904
2022-01-26,27.654345
2022-01-27,27.610739
2022-01-28,27.837486
2022-01-31,28.290977
2022-02-01,28.578773
2022-02-02,28.692146
2022-02-03,28.308416
2022-02-04,28.570053
2022-02-07,28.500284
2022-02-08,28.683422
2022-02-09,28.9625
2022-02-10,28.866564
2022-02-11,28.875286
2022-02-14,28.622374
2022-02-15,28.805521
2022-02-16,28.622374
2022-02-17,28.325863
2022-02-18,28.151436
2022-02-22,28.0268
2022-02-23,27.781027
2022-02-24,27.807362
2022-02-25,28.29891
2022-02-28,28.272573
2022-03-01,28.061911
2022-03-02,28.44813
2022-03-03,28.500795
2022-03-04,28.737789
2022-03-07,28.614897
2022-03-08,28.44813
2022-03-09,28.816784
2022-03-10,28.913332
2022-03-11,28.772898
2022-03-14,28.500795
2022-03-15,28.48324
2022-03-16,28.834339
2022-03-17,29.220551
2022-03-18,29.290771
2022-03-21,29.545322
2022-03-22,29.633097
2022-03-23,29.369766
2022-03-24,29.404881
2022-03-25,29.518986
2022-03-28,29.518986
2022-03-29,29.615543
2022-03-30,29.606766
2022-03-31,29.387325
2022-04-01,29.439993
2022-04-04,29.659428
2022-04-05,29.518986
2022-04-06,29.334658
2022-04-07,29.378551
2022-04-08,29.41366
2022-04-11,29.334658
2022-04-12,29.211777
2022-04-13,29.299555
2022-04-14,29.343439
2022-04-18,29.343439
2022-04-19,29.57165
2022-04-20,29.510208
2022-04-21,29.088892
2022-04-22,28.509571
2022-04-25,28.255018
2022-04-26,27.842472
2022-04-27,27.912693
2022-04-28,28.40424
2022-04-29,27.912693
2022-05-02,27.895136
2022-05-03,28.17602
2022-05-04,28.509571
2022-05-05,27.88636
2022-05-06,27.807362
2022-05-09,27.026157
2022-05-10,26.885715
2022-05-11,26.833057
2022-05-12,26.710169
2022-05-13,27.166601
2022-05-16,27.280706
2022-05-17,27.623037
2022-05-18,27.105154
2022-05-19,27.166601
2022-05-20,27.219267
2022-05-24,27.379278
2022-05-25,27.485367
2022-05-26,27.653339
2022-05-27,27.971596
2022-05-30,28.174931
2022-05-31,27.945078
2022-06-01,27.927399
2022-06-02,28.342907
2022-06-03,28.015804
2022-06-06,28.042324
2022-06-07,28.16609
2022-06-08,27.962755
2022-06-09,27.679859
2022-06-10,27.264353
2022-06-13,26.64551
2022-06-14,26.442181
2022-06-15,26.477541
2022-06-16,25.699566
2022-06-17,25.646532
2022-06-20,26.008991
2022-06-21,26.070877
2022-06-22,25.787975
2022-06-23,25.443193
2022-06-24,25.88522
2022-06-27,26.132755
2022-06-28,26.044348
2022-06-29,25.920582
2022-06-30,25.646532
2022-07-04,25.849859
2022-07-05,25.664207
2022-07-06,25.513916
2022-07-07,25.911743
2022-07-08,25.867538
2022-07-11,25.602322
2022-07-12,25.42551
2022-07-13,25.345947
2022-07-14,24.903915
2022-07-15,24.983479
2022-07-18,25.204494
2022-07-19,25.646532
2022-07-20,25.743776
2022-07-21,25.823339
2022-07-22,25.726089
2022-07-25,25.911743
2022-07-26,25.726089
2022-07-27,26.106237
2022-07-28,26.32725
2022-07-29,26.636671
2022-08-02,26.397982
2022-08-03,26.468699
2022-08-04,26.548265
2022-08-05,26.583626
2022-08-08,26.574785
2022-08-09,26.468699
2022-08-10,26.893047
2022-08-11,27.043337
2022-08-12,27.326237
2022-08-15,27.352757
2022-08-16,27.494207
2022-08-17,27.396959
2022-08-18,27.511887
2022-08-19,27.326237
2022-08-22,27.175941
2022-08-23,27.122906
2022-08-24,27.105215
2022-08-25,27.336819
2022-08-26,26.953796
2022-08-29,26.900349
2022-08-30,26.463888
2022-08-31,26.196663
2022-09-01,26.009609
2022-09-02,26.178854
2022-09-06,25.929441
2022-09-07,26.143223
2022-09-08,26.392628
2022-09-09,26.900349
2022-09-12,27.158665
2022-09-13,26.686569
2022-09-14,26.793459
2022-09-15,26.606403
2022-09-16,26.383722
2022-09-19,26.633133
2022-09-20,26.401533
2022-09-21,26.116495
2022-09-22,25.938353
2022-09-23,25.279203
2022-09-26,25.101057
2022-09-27,25.065424
2022-09-28,25.492981
2022-09-29,25.21685
2022-09-30,25.190128
2022-10-03,25.751291
2022-10-04,26.419352
2022-10-05,26.205574
2022-10-06,25.840372
2022-10-07,25.34156
2022-10-11,24.842739
2022-10-12,24.807114
2022-10-13,25.403904
2022-10-14,25.029795
2022-10-17,25.421721
2022-10-18,25.680038
2022-10-19,25.546427
2022-10-20,25.412815
2022-10-21,25.813648
2022-10-24,25.86709
2022-10-25,26.09868
2022-10-26,26.33918
2022-10-27,26.481703
2022-10-28,26.650942
2022-10-31,26.597506
2022-11-01,26.704386
2022-11-02,26.428259
2022-11-03,26.374815
2022-11-04,26.633133
2022-11-07,26.722202
2022-11-08,26.891443
2022-11-09,26.499519
2022-11-10,27.381351
2022-11-11,27.497147
2022-11-14,27.283367
2022-11-15,27.390257
2022-11-16,27.390257
2022-11-17,27.319
2022-11-18,27.452612
2022-11-21,27.457996
2022-11-22,27.781137
2022-11-23,27.870895
2022-11-24,27.933731
2022-11-25,27.996563
2022-11-28,27.808064
2022-11-29,27.870895
2022-11-30,28.059397
2022-12-01,28.140184
2022-12-02,28.077351
2022-12-05,27.790106
2022-12-06,27.457996
2022-12-07,27.413116
2022-12-08,27.413116
2022-12-09,27.395164
2022-12-12,27.457996
2022-12-13,27.413116
2022-12-14,27.233593
2022-12-15,26.847618
2022-12-16,26.605259
2022-12-19,26.335978
2022-12-20,26.479595
2022-12-21,26.820688
2022-12-22,26.524477
2022-12-23,26.739902
2022-12-28,26.443686
2022-12-29,26.739902
2022-12-30,26.560381
2023-01-03,26.686047
2023-01-04,26.865568
2023-01-05,26.775808
2023-01-06,27.206665
2023-01-09,27.251545
2023-01-10,27.269495
2023-01-11,27.422089
2023-01-12,27.655468
2023-01-13,27.897829
2023-01-16,27.942703
2023-01-17,28.041447
2023-01-18,27.924753
2023-01-19,27.897829
2023-01-20,28.113253
2023-01-23,28.274826
2023-01-24,28.274826
2023-01-25,28.25687
2023-01-26,28.400486
2023-01-27,28.41844
2023-01-30,28.238918
2023-01-31,28.526152
2023-02-01,28.463326
2023-02-02,28.454346
2023-02-03,28.508204
2023-02-06,28.346634
2023-02-07,28.44537
2023-02-08,28.373558
2023-02-09,28.2838
2023-02-10,28.355612
2023-02-13,28.472298
2023-02-14,28.481274
2023-02-15,28.508204
2023-02-16,28.310728
2023-02-17,28.176085
2023-02-21,27.861923
2023-02-22,27.761448
2023-02-23,27.734293
2023-02-24,27.779556
2023-02-27,27.851967
2023-02-28,27.770498
2023-03-01,27.815754
2023-03-02,27.94248
2023-03-03,28.268341
2023-03-06,28.195927
2023-03-07,27.842913
2023-03-08,27.94248
2023-03-09,27.598518
2023-03-10,27.191191
2023-03-13,26.910591
2023-03-14,27.046366
2023-03-15,26.63904
2023-03-16,26.883436
2023-03-17,26.648096
2023-03-20,26.829124
2023-03-21,27.037313
2023-03-22,26.838181
2023-03-23,26.729557
2023-03-24,26.811024
2023-03-27,27.001108
2023-03-28,27.028267
2023-03-29,27.281708
2023-03-30,27.435587
2023-03-31,27.625673
2023-04-03,27.94248
2023-04-04,27.978687
2023-04-05,27.842913
2023-04-06,27.906273
2023-04-10,27.978687
2023-04-11,28.195927
2023-04-12,28.241184
2023-04-13,28.395063
2023-04-14,28.431267
2023-04-17,28.539888
2023-04-18,28.594204
2023-04-19,28.603251
2023-04-20,28.548943
2023-04-21,28.639458
2023-04-24,28.639458
2023-04-25,28.295498
2023-04-26,28.223082
2023-04-27,28.467474
2023-04-28,28.612301
2023-05-01,28.576097
2023-05-02,28.268341
2023-05-03,28.204979
2023-05-04,28.078257
2023-05-05,28.485579
2023-05-08,28.548943
2023-05-09,28.503679
2023-05-10,28.422216
2023-05-11,28.331703
2023-05-12,28.35886
2023-05-15,28.530836
2023-05-16,28.078257
2023-05-17,28.132565
2023-05-18,28.123514
2023-05-19,28.204979
2023-05-23,27.870068
2023-05-24,27.602621
2023-05-25,27.374426
2023-05-26,27.593491
2023-05-29,27.639133
2023-05-30,27.337917
2023-05-31,27.091463
2023-06-01,27.210123
2023-06-02,27.712152
2023-06-05,27.584364
2023-06-06,27.73954
2023-06-07,27.630007
2023-06-08,27.61175
2023-06-09,27.556982
2023-06-12,27.593491
2023-06-13,27.703024
2023-06-14,27.776052
2023-06-15,27.812559
2023-06-16,27.730408
2023-06-19,27.666513
2023-06-20,27.420063
2023-06-21,27.365295
2023-06-22,27.200993
2023-06-23,27.000181
2023-06-26,27.246635
2023-06-27,27.456575
2023-06-28,27.575239
2023-06-29,27.721281
2023-06-30,28.049885
2023-07-04,28.122908
2023-07-05,27.976862
2023-07-06,27.547853
2023-07-07,27.566111
2023-07-10,27.511339
2023-07-11,27.575239
2023-07-12,27.830816
2023-07-13,28.159422
2023-07-14,28.168545
2023-07-17,28.095528
2023-07-18,28.268955
2023-07-19,28.415003
2023-07-20,28.36936
2023-07-21,28.542791
2023-07-24,28.606688
2023-07-25,28.542791
2023-07-26,28.551916
2023-07-27,28.332848
2023-07-28,28.506277
2023-07-31,28.652323
2023-08-01,28.515408
2023-08-02,28.06814
2023-08-03,27.885584
2023-08-04,28.049885
2023-08-08,28.00425
2023-08-09,28.141165
2023-08-10,28.259825
2023-08-11,28.341976
2023-08-14,28.186802
2023-08-15,27.620878
2023-08-16,27.630007
2023-08-17,27.511339
2023-08-18,27.52047
2023-08-21,27.483959
2023-08-22,27.319658
2023-08-23,27.593491
2023-08-24,27.456575
2023-08-25,27.5348
2023-08-28,27.792479
2023-08-29,28.178995
2023-08-30,28.271021
2023-08-31,28.243418
2023-09-01,28.602325
2023-09-05,28.399862
2023-09-06,28.123777
2023-09-07,28.031752
2023-09-08,27.939724
2023-09-11,28.105375
2023-09-12,28.160591
2023-09-13,28.280228
2023-09-14,28.712761
2023-09-15,28.758772
2023-09-18,28.583918
2023-09-19,28.225008
2023-09-20,28.225008
2023-09-21,27.61763
2023-09-22,27.580814
2023-09-25,27.626829
2023-09-26,27.304729
2023-09-27,27.148283
2023-09-28,27.387558
2023-09-29,27.332338
2023-10-02,26.844589
2023-10-03,26.605314
2023-10-04,26.64213
2023-10-05,26.798573
2023-10-06,26.918211
2023-10-10,27.304729
2023-10-11,27.544003
2023-10-12,27.359945
2023-10-13,27.286324
2023-10-16,27.525597
2023-10-17,27.626829
2023-10-18,27.286324
2023-10-19,27.129879
2023-10-20,26.807774
2023-10-23,26.724953
2023-10-24,26.632925
2023-10-25,26.596113
2023-10-26,26.48568
2023-10-27,26.274014
2023-10-30,26.439659
2023-10-31,26.467272
2023-11-01,26.761763
2023-11-02,27.599222
2023-11-03,27.820086
2023-11-06,27.718855
2023-11-07,27.516394
2023-11-08,27.470383
2023-11-09,27.580814
2023-11-10,27.663639
2023-11-13,27.783278
2023-11-14,28.188196
2023-11-15,28.252615
2023-11-16,28.271021
2023-11-17,28.482685
2023-11-20,28.556313
2023-11-21,28.363323
2023-11-22,28.372604
2023-11-23,28.354046
2023-11-24,28.335493
2023-11-27,28.224154
2023-11-28,28.233435
2023-11-29,28.363323
2023-11-30,28.548889
2023-12-01,28.827234
2023-12-04,28.808676
2023-12-05,28.827234
2023-12-06,28.660227
2023-12-07,28.650944
2023-12-08,28.734449
2023-12-11,28.780846
2023-12-12,28.678783
2023-12-13,29.198359
2023-12-14,29.411758
2023-12-15,29.031355
2023-12-18,29.189081
2023-12-19,29.485983
2023-12-20,29.151968
2023-12-21,29.393204
2023-12-22,29.532375
2023-12-27,29.745771
2023-12-28,29.65299
2023-12-29,29.708656
2024-01-02,29.625154
2024-01-03,29.588039
2024-01-04,29.65299
2024-01-05,29.736492
2024-01-08,29.922054
2024-01-09,29.782883
2024-01-10,29.810719
2024-01-11,29.699381
2024-01-12,29.764332
2024-01-15,29.84783
2024-01-16,29.708656
2024-01-17,29.374647
2024-01-18,29.458149
2024-01-19,29.680822
2024-01-22,29.671545
2024-01-23,29.801441
2024-01-24,29.829275
2024-01-25,29.931335
2024-01-26,29.949888
2024-01-29,30.107622
2024-01-30,30.144733
2024-01-31,29.857111
2024-02-01,29.949888
2024-02-02,29.931335
2024-02-05,29.643711
2024-02-06,29.755049
2024-02-07,29.773605
2024-02-08,29.773605
2024-02-09,29.884939
2024-02-12,29.940611
2024-02-13,29.244751
2024-02-14,29.717937
2024-02-15,30.181837
2024-02-16,30.228237
2024-02-20,30.218954
2024-02-21,30.126179
2024-02-22,30.358133
2024-02-23,30.530184
2024-02-26,30.37122
2024-02-27,30.315117
2024-02-28,30.240313
2024-02-29,30.427322
2024-03-01,30.689146
2024-03-04,30.614344
2024-03-05,30.661097
2024-03-06,30.726549
2024-03-07,31.01642
2024-03-08,30.960318
2024-03-11,31.007076
2024-03-12,31.128633
2024-03-13,31.324997
2024-03-14,31.128633
2024-03-15,31.128633
2024-03-18,31.100582
2024-03-19,31.128633
2024-03-20,31.390453
2024-03-21,31.446554
2024-03-22,31.287586
2024-03-25,31.250191
2024-03-26,31.184732
2024-03-27,31.483955
2024-03-28,31.558767
2024-04-01,31.586821
2024-04-02,31.381105
2024-04-03,31.409149
2024-04-04,31.296951
2024-04-05,31.605515
2024-04-08,31.605515
2024-04-09,31.745783
2024-04-10,31.512012
2024-04-11,31.362396
2024-04-12,31.081881
2024-04-15,30.866806
2024-04-16,30.698498
2024-04-17,30.726549
2024-04-18,30.801357
2024-04-19,30.988371
2024-04-22,31.109928
2024-04-23,31.306293
2024-04-24,31.09123
2024-04-25,31.100582
2024-04-26,31.222141
2024-04-29,31.240839
2024-04-30,30.876162
2024-05-01,30.885517
2024-05-02,31.025776
2024-05-03,31.212786
2024-05-06,31.661625
2024-05-07,31.699026
2024-05-08,31.633577
2024-05-09,31.801884
2024-05-10,31.717728
2024-05-13,31.624224
2024-05-14,31.614874
2024-05-15,31.642925
2024-05-16,31.661625
2024-05-17,31.89539
2024-05-21,31.89539
2024-05-22,31.771961
2024-05-23,31.574095
2024-05-24,31.724848
2024-05-27,31.753122
2024-05-28,31.583515
2024-05-29,31.055866
2024-05-30,31.366802
2024-05-31,31.68716
2024-06-03,31.470444
2024-06-04,31.300848
2024-06-05,31.498713
2024-06-06,31.592939
2024-06-07,31.319693
2024-06-10,31.376223
2024-06-11,31.121824
2024-06-12,31.216045
2024-06-13,30.829735
2024-06-14,30.763775
2024-06-17,30.716665
2024-06-18,30.726086
2024-06-19,30.584755
2024-06-20,30.688396
2024-06-21,30.66955
2024-06-24,31.093555
2024-06-25,31.018173
2024-06-26,31.018173
2024-06-27,31.225466
2024-06-28,31.131248
2024-07-02,31.225466
2024-07-03,31.65889
2024-07-04,31.649473
2024-07-05,31.423336
2024-07-08,31.470444
2024-07-09,31.385649
2024-07-10,31.856764
2024-07-11,32.082897
2024-07-12,32.271347
2024-07-15,32.384407
2024-07-16,32.72361
2024-07-17,32.563435
2024-07-18,32.393833
2024-07-19,32.365562
2024-07-22,32.619961
2024-07-23,32.497486
2024-07-24,32.280762
2024-07-25,32.271347
2024-07-26,32.554008
2024-07-29,32.516319
2024-07-30,32.619961
2024-07-31,33.006279
2024-08-01,32.469208
2024-08-02,31.800228
2024-08-06,31.43276
2024-08-07,31.385649
2024-08-08,31.894451
2024-08-09,32.016941
2024-08-12,32.111164
2024-08-13,32.412674
2024-08-14,32.61055
2024-08-15,33.043972
2024-08-16,33.072231
2024-08-19,33.157036
2024-08-20,33.034546
2024-08-21,33.138187
2024-08-22,33.053391
2024-08-23,33.373753
2024-08-26,33.467968
2024-08-27,33.331272
2024-08-28,33.198364
2024-08-29,33.350262
2024-08-30,33.521141
2024-09-03,33.217346
2024-09-04,33.217346
2024-09-05,33.15089
2024-09-06,32.894573
2024-09-09,33.312283
2024-09-10,33.207851
2024-09-11,33.502151
2024-09-12,33.853405
2024-09-13,33.967323
2024-09-16,34.176174
2024-09-17,34.090736
2024-09-18,33.967323
2024-09-19,34.356556
2024-09-20,34.366051
2024-09-23,34.432495
2024-09-24,34.441998
2024-09-25,34.375538
2024-09-26,34.555916
2024-09-27,34.517944
2024-09-30,34.546417
2024-10-01,34.574902
2024-10-02,34.565411
2024-10-03,34.47047
2024-10-04,34.745785
2024-10-07,34.679325
2024-10-08,34.660339
2024-10-09,34.88818
2024-10-10,34.973625
2024-10-11,35.220448
2024-10-15,35.172985
2024-10-16,35.36285
2024-10-17,35.581203
2024-10-18,35.742588
2024-10-21,35.581203
2024-10-22,35.53373
2024-10-23,35.372341
2024-10-24,35.343864
2024-10-25,35.21096
2024-10-28,35.400826
2024-10-29,35.353363
2024-10-30,35.296398
2024-10-31,34.812233
2024-11-01,34.907166
2024-11-04,34.916668
2024-11-05,35.116024
2024-11-06,35.505257
2024-11-07,35.771069
2024-11-08,35.704613
2024-11-11,35.790054
2024-11-12,36.046379
2024-11-13,36.198269
2024-11-14,36.264725
2024-11-15,36.046379
2024-11-18,36.112827
2024-11-19,36.141308
2024-11-20,36.141308
2024-11-21,36.663017
2024-11-22,36.768318
2024-11-25,36.730026
2024-11-26,36.758743
2024-11-27,36.892761
2024-11-28,36.998058
2024-11-29,37.122498
2024-12-02,37.074642
2024-12-03,37.084213
2024-12-04,37.084213
2024-12-05,37.141644
2024-12-06,37.179935
2024-12-09,37.084213
2024-12-10,36.940624
2024-12-11,37.170368
2024-12-12,36.797035
2024-12-13,36.634304
2024-12-16,36.471565
2024-12-17,36.461994
2024-12-18,35.638752
2024-12-19,35.418575
2024-12-20,35.667469
2024-12-23,35.897213
2024-12-24,36.012081
2024-12-27,35.964218
2024-12-30,35.705757
2024-12-31,35.868492
2025-01-02,36.088661
2025-01-03,36.347115
2025-01-06,36.270538
2025-01-07,36.165245
2025-01-08,36.404552
2025-01-09,36.423702
2025-01-10,35.906776
2025-01-13,35.648319
2025-01-14,35.67704
2025-01-15,35.992935
2025-01-16,36.098236
2025-01-17,36.452423
2025-01-20,36.548145
2025-01-21,36.758743
2025-01-22,36.768318
2025-01-23,36.988483
2025-01-24,37.045918
2025-01-27,36.978912
2025-01-28,37.189507
2025-01-29,37.275658
2025-01-30,37.744717
2025-01-31,37.371391
2025-02-03,36.911903
2025-02-04,36.864044
2025-02-05,37.26609
2025-02-06,37.227795
2025-02-07,37.084213
2025-02-10,37.400108
2025-02-11,37.438396
2025-02-12,37.285233
2025-02-13,37.524551
2025-02-14,37.208652
2025-02-18,37.457539
2025-02-19,37.380962
2025-02-20,37.227795
2025-02-21,36.749168
2025-02-24,36.749168
2025-02-25,36.86005
2025-02-26,37.023964
2025-02-27,36.763638
2025-02-28,37.207146
2025-03-03,36.667217
2025-03-04,35.982658
2025-03-05,36.387611
2025-03-06,35.992298
2025-03-07,36.262268
2025-03-10,35.770542
2025-03-11,35.462009
2025-03-12,35.693405
2025-03-13,35.33667
2025-03-14,35.905525
2025-03-17,36.204418
2025-03-18,36.079075
2025-03-19,36.619011
2025-03-20,36.59008
2025-03-21,36.493664
2025-03-24,37.023964
2025-03-25,37.052887
2025-03-26,36.792557
2025-03-27,36.792557
2025-03-28,36.204418
2025-03-31,36.512947
2025-04-01,36.667217
2025-04-02,37.08181
2025-04-03,35.683769
2025-04-04,34.083252
2025-04-07,33.60117
2025-04-08,33.080517
2025-04-09,34.787094
2025-04-10,33.774719
2025-04-11,34.584618
2025-04-14,34.960644
2025-04-15,35.269176
2025-04-16,35.249893
2025-04-17,35.40416
2025-04-21,35.172756
2025-04-22,35.693405
2025-04-23,35.905525
2025-04-24,36.271908
2025-04-25,36.271908
2025-04-28,36.426174
2025-04-29,36.570797
2025-04-30,36.484024
2025-05-01,36.484024
2025-05-02,36.821484
2025-05-05,36.725071
2025-05-06,36.657578
2025-05-07,36.9179
2025-05-08,37.08181
2025-05-09,37.168583
2025-05-12,37.506042
2025-05-13,37.602459
2025-05-14,37.737438
2025-05-15,38.084541
2025-05-16,38.180958
2025-05-20,38.267731
2025-05-21,37.882065
2025-05-22,37.951969
2025-05-23,37.922848
2025-05-26,38.204399
2025-05-27,38.505375
2025-05-28,38.524796
2025-05-29,38.427708
2025-05-30,38.379158
2025-06-02,38.718975
2025-06-03,38.680134
2025-06-04,38.515087
2025-06-05,38.515087
2025-06-06,38.660717
2025-06-09,38.5345
2025-06-10,38.6413
2025-06-11,38.796638
2025-06-12,38.87431
2025-06-13,38.718975
2025-06-16,38.83548
2025-06-17,38.748093
2025-06-18,38.767513
2025-06-19,38.689842
2025-06-20,38.670425
2025-06-23,38.854897
2025-06-24,39.068489
2025-06-25,38.796638
2025-06-26,39.058781
2025-06-27,39.010239
2025-06-30,39.233536
2025-07-02,39.262669
2025-07-03,39.534519
2025-07-04,39.534519
2025-07-07,39.476257
2025-07-08,39.311214
2025-07-09,39.39859
2025-07-10,39.592766
2025-07-11,39.466553
2025-07-14,39.7384
2025-07-15,39.48597
2025-07-16,39.69957
2025-07-17,40.117046
2025-07-18,39.961704
2025-07-21,39.932583
2025-07-22,40.010242
2025-07-23,40.068504
2025-07-24,40.019958
2025-07-25,40.214134
2025-07-28,40.09763
2025-07-29,40.233555
2025-07-30,40.029667
2025-07-31,39.90345
2025-08-01,39.505386
2025-08-05,40.291805
2025-08-06,40.922882
2025-08-07,40.602489
2025-08-08,40.602489
2025-08-11,40.641331
2025-08-12,40.777248
2025-08-13,40.884048
2025-08-14,40.767544
2025-08-15,40.748127
2025-08-18,40.738415
2025-08-19,40.70929
2025-08-20,40.806374
2025-08-21,41.010262
2025-08-22,41.388908
2025-08-25,41.12677
2025-08-26,41.427776
2025-08-27,41.603691
2025-08-28,41.554825
2025-08-29,41.789375
2025-09-02,41.818699
2025-09-03,42.023926
2025-09-04,42.2878
2025-09-05,42.424629
2025-09-08,42.375759
2025-09-09,42.434395
2025-09-10,42.541901
2025-09-11,42.883957
2025-09-12,42.678719
2025-09-15,42.913277
2025-09-16,42.786228
2025-09-17,42.825317
2025-09-18,43.030552
2025-09-19,43.460567
2025-09-22,43.685345
2025-09-23,43.489883
2025-09-24,43.43124
2025-09-25,43.343285
2025-09-26,43.333511
2025-09-29,43.665794
2025-09-30,43.753757
2025-10-01,43.841709
2025-10-02,43.910122
2025-10-03,44.457413
2025-10-06,44.486729
2025-10-07,44.242405
2025-10-08,44.310818
2025-10-09,44.056717
2025-10-10,43.441021
2025-10-14,44.105579
2025-10-15,44.457413
2025-10-16,44.144672
2025-10-17,43.792843
2025-10-20,44.232628
2025-10-21,43.626705
2025-10-22,43.74398
2025-10-23,44.007854
2025-10-24,44.252174
2025-10-27,44.261948
2025-10-28,44.428089
2025-10-29,43.939438
2025-10-30,43.988304
2025-10-31,44.115353
2025-11-03,44.173996
2025-11-04,43.50943
2025-11-05,43.968761
2025-11-06,43.626705
2025-11-07,43.656021
2025-11-10,44.203312
2025-11-11,44.408546
2025-11-12,44.946064
2025-11-13,44.154449
2025-11-14,44.281498
2025-11-17,43.910122
2025-11-18,43.871029
2025-11-19,44.146515
2025-11-20,43.792316
2025-11-21,44.107162
2025-11-24,44.638451
2025-11-25,45.120552
2025-11-26,45.474751
2025-11-27,45.514099
2025-11-28,45.681362
2025-12-01,45.258293
2025-12-02,45.258293
2025-12-03,45.425549
2025-12-04,45.90765
2025-12-05,45.67152
2025-12-08,45.405876
2025-12-09,45.464909
2025-12-10,45.819103
2025-12-11,46.045399
2025-12-12,45.94701
2025-12-15,45.897816
2025-12-16,45.563297
2025-12-17,45.563297
2025-12-18,45.917492
2025-12-19,46.301201
2025-12-22,46.527493
2025-12-23,46.616043
2025-12-24,46.596367
2025-12-29,46.507816
2025-12-30,46.458622
2025-12-31,46.232334
2026-01-02,46.488136
2026-01-05,46.94072
2026-01-06,47.137497
2026-01-07,46.724274
2026-01-08,47.147335
2026-01-09,47.442501
2026-01-12,47.698307
2026-01-13,47.727818
2026-01-14,47.747498
2026-01-15,47.904919
2026-01-16,47.855724
2026-01-19,47.865566
2026-01-20,47.186691
2026-01-21,47.353951
2026-01-22,47.472019
2026-01-23,47.599918
2026-01-26,47.5704
2026-01-27,47.481853
2026-01-28,47.521206
2026-01-29,47.481853
2026-01-30,46.143784
2026-02-02,46.566853
2026-02-03,46.645557
2026-02-04,46.901367
2026-02-05,46.330715
2026-02-06,46.881687
2026-02-09,47.619598
2026-02-10,47.993469
2026-02-11,47.865566
2026-02-12,47.019432
2026-02-13,47.747498
2026-02-17,47.599918
2026-02-18,48.288635
2026-02-19,48.505085
2026-02-20,48.770733
2026-02-23,48.613312
2026-02-24,48.798336
2026-02-25,49.105057
2026-02-26,49.500824
2026-02-27,49.184208
2026-03-02,49.530506
2026-03-03,48.640026
2026-03-04,48.897278
2026-03-05,48.531193
2026-03-06,47.769333
2026-03-09,47.94743
2026-03-10,48.03648
2026-03-11,47.858379
2026-03-12,47.521976
2026-03-13,47.195473
2026-03-16,47.759438
2026-03-17,47.858379
2026-03-18,47.037163
2026-03-19,46.522659
2026-03-20,45.741016
2026-03-23,46.552341
2026-03-24,46.572132
2026-03-25,47.165787
2026-03-26,46.552341
2026-03-27,46.54245
2026-03-30,46.572132
2026-03-31,47.640713
2026-04-01,47.868279
2026-04-02,48.115635
2026-04-06,48.224468
2026-04-07,48.333305
2026-04-08,48.887383
2026-04-09,48.640026
2026-04-10,48.956642
2026-04-13,49.223785
2026-04-14,49.520611
2026-04-15,49.688816
2026-04-16,49.540401
2026-04-17,49.955959
2026-04-20,49.975746
2026-04-21,49.352413
2026-04-22,49.461246
2026-04-23,49.471142
2026-04-24,49.44146
2026-04-27,49.283154
2026-04-28,49.055584
2026-04-29,48.659813
2026-04-30,49.65913
2026-05-01,49.520611
2026-05-04,49.213894
2026-05-05,49.075371
2026-05-06,49.461246
2026-05-07,49.203999
2026-05-08,49.560188
2026-05-11,49.530506
2026-05-12,49.72839
2026-05-13,49.322727
2026-05-14,49.777866
2026-05-15,49.293045
2026-05-19,49.411774
2026-05-20,50.04501
2026-05-21,50.454853
2026-05-22,50.514538
2026-05-25,50.982082
2026-05-26,50.623962
2026-05-27,50.375271
2026-05-28,50.38522
2026-05-29,50.59412
2026-06-01,50.693596
2026-06-02,51.370041
2026-06-03,50.922394
2026-06-04,51.578941
2026-06-05,50.584171
2026-06-08,50.713493
2026-06-09,50.703545
2026-06-10,50.454853
2026-06-11,51.16114
2026-06-12,51.479465
2026-06-15,51.837585
2026-06-16,51.99675
2026-06-17,51.678421
2026-06-18,51.459572
2026-06-19,51.290462
2026-06-22,51.568996
2026-06-23,51.648579
2026-06-24,51.469521
2026-06-25,51.63863
2026-06-26,51.68837
2026-06-29,51.479465
2026-06-30,51.539154
2026-07-02,51.678421
2026-07-03,52.006695
2026-07-06,52.006695
2026-07-07,52.285233
2026-07-08,51.787849
2026-07-09,52.145962
2026-07-10,52.414551
2026-07-13,52.464294
2026-07-14,52.51403
2026-07-15,52.693092
2026-07-16,52.703037
2026-07-17,52.553822
2026-07-20,52.026592
2026-07-21,52.474239
2026-07-22,52.553822
2026-07-23,52.155914
2026-07-24,52.464294
2026-07-27,52.87215
2026-07-28,53.289951
2026-07-29,52.633404
2026-07-30,52.862202
2026-07-31,52.484184
2026-08-04,53.130791
2026-08-05,53.658016
2026-08-06,53.677914
2026-08-07,53.856972
2026-08-10,53.986294
2026-08-11,53.996239
2026-08-12,54.294674
2026-08-13,54.593105
2026-08-14,54.533417
2026-08-17,54.39415
2026-08-18,53.996239
2026-08-19,53.837078
2026-08-20,53.697807
2026-08-21,54.075825
2026-08-24,54.185249
2026-08-25,54.613003
2026-08-26,54.41
2026-08-27,54.330002
2026-08-28,54.049999
2026-08-31,53.650002
2026-09-01,53.130001
2026-09-02,53.470001
2026-09-03,54.310001
2026-09-04,54.110001
2026-09-08,53.43
2026-09-09,53
2026-09-10,52.560001
2026-09-11,52.919998
2026-09-14,53.029999
2026-09-15,52.91
2026-09-16,52.799999
2026-09-17,53.23
2026-09-18,53.040001
2026-09-21,53.41
2026-09-22,53.779999
2026-09-23,52.950001
2026-09-24,52.950001
2026-09-25,53.080002
